	family	subtree_id	inferred-true-rf	inferred-init-rf	init-true-rf
0	PF00004	16386	0.0	0.0	0.0
1	PF00004	16389	0.0	1.0	1.0
2	PF00004	16390	0.0	0.5	0.5
3	PF00004	10	0.0	0.0	0.0
4	PF00004	8203	0.0	0.0	0.0
5	PF00004	12	0.0	0.0	0.0
6	PF00004	16394	0.0	1.0	1.0
7	PF00004	14	0.0	0.5	0.5
8	PF00004	8209	0.0	0.0	0.0
9	PF00004	16406	0.0	1.0	1.0
10	PF00004	8227	0.0	0.5	0.5
11	PF00004	8229	0.0	0.0	0.0
12	PF00004	8231	0.0	1.0	1.0
13	PF00004	16423	0.0	0.5	0.5
14	PF00004	8235	0.0	0.5	0.5
15	PF00004	8246	0.0	1.0	1.0
16	PF00004	16439	0.0	0.5	0.5
17	PF00004	56	0.0	0.0	0.0
18	PF00004	61	0.0	0.0	0.0
19	PF00004	16449	0.0	0.5	0.5
20	PF00004	8259	0.0	0.5	0.5
21	PF00004	8265	0.0	0.0	0.0
22	PF00004	16457	0.0	0.5	0.5
23	PF00004	16459	0.0	0.5	0.5
24	PF00004	78	1.0	1.0	1.0
25	PF00004	90	0.0	1.0	1.0
26	PF00004	8287	0.0	0.5	0.5
27	PF00004	16479	0.0	0.5	0.5
28	PF00004	16483	0.0	1.0	1.0
29	PF00004	106	0.0	0.0	0.0
30	PF00004	16490	0.0	0.5	0.5
31	PF00004	8309	0.0	0.5	0.5
32	PF00004	118	0.0	0.5	0.5
33	PF00004	16501	0.5	0.5	0.5
34	PF00004	8312	0.0	0.0	0.0
35	PF00004	126	0.0	1.0	1.0
36	PF00004	127	0.5	0.5	0.0
37	PF00004	16510	0.0	1.0	1.0
38	PF00004	8322	0.0	0.5	0.5
39	PF00004	8323	0.5	0.5	0.0
40	PF00004	16515	0.0	0.0	0.0
41	PF00004	8326	0.5	0.5	0.0
42	PF00004	16518	0.0	0.5	0.5
43	PF00004	16522	0.0	0.0	0.0
44	PF00004	16525	0.0	0.5	0.5
45	PF00004	8336	0.0	0.0	0.0
46	PF00004	146	0.0	0.5	0.5
47	PF00004	8339	0.0	0.0	0.0
48	PF00004	149	0.0	0.0	0.0
49	PF00004	154	0.0	0.0	0.0
50	PF00004	16539	0.0	0.5	0.5
51	PF00004	16543	0.0	0.0	0.0
52	PF00004	162	0.0	0.5	0.5
53	PF00004	8357	0.0	1.0	1.0
54	PF00004	8358	0.0	1.0	1.0
55	PF00004	8364	0.5	1.0	1.0
56	PF00004	190	0.0	0.5	0.5
57	PF00004	191	0.5	1.0	1.0
58	PF00004	198	0.0	0.5	0.5
59	PF00004	8390	0.0	1.0	1.0
60	PF00004	8393	0.5	0.5	0.5
61	PF00004	203	0.0	0.0	0.0
62	PF00004	207	0.0	0.0	0.0
63	PF00004	208	0.0	0.0	0.0
64	PF00004	214	0.0	1.0	1.0
65	PF00004	8416	0.0	1.0	1.0
66	PF00004	16609	0.0	0.0	0.0
67	PF00004	16610	0.5	0.5	0.0
68	PF00004	16617	0.0	1.0	1.0
69	PF00004	236	0.0	1.0	1.0
70	PF00004	237	0.0	0.5	0.5
71	PF00004	8428	0.0	0.0	0.0
72	PF00004	8429	0.0	0.0	0.0
73	PF00004	8430	0.0	1.0	1.0
74	PF00004	8434	0.0	1.0	1.0
75	PF00004	8437	0.0	0.5	0.5
76	PF00004	16634	0.0	0.5	0.5
77	PF00004	16640	0.0	0.5	0.5
78	PF00004	16645	0.0	0.0	0.0
79	PF00004	16647	0.0	0.0	0.0
80	PF00004	16654	0.0	1.0	1.0
81	PF00004	272	0.0	0.0	0.0
82	PF00004	8468	0.0	0.5	0.5
83	PF00004	16662	0.0	0.5	0.5
84	PF00004	8473	0.0	0.0	0.0
85	PF00004	282	0.0	0.0	0.0
86	PF00004	16670	0.0	0.5	0.5
87	PF00004	295	0.0	0.5	0.5
88	PF00004	302	0.0	0.0	0.0
89	PF00004	303	0.0	1.0	1.0
90	PF00004	16691	0.0	0.5	0.5
91	PF00004	8503	0.0	0.5	0.5
92	PF00004	16702	0.0	0.0	0.0
93	PF00004	8513	0.0	0.5	0.5
94	PF00004	8520	0.0	0.0	0.0
95	PF00004	16714	0.0	0.0	0.0
96	PF00004	8530	0.5	0.5	0.5
97	PF00004	339	0.0	0.5	0.5
98	PF00004	16725	0.0	1.0	1.0
99	PF00004	8534	0.0	0.5	0.5
100	PF00004	16726	0.0	0.5	0.5
101	PF00004	16730	1.0	1.0	1.0
102	PF00004	353	0.0	0.5	0.5
103	PF00004	363	0.0	0.5	0.5
104	PF00004	8556	0.0	0.0	0.0
105	PF00004	16749	0.0	0.0	0.0
106	PF00004	375	0.0	0.5	0.5
107	PF00004	8568	0.0	1.0	1.0
108	PF00004	8572	0.0	0.0	0.0
109	PF00004	385	0.0	0.5	0.5
110	PF00004	8578	0.0	0.0	0.0
111	PF00004	8581	0.0	0.0	0.0
112	PF00004	16775	0.0	0.0	0.0
113	PF00004	392	0.5	0.5	0.0
114	PF00004	16780	0.0	1.0	1.0
115	PF00004	8593	0.0	0.0	0.0
116	PF00004	8596	0.0	0.0	0.0
117	PF00004	405	0.0	0.0	0.0
118	PF00004	407	0.0	1.0	1.0
119	PF00004	8602	0.0	1.0	1.0
120	PF00004	413	0.0	0.0	0.0
121	PF00004	418	0.0	0.0	0.0
122	PF00004	420	0.0	0.0	0.0
123	PF00004	8634	0.0	0.5	0.5
124	PF00004	8637	1.0	1.0	1.0
125	PF00004	8647	0.0	1.0	1.0
126	PF00004	16839	0.0	1.0	1.0
127	PF00004	459	0.0	1.0	1.0
128	PF00004	16851	0.0	0.0	0.0
129	PF00004	8660	0.0	0.5	0.5
130	PF00004	8663	1.0	1.0	1.0
131	PF00004	8667	0.0	0.5	0.5
132	PF00004	482	0.0	0.5	0.5
133	PF00004	16867	0.0	1.0	1.0
134	PF00004	489	0.0	0.0	0.0
135	PF00004	8681	0.0	0.0	0.0
136	PF00004	8692	0.0	1.0	1.0
137	PF00004	503	0.0	0.0	0.0
138	PF00004	505	0.0	1.0	1.0
139	PF00004	8703	0.0	1.0	1.0
140	PF00004	16897	0.0	0.0	0.0
141	PF00004	8706	0.0	1.0	1.0
142	PF00004	515	0.0	0.0	0.0
143	PF00004	8712	0.0	0.5	0.5
144	PF00004	8713	0.0	1.0	1.0
145	PF00004	16908	0.0	0.0	0.0
146	PF00004	8717	0.0	0.0	0.0
147	PF00004	526	0.0	0.5	0.5
148	PF00004	527	0.0	0.0	0.0
149	PF00004	8718	0.0	1.0	1.0
150	PF00004	530	0.0	0.0	0.0
151	PF00004	16921	0.0	1.0	1.0
152	PF00004	16922	0.0	0.0	0.0
153	PF00004	540	0.5	0.5	0.5
154	PF00004	8735	0.0	0.5	0.5
155	PF00004	546	0.0	1.0	1.0
156	PF00004	553	0.0	0.0	0.0
157	PF00004	16941	0.0	0.0	0.0
158	PF00004	16944	0.0	0.5	0.5
159	PF00004	561	0.0	0.0	0.0
160	PF00004	8755	0.0	0.0	0.0
161	PF00004	8756	0.0	0.5	0.5
162	PF00004	570	0.0	0.5	0.5
163	PF00004	572	0.5	0.5	0.0
164	PF00004	16959	0.0	0.0	0.0
165	PF00004	16960	0.0	0.0	0.0
166	PF00004	16965	0.0	0.5	0.5
167	PF00004	16968	0.0	0.5	0.5
168	PF00004	8783	0.0	0.5	0.5
169	PF00004	8784	0.0	1.0	1.0
170	PF00004	8788	0.0	0.0	0.0
171	PF00004	8793	0.0	1.0	1.0
172	PF00004	16985	0.0	1.0	1.0
173	PF00004	8796	0.0	0.5	0.5
174	PF00004	16991	0.5	0.0	0.5
175	PF00004	8801	0.0	0.0	0.0
176	PF00004	615	0.0	0.5	0.5
177	PF00004	8809	0.0	0.5	0.5
178	PF00004	620	0.5	0.5	0.5
179	PF00004	8821	0.0	1.0	1.0
180	PF00004	630	0.0	1.0	1.0
181	PF00004	17015	0.0	0.5	0.5
182	PF00004	633	0.5	0.0	0.5
183	PF00004	17019	0.0	1.0	1.0
184	PF00004	17020	0.5	0.5	0.0
185	PF00004	17023	0.0	0.5	0.5
186	PF00004	8838	1.0	1.0	1.0
187	PF00004	8839	0.0	0.0	0.0
188	PF00004	17030	0.0	0.0	0.0
189	PF00004	17044	0.0	0.5	0.5
190	PF00004	662	0.5	0.5	0.0
191	PF00004	8854	0.0	1.0	1.0
192	PF00004	664	0.0	0.0	0.0
193	PF00004	667	0.0	0.5	0.5
194	PF00004	668	0.0	0.0	0.0
195	PF00004	17056	0.0	1.0	1.0
196	PF00004	17071	0.0	0.5	0.5
197	PF00004	17073	0.0	0.5	0.5
198	PF00004	17074	0.0	0.0	0.0
199	PF00004	8885	0.0	0.5	0.5
200	PF00004	699	0.0	0.5	0.5
201	PF00004	700	0.0	0.5	0.5
202	PF00004	17083	0.0	1.0	1.0
203	PF00004	17088	0.0	0.5	0.5
204	PF00004	17092	0.0	0.0	0.0
205	PF00004	8906	0.0	0.0	0.0
206	PF00004	8907	0.0	0.5	0.5
207	PF00004	17101	0.5	1.0	1.0
208	PF00004	17102	0.0	0.0	0.0
209	PF00004	727	0.0	0.0	0.0
210	PF00004	729	0.0	0.0	0.0
211	PF00004	8921	0.0	0.5	0.5
212	PF00004	8925	0.0	0.0	0.0
213	PF00004	8928	0.0	0.5	0.5
214	PF00004	8943	0.0	0.0	0.0
215	PF00004	8947	0.5	1.0	1.0
216	PF00004	17145	0.0	0.5	0.5
217	PF00004	768	0.0	1.0	1.0
218	PF00004	769	0.0	0.0	0.0
219	PF00004	770	0.0	1.0	1.0
220	PF00004	17155	0.5	0.5	0.0
221	PF00004	17160	0.5	0.5	0.5
222	PF00004	17163	0.0	0.0	0.0
223	PF00004	785	0.0	0.0	0.0
224	PF00004	17176	0.0	0.5	0.5
225	PF00004	8985	0.0	0.5	0.5
226	PF00004	794	0.0	0.0	0.0
227	PF00004	8988	0.0	1.0	1.0
228	PF00004	805	0.0	1.0	1.0
229	PF00004	8997	0.5	0.0	0.5
230	PF00004	807	0.5	0.5	0.0
231	PF00004	9006	0.0	1.0	1.0
232	PF00004	815	0.0	0.5	0.5
233	PF00004	9008	1.0	1.0	0.0
234	PF00004	9012	0.0	1.0	1.0
235	PF00004	9014	0.0	0.5	0.5
236	PF00004	823	0.0	1.0	1.0
237	PF00004	824	0.0	0.5	0.5
238	PF00004	17209	0.5	1.0	1.0
239	PF00004	9018	0.0	0.5	0.5
240	PF00004	9019	0.0	1.0	1.0
241	PF00004	828	1.0	1.0	0.0
242	PF00004	17210	0.0	0.0	0.0
243	PF00004	17215	0.0	0.5	0.5
244	PF00004	17217	0.0	0.0	0.0
245	PF00004	846	0.0	0.5	0.5
246	PF00004	847	0.0	0.0	0.0
247	PF00004	852	0.0	0.5	0.5
248	PF00004	854	0.0	0.0	0.0
249	PF00004	855	0.0	0.0	0.0
250	PF00004	861	0.5	0.0	0.5
251	PF00004	17248	0.0	0.0	0.0
252	PF00004	9065	0.0	0.5	0.5
253	PF00004	877	0.0	0.0	0.0
254	PF00004	17261	0.0	0.0	0.0
255	PF00004	17263	0.0	0.5	0.5
256	PF00004	9075	1.0	0.5	1.0
257	PF00004	9077	0.0	1.0	1.0
258	PF00004	9078	0.0	0.0	0.0
259	PF00004	9079	0.0	0.5	0.5
260	PF00004	17276	0.0	1.0	1.0
261	PF00004	893	0.0	0.5	0.5
262	PF00004	895	1.0	1.0	0.0
263	PF00004	900	0.0	0.5	0.5
264	PF00004	9106	0.0	0.5	0.5
265	PF00004	9107	0.0	0.0	0.0
266	PF00004	9109	0.0	0.5	0.5
267	PF00004	17302	0.0	0.5	0.5
268	PF00004	9111	0.0	1.0	1.0
269	PF00004	9112	0.0	1.0	1.0
270	PF00004	17303	0.0	1.0	1.0
271	PF00004	17305	0.0	1.0	1.0
272	PF00004	923	0.0	0.5	0.5
273	PF00004	17309	0.0	0.0	0.0
274	PF00004	17313	0.0	1.0	1.0
275	PF00004	17318	0.0	0.0	0.0
276	PF00004	9128	0.0	0.5	0.5
277	PF00004	17321	1.0	0.0	1.0
278	PF00004	9131	0.0	0.0	0.0
279	PF00004	9132	0.0	0.5	0.5
280	PF00004	17328	0.0	1.0	1.0
281	PF00004	17335	0.0	0.5	0.5
282	PF00004	952	0.0	0.5	0.5
283	PF00004	17338	0.0	1.0	1.0
284	PF00004	9147	0.0	1.0	1.0
285	PF00004	956	0.0	0.0	0.0
286	PF00004	957	0.0	0.0	0.0
287	PF00004	17339	0.0	0.5	0.5
288	PF00004	17341	0.5	0.5	0.0
289	PF00004	9152	0.5	0.5	0.0
290	PF00004	17344	0.0	0.5	0.5
291	PF00004	9156	0.0	0.0	0.0
292	PF00004	17348	0.0	0.0	0.0
293	PF00004	17351	0.0	0.5	0.5
294	PF00004	969	0.0	0.5	0.5
295	PF00004	9161	0.0	1.0	1.0
296	PF00004	975	0.0	1.0	1.0
297	PF00004	17365	0.0	0.5	0.5
298	PF00004	17369	1.0	1.0	1.0
299	PF00004	17371	0.0	0.0	0.0
300	PF00004	988	0.0	0.0	0.0
301	PF00004	989	0.0	1.0	1.0
302	PF00004	9182	0.0	0.0	0.0
303	PF00004	9185	0.0	0.5	0.5
304	PF00004	996	0.0	0.5	0.5
305	PF00004	1001	0.0	0.0	0.0
306	PF00004	1008	0.0	0.0	0.0
307	PF00004	9201	0.0	0.0	0.0
308	PF00004	9205	0.0	0.0	0.0
309	PF00004	17397	0.0	0.0	0.0
310	PF00004	9207	0.0	0.5	0.5
311	PF00004	1016	0.0	0.5	0.5
312	PF00004	1017	0.0	0.0	0.0
313	PF00004	9208	1.0	1.0	1.0
314	PF00004	9209	0.0	0.5	0.5
315	PF00004	1022	0.5	0.5	0.0
316	PF00004	9219	0.0	0.5	0.5
317	PF00004	17413	0.0	0.0	0.0
318	PF00004	17425	0.0	0.5	0.5
319	PF00004	17430	0.0	0.5	0.5
320	PF00004	17433	0.0	0.5	0.5
321	PF00004	17435	0.0	1.0	1.0
322	PF00004	1059	0.0	0.5	0.5
323	PF00004	1060	0.0	0.5	0.5
324	PF00004	1061	0.0	1.0	1.0
325	PF00004	1063	0.0	0.0	0.0
326	PF00004	17448	0.0	0.0	0.0
327	PF00004	17450	0.0	0.5	0.5
328	PF00004	17451	0.0	0.5	0.5
329	PF00004	17454	0.0	0.5	0.5
330	PF00004	17457	0.0	0.0	0.0
331	PF00004	9269	0.0	0.0	0.0
332	PF00004	17462	0.0	0.0	0.0
333	PF00004	1082	0.0	0.0	0.0
334	PF00004	17483	0.0	0.0	0.0
335	PF00004	17485	0.0	0.0	0.0
336	PF00004	9311	0.0	0.5	0.5
337	PF00004	1121	0.0	0.5	0.5
338	PF00004	17507	0.0	1.0	1.0
339	PF00004	1126	0.0	1.0	1.0
340	PF00004	9324	0.0	1.0	1.0
341	PF00004	1137	0.0	1.0	1.0
342	PF00004	9334	0.0	0.5	0.5
343	PF00004	9338	0.0	0.5	0.5
344	PF00004	9340	0.0	0.0	0.0
345	PF00004	17533	0.0	0.0	0.0
346	PF00004	1151	0.0	0.0	0.0
347	PF00004	1155	0.0	0.5	0.5
348	PF00004	9349	0.0	0.0	0.0
349	PF00004	1166	0.0	0.0	0.0
350	PF00004	1168	0.0	1.0	1.0
351	PF00004	1178	0.0	0.0	0.0
352	PF00004	17564	0.0	1.0	1.0
353	PF00004	9375	0.5	1.0	1.0
354	PF00004	17569	0.0	0.0	0.0
355	PF00004	17576	0.0	1.0	1.0
356	PF00004	17583	0.0	0.5	0.5
357	PF00004	17587	1.0	0.0	1.0
358	PF00004	17590	0.0	1.0	1.0
359	PF00004	1215	0.0	0.0	0.0
360	PF00004	1219	0.5	0.0	0.5
361	PF00004	17603	0.0	0.0	0.0
362	PF00004	1230	0.0	1.0	1.0
363	PF00004	1240	0.5	0.5	0.0
364	PF00004	1241	0.0	0.5	0.5
365	PF00004	17626	0.0	0.0	0.0
366	PF00004	9436	0.0	1.0	1.0
367	PF00004	9440	0.0	0.0	0.0
368	PF00004	1249	0.0	0.5	0.5
369	PF00004	17634	0.0	0.5	0.5
370	PF00004	1253	0.0	0.0	0.0
371	PF00004	9447	0.0	0.0	0.0
372	PF00004	17641	0.0	1.0	1.0
373	PF00004	17650	0.0	0.5	0.5
374	PF00004	17651	0.0	0.0	0.0
375	PF00004	1268	0.0	0.0	0.0
376	PF00004	9462	0.0	0.5	0.5
377	PF00004	17659	0.0	0.5	0.5
378	PF00004	17661	0.0	1.0	1.0
379	PF00004	1280	0.5	0.5	0.0
380	PF00004	9473	0.0	0.0	0.0
381	PF00004	9475	0.0	0.5	0.5
382	PF00004	1287	0.0	1.0	1.0
383	PF00004	17675	0.0	1.0	1.0
384	PF00004	17676	0.0	0.0	0.0
385	PF00004	17681	0.0	0.5	0.5
386	PF00004	1301	0.0	0.0	0.0
387	PF00004	17686	0.0	0.0	0.0
388	PF00004	1305	0.0	0.5	0.5
389	PF00004	1307	0.5	0.0	0.5
390	PF00004	9500	0.0	1.0	1.0
391	PF00004	17693	0.0	0.0	0.0
392	PF00004	9504	0.0	1.0	1.0
393	PF00004	1313	0.0	0.0	0.0
394	PF00004	1317	0.0	0.5	0.5
395	PF00004	9511	0.0	0.0	0.0
396	PF00004	1325	0.0	0.0	0.0
397	PF00004	9517	0.0	1.0	1.0
398	PF00004	9520	0.0	0.0	0.0
399	PF00004	9522	0.0	0.5	0.5
400	PF00004	17716	0.5	1.0	1.0
401	PF00004	9525	0.0	0.0	0.0
402	PF00004	17718	0.0	1.0	1.0
403	PF00004	1342	0.0	0.0	0.0
404	PF00004	1343	0.0	0.5	0.5
405	PF00004	17728	0.0	0.5	0.5
406	PF00004	9541	0.0	0.0	0.0
407	PF00004	1354	0.0	1.0	1.0
408	PF00004	9551	0.0	1.0	1.0
409	PF00004	9557	0.0	0.5	0.5
410	PF00004	17750	0.5	0.0	0.5
411	PF00004	1368	0.0	1.0	1.0
412	PF00004	17765	0.0	0.5	0.5
413	PF00004	1383	0.0	0.5	0.5
414	PF00004	9577	0.0	0.5	0.5
415	PF00004	17771	0.0	0.0	0.0
416	PF00004	17772	0.0	0.5	0.5
417	PF00004	9581	0.0	0.0	0.0
418	PF00004	1390	0.0	1.0	1.0
419	PF00004	17773	0.0	0.5	0.5
420	PF00004	17774	0.0	0.0	0.0
421	PF00004	17775	0.5	0.5	0.0
422	PF00004	17779	0.0	0.0	0.0
423	PF00004	9589	0.0	0.0	0.0
424	PF00004	1404	0.0	0.0	0.0
425	PF00004	9601	0.0	0.0	0.0
426	PF00004	1410	0.0	0.0	0.0
427	PF00004	1436	0.5	0.0	0.5
428	PF00004	17825	0.0	0.0	0.0
429	PF00004	17827	0.0	0.5	0.5
430	PF00004	9638	0.0	0.0	0.0
431	PF00004	9651	0.5	1.0	0.5
432	PF00004	17845	0.0	1.0	1.0
433	PF00004	9655	0.0	1.0	1.0
434	PF00004	17851	0.0	0.5	0.5
435	PF00004	9663	0.0	0.0	0.0
436	PF00004	9668	0.0	1.0	1.0
437	PF00004	1482	0.0	0.5	0.5
438	PF00004	17869	0.0	0.0	0.0
439	PF00004	9687	0.0	0.0	0.0
440	PF00004	17880	0.0	0.5	0.5
441	PF00004	1501	0.0	1.0	1.0
442	PF00004	9693	0.0	1.0	1.0
443	PF00004	9701	0.0	0.0	0.0
444	PF00004	17906	0.0	0.5	0.5
445	PF00004	9716	0.0	0.0	0.0
446	PF00004	1525	0.0	0.5	0.5
447	PF00004	17910	0.0	1.0	1.0
448	PF00004	17913	0.0	0.5	0.5
449	PF00004	1532	0.0	0.0	0.5
450	PF00004	17925	0.0	0.5	0.5
451	PF00004	1543	0.0	0.5	0.5
452	PF00004	1550	0.0	1.0	1.0
453	PF00004	17940	0.0	0.0	0.0
454	PF00004	1561	0.0	0.0	0.0
455	PF00004	9753	0.0	0.0	0.0
456	PF00004	9763	0.0	0.0	0.0
457	PF00004	17956	0.0	0.5	0.5
458	PF00004	9766	0.0	0.0	0.0
459	PF00004	9767	0.0	0.5	0.5
460	PF00004	9769	0.0	0.5	0.5
461	PF00004	1582	0.0	1.0	1.0
462	PF00004	1586	0.0	1.0	1.0
463	PF00004	1592	0.0	1.0	1.0
464	PF00004	9790	0.0	1.0	1.0
465	PF00004	9796	0.0	0.0	0.0
466	PF00004	17989	0.0	0.0	0.0
467	PF00004	1606	0.0	0.5	0.5
468	PF00004	1608	0.0	0.5	0.5
469	PF00004	1620	0.0	1.0	1.0
470	PF00004	1623	0.0	1.0	1.0
471	PF00004	1626	0.0	0.5	0.5
472	PF00004	9818	0.0	1.0	1.0
473	PF00004	18015	0.0	0.5	0.5
474	PF00004	9824	0.0	0.0	0.0
475	PF00004	18018	0.0	0.5	0.5
476	PF00004	1637	0.0	1.0	1.0
477	PF00004	1639	0.5	0.5	0.5
478	PF00004	18024	0.0	0.0	0.0
479	PF00004	18025	0.0	0.5	0.5
480	PF00004	1646	0.0	0.5	0.5
481	PF00004	1647	0.0	1.0	1.0
482	PF00004	18031	0.0	0.5	0.5
483	PF00004	18033	0.0	0.5	0.5
484	PF00004	9848	0.5	1.0	1.0
485	PF00004	9853	0.0	1.0	1.0
486	PF00004	18048	0.0	0.5	0.5
487	PF00004	18049	0.0	0.5	0.5
488	PF00004	1668	0.0	0.5	0.5
489	PF00004	9861	0.0	0.5	0.5
490	PF00004	9866	0.0	1.0	1.0
491	PF00004	1679	0.0	0.0	0.0
492	PF00004	1680	0.0	0.0	0.0
493	PF00004	9874	0.5	0.5	0.0
494	PF00004	1683	0.0	1.0	1.0
495	PF00004	9875	0.0	0.5	0.5
496	PF00004	1686	0.5	0.5	0.0
497	PF00004	18071	0.0	0.0	0.0
498	PF00004	18072	0.0	0.5	0.5
499	PF00004	18074	0.0	0.5	0.5
500	PF00004	9883	0.5	1.0	0.5
501	PF00004	9885	0.0	1.0	1.0
502	PF00004	18078	0.0	0.0	0.0
503	PF00004	18089	0.0	0.0	0.0
504	PF00004	18092	0.0	0.5	0.5
505	PF00004	9901	0.0	1.0	0.5
506	PF00004	18094	0.0	0.5	0.5
507	PF00004	9904	0.0	0.0	0.0
508	PF00004	18097	0.0	0.5	0.5
509	PF00004	9908	0.0	0.0	0.0
510	PF00004	9912	0.0	0.0	0.0
511	PF00004	9915	0.0	1.0	1.0
512	PF00004	9917	0.0	0.0	0.0
513	PF00004	9918	0.0	1.0	1.0
514	PF00004	18118	0.5	0.5	0.0
515	PF00004	1735	0.0	0.5	0.5
516	PF00004	1736	0.0	0.0	0.0
517	PF00004	1743	0.0	0.0	0.0
518	PF00004	1751	0.5	1.0	0.5
519	PF00004	18142	0.0	1.0	1.0
520	PF00004	1760	0.0	0.0	0.0
521	PF00004	1762	0.0	1.0	1.0
522	PF00004	1763	0.0	1.0	1.0
523	PF00004	1764	0.0	0.5	0.5
524	PF00004	9957	0.0	1.0	1.0
525	PF00004	18156	0.0	0.0	0.0
526	PF00004	1793	0.0	1.0	1.0
527	PF00004	9985	0.0	0.5	0.5
528	PF00004	18181	0.5	0.5	0.5
529	PF00004	1799	0.0	0.5	0.5
530	PF00004	9992	0.0	0.5	0.5
531	PF00004	1803	0.0	0.5	0.5
532	PF00004	9997	0.0	0.5	0.5
533	PF00004	1811	0.0	0.5	0.5
534	PF00004	1817	0.0	1.0	1.0
535	PF00004	10016	0.0	1.0	1.0
536	PF00004	18208	0.0	0.5	0.5
537	PF00004	1827	0.0	0.5	0.5
538	PF00004	1829	0.5	0.0	0.5
539	PF00004	18223	0.0	0.5	0.5
540	PF00004	18226	0.0	0.5	0.5
541	PF00004	18228	0.0	1.0	1.0
542	PF00004	18229	0.0	0.0	0.0
543	PF00004	18231	0.0	0.5	0.5
544	PF00004	10041	0.0	0.0	0.0
545	PF00004	1853	0.0	0.0	0.0
546	PF00004	18238	0.0	0.0	0.0
547	PF00004	1855	0.0	0.0	0.0
548	PF00004	10056	0.5	1.0	0.5
549	PF00004	18250	0.0	0.5	0.5
550	PF00004	1869	0.0	1.0	1.0
551	PF00004	10061	0.0	0.5	0.5
552	PF00004	18260	0.0	0.0	0.0
553	PF00004	18272	0.0	1.0	1.0
554	PF00004	1896	0.0	0.0	0.0
555	PF00004	18280	0.0	0.5	0.5
556	PF00004	1900	0.0	0.0	0.0
557	PF00004	10094	0.5	0.5	0.0
558	PF00004	1907	0.0	0.5	0.5
559	PF00004	18291	0.0	0.0	0.0
560	PF00004	1909	0.5	0.5	0.0
561	PF00004	18298	0.0	1.0	1.0
562	PF00004	10107	0.0	0.5	0.5
563	PF00004	1918	0.0	0.5	0.5
564	PF00004	10113	0.0	0.0	0.0
565	PF00004	1926	0.0	0.5	0.5
566	PF00004	18310	0.0	0.5	0.5
567	PF00004	18312	1.0	0.5	1.0
568	PF00004	1931	0.0	0.5	0.5
569	PF00004	1932	0.0	0.5	0.5
570	PF00004	10124	0.0	1.0	1.0
571	PF00004	1934	0.0	0.0	0.0
572	PF00004	1940	0.0	0.0	0.0
573	PF00004	10137	0.0	1.0	1.0
574	PF00004	18330	0.0	0.5	0.5
575	PF00004	18334	0.0	0.5	0.5
576	PF00004	10146	0.0	0.0	0.0
577	PF00004	10148	0.5	1.0	1.0
578	PF00004	10151	0.0	0.5	0.5
579	PF00004	18344	0.0	0.0	0.0
580	PF00004	18345	0.0	0.5	0.5
581	PF00004	10161	0.0	1.0	1.0
582	PF00004	1970	0.0	0.0	0.0
583	PF00004	1971	0.0	0.5	0.5
584	PF00004	10162	0.0	0.5	0.5
585	PF00004	10168	0.0	0.0	0.0
586	PF00004	18361	0.0	0.5	0.5
587	PF00004	1981	0.0	1.0	1.0
588	PF00004	10174	0.0	0.0	0.0
589	PF00004	10177	0.0	0.0	0.0
590	PF00004	10178	1.0	1.0	0.0
591	PF00004	1987	0.0	0.5	0.5
592	PF00004	10182	0.0	1.0	1.0
593	PF00004	1991	0.0	0.5	0.5
594	PF00004	18379	0.0	0.5	0.5
595	PF00004	10189	0.0	1.0	1.0
596	PF00004	18382	0.0	0.0	0.0
597	PF00004	1999	0.0	0.0	0.0
598	PF00004	18385	0.5	0.5	0.0
599	PF00004	18396	0.0	0.5	0.5
600	PF00004	18397	0.0	1.0	1.0
601	PF00004	10210	0.0	0.5	0.5
602	PF00004	18411	0.0	0.5	0.5
603	PF00004	2028	0.0	0.0	0.0
604	PF00004	10223	0.0	0.5	0.5
605	PF00004	18417	0.0	1.0	1.0
606	PF00004	2034	0.0	0.0	0.0
607	PF00004	10226	0.0	0.0	0.0
608	PF00004	10231	0.0	0.0	0.0
609	PF00004	10234	0.0	0.0	0.0
610	PF00004	18428	0.0	0.0	0.0
611	PF00004	10239	0.0	0.0	0.0
612	PF00004	18432	0.0	0.5	0.5
613	PF00004	2049	0.0	0.0	0.0
614	PF00004	2050	0.0	0.0	0.0
615	PF00004	2051	0.5	0.5	0.0
616	PF00004	18436	0.0	0.5	0.5
617	PF00004	18438	0.0	1.0	1.0
618	PF00004	10249	0.0	0.5	0.5
619	PF00004	18441	0.0	0.5	0.5
620	PF00004	18445	0.0	0.5	0.5
621	PF00004	10254	0.5	0.5	1.0
622	PF00004	18447	0.0	0.0	0.0
623	PF00004	2065	0.0	0.5	0.5
624	PF00004	18450	0.0	0.0	0.0
625	PF00004	2072	0.0	0.0	0.0
626	PF00004	18459	0.0	0.0	0.0
627	PF00004	10268	0.0	0.5	0.5
628	PF00004	18461	0.0	0.0	0.5
629	PF00004	2080	0.5	1.0	1.0
630	PF00004	2083	0.0	0.5	0.5
631	PF00004	18487	0.5	0.5	0.5
632	PF00004	18488	0.0	0.5	0.5
633	PF00004	2106	0.0	0.5	0.5
634	PF00004	2107	0.0	0.5	0.5
635	PF00004	2114	0.0	1.0	1.0
636	PF00004	2117	0.0	0.0	0.0
637	PF00004	2121	0.5	0.5	0.5
638	PF00004	10315	0.0	0.0	0.0
639	PF00004	2126	0.0	0.0	0.0
640	PF00004	10321	0.0	0.0	0.0
641	PF00004	18517	0.0	0.5	0.5
642	PF00004	10327	0.0	0.5	0.5
643	PF00004	18521	0.0	0.0	0.0
644	PF00004	2138	0.5	0.5	0.0
645	PF00004	2140	0.0	0.5	0.5
646	PF00004	18526	0.0	0.5	0.5
647	PF00004	2144	0.5	1.0	1.0
648	PF00004	10341	0.5	0.5	0.5
649	PF00004	10345	0.0	0.5	0.5
650	PF00004	18541	0.0	0.5	0.5
651	PF00004	18547	0.0	0.0	0.0
652	PF00004	10358	0.0	1.0	1.0
653	PF00004	10362	0.0	1.0	1.0
654	PF00004	18565	0.0	0.0	0.0
655	PF00004	10381	0.5	0.5	0.5
656	PF00004	18573	0.0	0.5	0.5
657	PF00004	2191	0.0	1.0	1.0
658	PF00004	10383	1.0	1.0	0.5
659	PF00004	2193	0.0	0.0	0.0
660	PF00004	2194	0.0	1.0	1.0
661	PF00004	18575	0.0	0.0	0.0
662	PF00004	2199	0.0	0.5	0.5
663	PF00004	2201	0.0	1.0	1.0
664	PF00004	10396	0.0	0.5	0.5
665	PF00004	10397	0.0	0.0	0.0
666	PF00004	18589	0.5	0.0	0.5
667	PF00004	18590	0.0	1.0	1.0
668	PF00004	18597	0.0	0.0	0.0
669	PF00004	2220	0.0	0.5	0.5
670	PF00004	18609	0.0	0.5	0.5
671	PF00004	10427	0.0	0.5	0.5
672	PF00004	10434	0.0	0.0	0.0
673	PF00004	2244	0.0	0.0	0.0
674	PF00004	18640	0.0	0.5	0.5
675	PF00004	10454	0.0	0.5	0.5
676	PF00004	10458	0.0	0.5	0.5
677	PF00004	18650	0.0	1.0	1.0
678	PF00004	2279	0.0	0.0	0.0
679	PF00004	18665	0.0	0.0	0.0
680	PF00004	10479	0.0	0.0	0.0
681	PF00004	2290	0.0	0.0	0.0
682	PF00004	10489	0.0	1.0	1.0
683	PF00004	10493	0.0	0.0	0.0
684	PF00004	18707	0.0	1.0	1.0
685	PF00004	10519	0.0	0.0	0.0
686	PF00004	2328	0.0	1.0	1.0
687	PF00004	18712	0.0	0.0	0.0
688	PF00004	18713	0.0	0.5	0.5
689	PF00004	10527	1.0	1.0	0.5
690	PF00004	2337	0.0	0.0	0.0
691	PF00004	2344	0.0	1.0	1.0
692	PF00004	10536	0.0	0.0	0.0
693	PF00004	10542	0.0	1.0	1.0
694	PF00004	2354	0.0	0.0	0.0
695	PF00004	2357	0.0	0.5	0.5
696	PF00004	10553	0.0	1.0	1.0
697	PF00004	10555	1.0	1.0	0.0
698	PF00004	10556	0.0	0.0	0.0
699	PF00004	2366	0.0	0.5	0.5
700	PF00004	2369	0.0	0.0	0.0
701	PF00004	18754	0.0	0.0	0.0
702	PF00004	18756	0.0	1.0	1.0
703	PF00004	10569	0.0	0.5	0.5
704	PF00004	2383	0.0	0.5	0.5
705	PF00004	2386	0.0	0.5	0.5
706	PF00004	18778	0.0	1.0	1.0
707	PF00004	2397	1.0	1.0	0.0
708	PF00004	10590	0.0	1.0	1.0
709	PF00004	18788	0.5	0.5	0.0
710	PF00004	2422	0.0	0.0	0.0
711	PF00004	10617	0.0	0.5	0.5
712	PF00004	10618	0.0	0.0	0.0
713	PF00004	2428	0.0	1.0	1.0
714	PF00004	2429	0.0	1.0	1.0
715	PF00004	2431	0.0	0.0	0.0
716	PF00004	18817	0.0	1.0	1.0
717	PF00004	2434	0.0	1.0	1.0
718	PF00004	10628	0.0	0.5	0.5
719	PF00004	2444	1.0	1.0	1.0
720	PF00004	10637	0.0	0.5	0.5
721	PF00004	18828	0.0	1.0	1.0
722	PF00004	10641	0.0	0.0	0.0
723	PF00004	2455	0.5	0.5	1.0
724	PF00004	10648	0.0	1.0	1.0
725	PF00004	18846	0.0	0.5	0.5
726	PF00004	2470	0.0	1.0	1.0
727	PF00004	2473	0.0	0.0	0.0
728	PF00004	2476	0.0	0.0	0.0
729	PF00004	2480	0.0	0.5	0.5
730	PF00004	2483	0.0	0.0	0.0
731	PF00004	10678	0.0	0.0	0.0
732	PF00004	2490	0.0	0.5	0.5
733	PF00004	10683	0.0	1.0	1.0
734	PF00004	2492	0.0	0.5	0.5
735	PF00004	2495	1.0	1.0	1.0
736	PF00004	10694	0.0	0.5	0.5
737	PF00004	2503	0.0	0.5	0.5
738	PF00004	18889	0.0	0.5	0.5
739	PF00004	10700	0.0	1.0	1.0
740	PF00004	18896	0.0	1.0	1.0
741	PF00004	10707	0.0	1.0	1.0
742	PF00004	18904	0.0	0.5	0.5
743	PF00004	10717	0.0	0.0	0.0
744	PF00004	18913	0.0	0.5	0.5
745	PF00004	2531	0.0	0.5	0.5
746	PF00004	10725	0.0	0.0	0.0
747	PF00004	10730	0.0	1.0	1.0
748	PF00004	18923	0.0	0.5	0.5
749	PF00004	2540	0.0	0.5	0.5
750	PF00004	18936	0.0	0.5	0.5
751	PF00004	10746	0.0	0.5	0.5
752	PF00004	2558	0.0	0.5	0.5
753	PF00004	18943	0.0	0.5	0.5
754	PF00004	18945	0.0	1.0	1.0
755	PF00004	10755	0.0	0.5	0.5
756	PF00004	10757	0.0	0.0	0.0
757	PF00004	10758	0.0	1.0	1.0
758	PF00004	2569	0.0	0.5	0.5
759	PF00004	2574	0.0	0.0	0.0
760	PF00004	18968	0.0	0.5	0.5
761	PF00004	18970	0.0	1.0	1.0
762	PF00004	18973	0.0	1.0	1.0
763	PF00004	2591	0.0	0.0	0.0
764	PF00004	18978	0.0	0.5	0.5
765	PF00004	10788	0.0	0.0	0.0
766	PF00004	10790	0.0	0.5	0.5
767	PF00004	2600	0.0	0.5	0.5
768	PF00004	10794	0.0	0.0	0.0
769	PF00004	18993	0.0	0.5	0.5
770	PF00004	2613	0.0	1.0	1.0
771	PF00004	10806	0.0	1.0	1.0
772	PF00004	19003	0.5	0.5	0.0
773	PF00004	19005	0.0	0.0	0.0
774	PF00004	10817	1.0	1.0	0.5
775	PF00004	10818	0.0	0.0	0.0
776	PF00004	2633	0.0	0.0	0.0
777	PF00004	19020	0.0	0.5	0.5
778	PF00004	10829	0.5	0.0	0.5
779	PF00004	19021	0.0	0.5	0.5
780	PF00004	10832	0.5	0.5	0.0
781	PF00004	10838	0.0	0.0	0.0
782	PF00004	19030	0.0	1.0	1.0
783	PF00004	19031	0.0	0.0	0.0
784	PF00004	2666	0.0	0.5	0.5
785	PF00004	2668	0.0	0.5	0.5
786	PF00004	19054	0.0	0.5	0.5
787	PF00004	2675	1.0	1.0	0.0
788	PF00004	19066	0.0	0.0	0.0
789	PF00004	10875	0.0	0.0	0.0
790	PF00004	2694	0.0	1.0	1.0
791	PF00004	2696	0.0	0.5	0.5
792	PF00004	10894	0.0	0.5	0.5
793	PF00004	19088	0.0	0.0	0.0
794	PF00004	19089	0.0	0.5	0.5
795	PF00004	2709	0.0	0.5	0.5
796	PF00004	2712	0.0	0.0	0.0
797	PF00004	19097	0.0	1.0	1.0
798	PF00004	19099	0.0	0.5	0.5
799	PF00004	2718	0.0	0.5	0.5
800	PF00004	2720	0.0	0.5	0.5
801	PF00004	2721	0.0	0.0	0.0
802	PF00004	10917	0.0	0.0	0.0
803	PF00004	10922	0.0	0.0	0.0
804	PF00004	19116	0.0	0.5	0.5
805	PF00004	19118	0.0	0.5	0.5
806	PF00004	19119	0.5	0.5	0.0
807	PF00004	2739	0.0	0.0	0.0
808	PF00004	19124	0.0	1.0	1.0
809	PF00004	19129	0.0	0.0	0.0
810	PF00004	19130	1.0	1.0	1.0
811	PF00004	2748	0.0	0.5	0.5
812	PF00004	19135	0.5	0.5	0.5
813	PF00004	19142	0.0	0.0	0.0
814	PF00004	10955	0.0	0.0	0.0
815	PF00004	10966	0.0	0.0	0.0
816	PF00004	10967	0.0	0.0	0.0
817	PF00004	2780	0.5	0.0	0.5
818	PF00004	19167	0.0	0.0	0.0
819	PF00004	10976	0.5	0.0	0.5
820	PF00004	19171	0.5	0.0	0.5
821	PF00004	19172	0.0	0.0	0.0
822	PF00004	19175	0.5	0.5	0.5
823	PF00004	10986	0.0	1.0	1.0
824	PF00004	19182	0.0	0.0	0.0
825	PF00004	10999	0.0	0.5	0.5
826	PF00004	19191	1.0	0.5	1.0
827	PF00004	2809	0.0	0.0	0.0
828	PF00004	2812	0.0	1.0	1.0
829	PF00004	11004	0.0	0.0	0.0
830	PF00004	19199	0.0	0.5	0.5
831	PF00004	2818	0.0	0.5	0.5
832	PF00004	11017	0.0	1.0	1.0
833	PF00004	11023	0.0	0.0	0.0
834	PF00004	11024	0.0	1.0	1.0
835	PF00004	19217	0.0	0.0	0.0
836	PF00004	19222	0.0	1.0	1.0
837	PF00004	19223	0.5	0.5	1.0
838	PF00004	19224	0.0	1.0	1.0
839	PF00004	2845	0.0	1.0	1.0
840	PF00004	19230	0.0	0.0	0.0
841	PF00004	19232	0.0	1.0	1.0
842	PF00004	19233	0.0	0.0	0.0
843	PF00004	2850	0.5	0.5	0.0
844	PF00004	2853	0.0	1.0	1.0
845	PF00004	11047	0.0	1.0	1.0
846	PF00004	11054	0.0	0.5	0.5
847	PF00004	2864	0.0	0.0	0.0
848	PF00004	2870	0.0	1.0	1.0
849	PF00004	19256	0.0	0.0	0.0
850	PF00004	2876	0.0	0.0	0.0
851	PF00004	19263	0.0	0.5	0.5
852	PF00004	2892	0.0	0.0	0.0
853	PF00004	11084	0.0	0.5	0.5
854	PF00004	19276	0.0	1.0	1.0
855	PF00004	11094	0.0	1.0	1.0
856	PF00004	19295	0.0	1.0	1.0
857	PF00004	2912	0.0	0.5	0.5
858	PF00004	11105	0.0	0.5	0.5
859	PF00004	2915	0.0	1.0	1.0
860	PF00004	19300	0.0	1.0	1.0
861	PF00004	11112	0.0	0.5	0.5
862	PF00004	2921	0.0	0.0	0.0
863	PF00004	19305	0.0	0.5	0.5
864	PF00004	19308	0.0	0.5	0.5
865	PF00004	19310	0.0	0.5	0.5
866	PF00004	11123	0.0	0.5	0.5
867	PF00004	19316	0.0	0.5	0.5
868	PF00004	11131	0.0	0.5	0.5
869	PF00004	11139	0.0	0.0	0.0
870	PF00004	19335	0.5	1.0	0.5
871	PF00004	11152	0.0	0.5	0.5
872	PF00004	2962	0.0	0.5	0.5
873	PF00004	19347	0.5	0.5	0.0
874	PF00004	2965	0.0	0.5	0.5
875	PF00004	11158	0.0	1.0	1.0
876	PF00004	2968	0.0	0.5	0.5
877	PF00004	2970	0.0	0.5	0.5
878	PF00004	2976	0.0	0.5	0.5
879	PF00004	19361	0.0	0.5	0.5
880	PF00004	11172	0.0	0.0	0.0
881	PF00004	11175	0.0	0.5	0.5
882	PF00004	2984	0.0	0.5	0.5
883	PF00004	19371	0.0	1.0	1.0
884	PF00004	2990	0.0	1.0	1.0
885	PF00004	19378	0.0	1.0	1.0
886	PF00004	3005	0.0	1.0	1.0
887	PF00004	3006	0.0	0.0	0.0
888	PF00004	3010	0.0	0.5	0.5
889	PF00004	11208	0.0	0.0	0.0
890	PF00004	19403	0.0	1.0	1.0
891	PF00004	3021	0.0	0.0	0.0
892	PF00004	19409	0.0	0.5	0.5
893	PF00004	3029	0.5	0.5	0.5
894	PF00004	19423	0.0	0.0	0.0
895	PF00004	3041	0.0	0.0	0.0
896	PF00004	3042	0.0	0.5	0.5
897	PF00004	19427	0.0	0.5	0.5
898	PF00004	19431	0.0	0.5	0.5
899	PF00004	3052	0.5	0.0	0.5
900	PF00004	3055	0.5	1.0	1.0
901	PF00004	11247	0.0	1.0	1.0
902	PF00004	11253	0.0	0.0	0.0
903	PF00004	3068	0.0	0.0	0.0
904	PF00004	11261	0.0	1.0	1.0
905	PF00004	11262	0.0	1.0	1.0
906	PF00004	19455	0.0	0.0	0.0
907	PF00004	3073	0.5	1.0	1.0
908	PF00004	19457	0.5	0.0	0.5
909	PF00004	19458	0.0	1.0	1.0
910	PF00004	11272	0.0	0.5	0.5
911	PF00004	19466	0.0	0.0	0.0
912	PF00004	3084	0.0	0.5	0.5
913	PF00004	3087	0.0	0.0	0.0
914	PF00004	11285	0.0	0.0	0.0
915	PF00004	3094	0.0	0.5	0.5
916	PF00004	19484	0.5	0.5	0.5
917	PF00004	11297	0.0	0.0	0.0
918	PF00004	19489	0.0	0.0	0.0
919	PF00004	19493	0.0	0.5	0.5
920	PF00004	19494	0.0	1.0	1.0
921	PF00004	11303	0.0	1.0	1.0
922	PF00004	11304	0.0	1.0	1.0
923	PF00004	11311	0.0	0.5	0.5
924	PF00004	19504	0.0	0.5	0.5
925	PF00004	11313	0.0	0.5	0.5
926	PF00004	11315	0.0	0.5	0.5
927	PF00004	19507	0.0	1.0	1.0
928	PF00004	19509	0.0	0.0	0.0
929	PF00004	19519	1.0	0.5	1.0
930	PF00004	19522	0.0	0.0	0.0
931	PF00004	3142	0.0	0.5	0.5
932	PF00004	19527	0.0	0.5	0.5
933	PF00004	11339	0.0	1.0	1.0
934	PF00004	19532	0.0	1.0	1.0
935	PF00004	19536	0.0	0.5	0.5
936	PF00004	3153	0.0	0.5	0.5
937	PF00004	11345	0.5	0.5	0.0
938	PF00004	3156	0.0	1.0	1.0
939	PF00004	19542	0.0	1.0	1.0
940	PF00004	19543	0.0	0.0	0.0
941	PF00004	19548	0.0	0.0	0.0
942	PF00004	11363	0.5	0.5	0.5
943	PF00004	11364	0.0	1.0	1.0
944	PF00004	19555	0.0	0.5	0.5
945	PF00004	3174	0.0	0.0	0.0
946	PF00004	3179	0.0	0.5	0.5
947	PF00004	11372	0.0	1.0	1.0
948	PF00004	11373	0.0	1.0	1.0
949	PF00004	3187	0.0	1.0	1.0
950	PF00004	11383	0.0	0.5	0.5
951	PF00004	11384	0.0	0.0	0.0
952	PF00004	11395	0.0	0.5	0.5
953	PF00004	11398	0.0	0.0	0.0
954	PF00004	19597	0.0	0.0	0.0
955	PF00004	3217	0.0	0.5	0.5
956	PF00004	19603	0.0	1.0	1.0
957	PF00004	11412	0.0	0.5	0.5
958	PF00004	19604	0.0	0.5	0.5
959	PF00004	19608	0.0	0.0	0.0
960	PF00004	3225	0.0	0.5	0.5
961	PF00004	3226	0.0	0.5	0.5
962	PF00004	3229	0.0	1.0	1.0
963	PF00004	11422	0.0	0.5	0.5
964	PF00004	11426	0.0	0.5	0.5
965	PF00004	19618	0.0	1.0	1.0
966	PF00004	19627	0.0	1.0	1.0
967	PF00004	3250	0.0	0.5	0.5
968	PF00004	11448	0.0	0.0	0.0
969	PF00004	3267	0.0	1.0	1.0
970	PF00004	3268	0.0	0.5	0.5
971	PF00004	19653	0.0	0.0	0.0
972	PF00004	19656	0.5	1.0	1.0
973	PF00004	3274	0.0	0.0	0.0
974	PF00004	19659	0.0	0.0	0.0
975	PF00004	11471	0.0	0.0	0.0
976	PF00004	11474	0.0	0.0	0.0
977	PF00004	11476	0.0	1.0	1.0
978	PF00004	19670	0.0	1.0	1.0
979	PF00004	19671	0.0	0.5	0.5
980	PF00004	11480	0.0	0.0	0.0
981	PF00004	3292	0.0	0.5	0.5
982	PF00004	3293	0.0	0.5	0.5
983	PF00004	11486	0.0	0.5	0.5
984	PF00004	3295	0.5	1.0	1.0
985	PF00004	19680	0.0	0.5	0.5
986	PF00004	3301	0.0	0.5	0.5
987	PF00004	11494	0.0	1.0	1.0
988	PF00004	11495	0.5	0.5	0.0
989	PF00004	19687	0.5	0.5	1.0
990	PF00004	3305	0.0	0.0	0.0
991	PF00004	19692	0.0	0.5	0.5
992	PF00004	11517	0.0	0.0	0.0
993	PF00004	19709	0.0	1.0	1.0
994	PF00004	3331	0.0	0.0	0.0
995	PF00004	11531	0.0	0.5	0.5
996	PF00004	3343	0.0	0.0	0.0
997	PF00004	3344	0.0	0.0	0.0
998	PF00004	11535	0.0	1.0	1.0
999	PF00004	11537	0.0	0.0	0.0
1000	PF00004	19734	0.0	1.0	1.0
1001	PF00004	11544	0.0	0.5	0.5
1002	PF00004	19740	0.0	0.0	0.0
1003	PF00004	3357	0.0	0.0	0.0
1004	PF00004	19745	0.0	1.0	1.0
1005	PF00004	19747	0.0	0.0	0.0
1006	PF00004	11556	0.0	0.0	0.0
1007	PF00004	11557	0.0	1.0	1.0
1008	PF00004	11560	1.0	1.0	1.0
1009	PF00004	3369	0.5	0.5	0.0
1010	PF00004	11562	0.0	0.5	0.5
1011	PF00004	19752	0.5	0.0	0.5
1012	PF00004	11564	0.5	0.5	0.0
1013	PF00004	19754	1.0	1.0	0.0
1014	PF00004	3374	0.0	0.5	0.5
1015	PF00004	3375	0.0	1.0	1.0
1016	PF00004	19762	0.0	0.0	0.0
1017	PF00004	3381	0.0	0.5	0.5
1018	PF00004	19770	0.0	0.5	0.5
1019	PF00004	3390	0.0	0.5	0.5
1020	PF00004	3392	0.0	0.0	0.0
1021	PF00004	19776	0.0	0.0	0.0
1022	PF00004	19777	0.5	0.0	0.5
1023	PF00004	11590	0.0	0.0	0.0
1024	PF00004	11594	0.0	1.0	1.0
1025	PF00004	19786	0.0	1.0	1.0
1026	PF00004	19787	0.0	0.5	0.5
1027	PF00004	19797	0.0	0.0	0.0
1028	PF00004	3418	0.0	0.5	0.5
1029	PF00004	3420	0.0	0.5	0.5
1030	PF00004	3421	0.0	0.5	0.5
1031	PF00004	11614	0.0	0.0	0.0
1032	PF00004	19813	0.0	0.0	0.0
1033	PF00004	3431	0.0	0.5	0.5
1034	PF00004	3437	0.0	0.0	0.0
1035	PF00004	3441	0.0	0.0	0.0
1036	PF00004	3445	0.0	0.5	0.5
1037	PF00004	11638	0.0	0.0	0.0
1038	PF00004	19830	0.0	0.5	0.5
1039	PF00004	11642	0.0	0.0	0.0
1040	PF00004	3453	0.0	0.0	0.0
1041	PF00004	3454	0.0	1.0	1.0
1042	PF00004	11646	0.0	0.0	0.0
1043	PF00004	11650	0.0	0.0	0.0
1044	PF00004	11654	0.0	0.5	0.5
1045	PF00004	11658	0.0	0.0	0.0
1046	PF00004	11665	0.5	0.5	0.0
1047	PF00004	3477	0.0	0.5	0.5
1048	PF00004	19864	0.0	0.0	0.0
1049	PF00004	19871	0.0	0.5	0.5
1050	PF00004	3491	0.0	0.0	0.0
1051	PF00004	11693	0.0	0.5	0.5
1052	PF00004	19886	0.0	0.0	0.0
1053	PF00004	11695	0.0	1.0	1.0
1054	PF00004	11696	0.0	1.0	1.0
1055	PF00004	3507	0.0	0.0	0.0
1056	PF00004	11701	0.0	1.0	1.0
1057	PF00004	11705	0.0	0.0	0.0
1058	PF00004	19899	0.0	0.5	0.5
1059	PF00004	11714	0.0	0.5	0.5
1060	PF00004	11715	1.0	1.0	0.0
1061	PF00004	11719	0.0	0.0	0.0
1062	PF00004	3531	0.0	0.0	0.0
1063	PF00004	11723	0.5	1.0	1.0
1064	PF00004	19916	0.0	0.5	0.5
1065	PF00004	19933	0.0	0.5	0.5
1066	PF00004	3554	0.0	1.0	1.0
1067	PF00004	11746	0.0	0.5	0.5
1068	PF00004	3557	0.0	0.0	0.0
1069	PF00004	19941	0.0	0.5	0.5
1070	PF00004	19943	0.5	1.0	1.0
1071	PF00004	19945	1.0	1.0	1.0
1072	PF00004	3562	0.0	0.5	0.5
1073	PF00004	3565	0.0	0.0	0.0
1074	PF00004	3569	0.0	1.0	1.0
1075	PF00004	19958	0.0	0.0	0.0
1076	PF00004	11775	0.0	1.0	1.0
1077	PF00004	11780	0.0	1.0	1.0
1078	PF00004	19978	0.0	1.0	1.0
1079	PF00004	11788	0.0	1.0	1.0
1080	PF00004	3597	0.0	0.5	0.5
1081	PF00004	19980	0.0	0.5	0.5
1082	PF00004	19981	0.0	1.0	1.0
1083	PF00004	19983	0.0	0.5	0.5
1084	PF00004	3601	0.0	0.0	0.0
1085	PF00004	19985	0.0	1.0	1.0
1086	PF00004	19986	0.0	1.0	1.0
1087	PF00004	11802	0.0	1.0	1.0
1088	PF00004	3611	1.0	1.0	0.0
1089	PF00004	19997	0.0	1.0	1.0
1090	PF00004	19999	0.0	0.5	0.5
1091	PF00004	3628	0.0	0.5	0.5
1092	PF00004	3630	0.0	1.0	1.0
1093	PF00004	3637	0.0	0.5	0.5
1094	PF00004	11830	0.0	0.5	0.5
1095	PF00004	3641	0.0	0.0	0.0
1096	PF00004	11836	1.0	1.0	1.0
1097	PF00004	11838	0.0	1.0	1.0
1098	PF00004	3655	0.0	0.5	0.5
1099	PF00004	11856	0.0	0.0	0.0
1100	PF00004	11866	0.0	1.0	1.0
1101	PF00004	3677	0.0	0.0	0.0
1102	PF00004	11872	0.0	0.5	0.5
1103	PF00004	11874	0.0	0.0	0.0
1104	PF00004	3684	0.0	0.0	0.0
1105	PF00004	3688	0.0	1.0	1.0
1106	PF00004	11895	0.0	0.0	0.0
1107	PF00004	3710	0.5	1.0	0.5
1108	PF00004	3713	0.0	1.0	1.0
1109	PF00004	3714	0.0	0.5	0.5
1110	PF00004	3720	0.0	0.5	0.5
1111	PF00004	11917	0.0	0.5	0.5
1112	PF00004	11919	0.0	0.0	0.0
1113	PF00004	3727	0.5	0.5	0.5
1114	PF00004	11923	0.0	0.5	0.5
1115	PF00004	3739	0.5	0.5	0.0
1116	PF00004	3742	0.0	0.0	0.0
1117	PF00004	11939	0.0	0.0	0.0
1118	PF00004	11940	0.0	0.5	0.5
1119	PF00004	3749	0.0	0.5	0.5
1120	PF00004	3757	0.0	0.5	0.5
1121	PF00004	3763	0.0	0.0	0.0
1122	PF00004	11955	0.0	0.0	0.0
1123	PF00004	11965	0.0	0.0	0.0
1124	PF00004	11970	0.0	1.0	1.0
1125	PF00004	11971	0.0	0.0	0.0
1126	PF00004	3798	0.0	0.0	0.0
1127	PF00004	3811	0.0	0.0	0.0
1128	PF00004	12004	0.0	0.5	0.5
1129	PF00004	3813	0.0	1.0	1.0
1130	PF00004	3815	0.0	0.5	0.5
1131	PF00004	3819	0.0	0.5	0.5
1132	PF00004	12016	0.0	1.0	1.0
1133	PF00004	12040	0.0	1.0	1.0
1134	PF00004	12041	0.5	0.0	0.5
1135	PF00004	3851	1.0	1.0	0.5
1136	PF00004	12044	0.0	1.0	1.0
1137	PF00004	12046	0.0	0.5	0.5
1138	PF00004	12047	0.0	0.0	0.0
1139	PF00004	3864	0.0	1.0	1.0
1140	PF00004	12076	0.0	1.0	1.0
1141	PF00004	3891	0.0	0.5	0.5
1142	PF00004	12092	0.0	0.5	0.5
1143	PF00004	3901	0.0	1.0	1.0
1144	PF00004	3912	0.0	1.0	1.0
1145	PF00004	3914	0.0	0.5	0.5
1146	PF00004	12113	0.0	1.0	1.0
1147	PF00004	12116	0.0	1.0	1.0
1148	PF00004	3944	0.0	0.0	0.0
1149	PF00004	12145	0.0	1.0	1.0
1150	PF00004	12150	0.0	0.5	0.5
1151	PF00004	12156	0.0	1.0	1.0
1152	PF00004	12162	0.0	0.0	0.0
1153	PF00004	3973	0.0	0.0	0.0
1154	PF00004	12169	0.0	0.0	0.0
1155	PF00004	12174	0.0	0.5	0.5
1156	PF00004	12176	0.0	0.0	0.0
1157	PF00004	12179	0.0	1.0	1.0
1158	PF00004	3988	0.0	0.0	0.0
1159	PF00004	12183	0.0	1.0	1.0
1160	PF00004	12184	0.0	0.0	0.0
1161	PF00004	12186	0.0	0.5	0.5
1162	PF00004	3999	0.0	0.0	0.0
1163	PF00004	4001	0.0	0.0	0.0
1164	PF00004	12198	0.0	1.0	1.0
1165	PF00004	12200	0.0	0.5	0.5
1166	PF00004	12202	0.0	1.0	1.0
1167	PF00004	4015	0.5	0.0	0.5
1168	PF00004	12207	0.0	0.5	0.5
1169	PF00004	12209	0.0	0.5	0.5
1170	PF00004	4019	0.5	0.5	0.5
1171	PF00004	12220	0.0	0.0	0.0
1172	PF00004	4034	0.0	0.0	0.0
1173	PF00004	12235	0.0	1.0	1.0
1174	PF00004	12237	0.0	0.5	0.5
1175	PF00004	12250	0.0	0.5	0.5
1176	PF00004	12255	0.0	0.0	0.0
1177	PF00004	12261	0.0	1.0	1.0
1178	PF00004	12266	0.0	1.0	1.0
1179	PF00004	4091	0.0	0.5	0.5
1180	PF00004	12290	0.5	0.5	0.0
1181	PF00004	12299	0.0	1.0	1.0
1182	PF00004	4108	0.0	0.5	0.5
1183	PF00004	4110	0.0	0.0	0.0
1184	PF00004	4115	0.0	0.0	0.0
1185	PF00004	12313	0.0	0.5	0.5
1186	PF00004	12317	0.0	0.5	0.5
1187	PF00004	12324	0.0	0.0	0.0
1188	PF00004	4134	0.0	1.0	1.0
1189	PF00004	12330	0.0	0.5	0.5
1190	PF00004	12331	0.0	1.0	1.0
1191	PF00004	4143	0.0	0.5	0.5
1192	PF00004	12338	0.0	1.0	1.0
1193	PF00004	4147	0.0	0.5	0.5
1194	PF00004	12339	0.0	1.0	1.0
1195	PF00004	12343	0.0	0.5	0.5
1196	PF00004	12346	0.0	0.0	0.0
1197	PF00004	4159	0.0	0.0	0.0
1198	PF00004	4165	0.0	0.5	0.5
1199	PF00004	4168	0.0	1.0	1.0
1200	PF00004	4172	0.0	1.0	1.0
1201	PF00004	12374	0.0	1.0	1.0
1202	PF00004	4189	0.0	0.0	0.0
1203	PF00004	12384	0.0	0.5	0.5
1204	PF00004	12395	1.0	1.0	0.0
1205	PF00004	4209	0.0	1.0	1.0
1206	PF00004	4213	0.0	1.0	1.0
1207	PF00004	12412	0.0	0.5	0.5
1208	PF00004	12416	0.0	0.0	0.0
1209	PF00004	12419	0.0	0.5	0.5
1210	PF00004	4233	0.0	0.5	0.5
1211	PF00004	4244	0.0	0.5	0.5
1212	PF00004	4256	0.0	1.0	1.0
1213	PF00004	4264	0.0	0.0	0.0
1214	PF00004	12469	0.0	0.5	0.5
1215	PF00004	12474	0.0	0.0	0.0
1216	PF00004	4298	0.0	1.0	1.0
1217	PF00004	4301	0.0	0.0	0.0
1218	PF00004	4313	0.0	0.0	0.0
1219	PF00004	12505	0.0	1.0	1.0
1220	PF00004	4325	0.0	0.5	0.5
1221	PF00004	4331	0.5	0.0	0.5
1222	PF00004	12534	0.0	0.5	0.5
1223	PF00004	4347	0.0	0.0	0.0
1224	PF00004	4359	0.5	0.5	0.5
1225	PF00004	4361	0.0	0.5	0.5
1226	PF00004	4362	0.0	0.5	0.5
1227	PF00004	4364	0.0	0.0	0.0
1228	PF00004	4381	0.0	1.0	1.0
1229	PF00004	4390	0.5	1.0	1.0
1230	PF00004	12583	0.0	0.0	0.0
1231	PF00004	12589	0.0	0.0	0.0
1232	PF00004	12593	0.0	0.0	0.0
1233	PF00004	12596	0.0	1.0	1.0
1234	PF00004	4407	0.0	1.0	1.0
1235	PF00004	12601	0.0	0.0	0.0
1236	PF00004	12608	0.0	0.5	0.5
1237	PF00004	12612	0.0	0.5	0.5
1238	PF00004	4426	0.0	1.0	1.0
1239	PF00004	4427	0.0	0.0	0.0
1240	PF00004	4431	0.0	1.0	1.0
1241	PF00004	4432	0.0	0.0	0.0
1242	PF00004	4433	0.0	0.0	0.0
1243	PF00004	4438	0.0	1.0	1.0
1244	PF00004	4441	0.0	0.5	0.5
1245	PF00004	4444	0.0	1.0	1.0
1246	PF00004	12641	0.0	0.0	0.0
1247	PF00004	4452	0.0	0.0	0.0
1248	PF00004	4453	0.0	0.5	0.5
1249	PF00004	12648	0.0	1.0	1.0
1250	PF00004	12652	0.0	0.5	0.5
1251	PF00004	12653	0.0	0.0	0.0
1252	PF00004	4466	0.0	0.0	0.0
1253	PF00004	4471	0.0	1.0	1.0
1254	PF00004	12667	0.0	1.0	1.0
1255	PF00004	12677	0.0	0.0	0.0
1256	PF00004	12678	0.0	0.5	0.5
1257	PF00004	4492	0.0	1.0	1.0
1258	PF00004	12686	0.0	0.5	0.5
1259	PF00004	4495	0.0	0.5	0.5
1260	PF00004	4496	0.0	0.5	0.5
1261	PF00004	12687	0.0	0.5	0.5
1262	PF00004	4498	0.0	0.0	1.0
1263	PF00004	12689	0.0	1.0	1.0
1264	PF00004	4500	0.0	0.0	0.0
1265	PF00004	4518	0.0	1.0	1.0
1266	PF00004	12714	0.5	0.5	0.0
1267	PF00004	12733	0.0	0.0	0.0
1268	PF00004	4544	0.0	0.0	0.0
1269	PF00004	4545	0.0	0.5	0.5
1270	PF00004	4556	0.0	1.0	1.0
1271	PF00004	12758	0.5	0.5	0.0
1272	PF00004	4567	0.0	0.5	0.5
1273	PF00004	12764	0.0	0.0	0.0
1274	PF00004	12766	0.0	1.0	1.0
1275	PF00004	12772	0.0	1.0	1.0
1276	PF00004	12773	0.0	1.0	1.0
1277	PF00004	12776	0.0	0.5	0.5
1278	PF00004	12791	0.0	0.5	0.5
1279	PF00004	4600	0.0	0.0	0.0
1280	PF00004	4612	0.0	0.5	0.5
1281	PF00004	4613	0.0	1.0	1.0
1282	PF00004	12804	0.0	1.0	1.0
1283	PF00004	4617	0.0	0.0	0.0
1284	PF00004	12809	0.0	0.5	0.5
1285	PF00004	4622	0.0	1.0	1.0
1286	PF00004	12820	0.0	0.5	0.5
1287	PF00004	4633	0.0	1.0	1.0
1288	PF00004	4638	0.0	0.0	0.0
1289	PF00004	4643	0.0	0.0	0.0
1290	PF00004	4645	0.0	1.0	1.0
1291	PF00004	4649	0.0	0.5	0.5
1292	PF00004	4663	0.0	1.0	1.0
1293	PF00004	12858	0.0	1.0	1.0
1294	PF00004	4671	0.0	0.0	0.0
1295	PF00004	4674	1.0	0.5	1.0
1296	PF00004	4676	0.0	0.5	0.5
1297	PF00004	12875	0.0	1.0	1.0
1298	PF00004	12876	0.0	0.0	0.0
1299	PF00004	12881	0.0	1.0	1.0
1300	PF00004	12892	0.0	1.0	1.0
1301	PF00004	4704	0.0	0.0	0.0
1302	PF00004	12911	0.0	1.0	1.0
1303	PF00004	12914	0.0	0.0	0.0
1304	PF00004	4730	0.0	1.0	1.0
1305	PF00004	4736	0.0	0.0	0.0
1306	PF00004	4737	0.0	0.0	0.0
1307	PF00004	4738	1.0	0.5	1.0
1308	PF00004	4749	0.0	0.5	0.5
1309	PF00004	12942	0.0	0.0	0.0
1310	PF00004	12947	0.0	0.5	0.5
1311	PF00004	4758	0.0	0.0	0.0
1312	PF00004	12952	0.0	1.0	1.0
1313	PF00004	4761	0.0	0.5	0.5
1314	PF00004	4778	0.0	0.5	0.5
1315	PF00004	4781	0.0	0.0	0.0
1316	PF00004	12973	0.0	0.5	0.5
1317	PF00004	12976	0.0	0.0	0.0
1318	PF00004	12978	0.0	0.0	0.0
1319	PF00004	4791	0.0	1.0	1.0
1320	PF00004	12985	0.0	0.0	0.0
1321	PF00004	12988	0.0	1.0	1.0
1322	PF00004	12991	0.0	0.0	0.0
1323	PF00004	4800	0.0	0.0	0.0
1324	PF00004	4805	0.0	1.0	1.0
1325	PF00004	4806	0.5	0.0	0.5
1326	PF00004	4807	0.0	1.0	1.0
1327	PF00004	12998	0.0	0.0	0.0
1328	PF00004	13000	0.0	1.0	1.0
1329	PF00004	4810	0.0	1.0	1.0
1330	PF00004	13014	0.0	1.0	1.0
1331	PF00004	4832	0.0	0.0	0.0
1332	PF00004	13026	0.0	0.5	0.5
1333	PF00004	4836	0.0	0.0	0.0
1334	PF00004	13032	0.5	0.0	0.5
1335	PF00004	4842	0.0	0.0	0.0
1336	PF00004	4847	0.0	0.0	0.0
1337	PF00004	4854	0.0	1.0	1.0
1338	PF00004	4855	0.0	0.0	0.0
1339	PF00004	13047	0.0	0.5	0.5
1340	PF00004	4859	0.0	0.5	0.5
1341	PF00004	13052	1.0	0.0	1.0
1342	PF00004	4874	0.0	0.0	0.0
1343	PF00004	13068	0.0	1.0	1.0
1344	PF00004	4883	0.5	1.0	1.0
1345	PF00004	13077	0.0	0.5	0.5
1346	PF00004	13082	0.0	0.0	0.0
1347	PF00004	4893	0.0	0.5	0.5
1348	PF00004	4896	0.0	0.0	0.0
1349	PF00004	13088	0.0	0.0	0.0
1350	PF00004	4911	0.0	0.0	0.0
1351	PF00004	4918	0.0	0.5	0.5
1352	PF00004	13117	0.0	0.5	0.5
1353	PF00004	13122	0.5	0.5	0.0
1354	PF00004	4932	0.0	0.0	0.0
1355	PF00004	13126	0.0	0.0	0.0
1356	PF00004	4945	0.5	0.5	0.0
1357	PF00004	13150	0.0	0.5	0.5
1358	PF00004	4965	0.0	1.0	1.0
1359	PF00004	4972	0.0	0.0	0.0
1360	PF00004	4977	0.0	0.5	0.5
1361	PF00004	13169	1.0	1.0	0.5
1362	PF00004	13179	0.0	0.0	0.0
1363	PF00004	13185	0.0	0.0	0.0
1364	PF00004	13193	0.0	0.5	0.5
1365	PF00004	5011	0.0	0.5	0.5
1366	PF00004	5017	0.0	0.0	0.0
1367	PF00004	13217	0.0	0.0	0.0
1368	PF00004	5030	0.0	0.5	0.5
1369	PF00004	13222	0.0	0.5	0.5
1370	PF00004	13225	0.0	0.0	0.0
1371	PF00004	13227	0.0	0.5	0.5
1372	PF00004	13235	0.0	0.0	0.0
1373	PF00004	13240	0.0	0.0	0.0
1374	PF00004	5052	0.0	0.0	0.0
1375	PF00004	5053	0.0	1.0	1.0
1376	PF00004	13246	0.5	0.5	0.0
1377	PF00004	5057	0.0	1.0	1.0
1378	PF00004	13259	0.0	0.0	0.0
1379	PF00004	13262	1.0	1.0	0.5
1380	PF00004	5074	0.0	0.0	0.0
1381	PF00004	5079	0.0	0.5	0.5
1382	PF00004	5085	0.0	0.5	0.5
1383	PF00004	13282	0.0	0.5	0.5
1384	PF00004	13285	0.0	0.0	0.0
1385	PF00004	5105	0.0	0.5	0.5
1386	PF00004	5106	0.0	0.0	0.0
1387	PF00004	13297	0.0	1.0	1.0
1388	PF00004	5110	0.5	0.5	0.5
1389	PF00004	5123	0.0	0.0	0.0
1390	PF00004	5125	0.5	0.0	0.5
1391	PF00004	5127	0.0	1.0	1.0
1392	PF00004	13324	0.0	0.0	0.0
1393	PF00004	5137	0.0	1.0	1.0
1394	PF00004	13351	0.0	0.5	0.5
1395	PF00004	5178	0.0	0.0	0.0
1396	PF00004	5179	0.0	0.5	0.5
1397	PF00004	5180	0.0	0.0	0.0
1398	PF00004	13381	0.0	0.0	0.0
1399	PF00004	5190	0.0	0.5	0.5
1400	PF00004	13396	0.0	0.5	0.5
1401	PF00004	13400	1.0	1.0	0.0
1402	PF00004	13404	0.0	1.0	1.0
1403	PF00004	13408	0.0	0.5	0.5
1404	PF00004	13410	0.0	0.5	0.5
1405	PF00004	13418	0.0	0.5	0.5
1406	PF00004	5233	0.0	0.5	0.5
1407	PF00004	5234	0.0	0.5	0.5
1408	PF00004	13429	0.0	0.0	0.0
1409	PF00004	5238	0.0	0.5	0.5
1410	PF00004	5239	0.0	0.5	0.5
1411	PF00004	13430	0.0	0.0	0.0
1412	PF00004	5241	0.0	0.0	0.0
1413	PF00004	5250	0.0	1.0	1.0
1414	PF00004	13447	0.0	0.0	0.0
1415	PF00004	5257	0.0	0.0	0.0
1416	PF00004	5259	0.0	0.0	0.0
1417	PF00004	13457	0.0	1.0	1.0
1418	PF00004	13468	0.0	0.5	0.5
1419	PF00004	5277	0.0	0.5	0.5
1420	PF00004	13473	0.5	1.0	0.5
1421	PF00004	5288	0.0	0.5	0.5
1422	PF00004	13480	0.0	1.0	1.0
1423	PF00004	13482	0.5	0.5	0.0
1424	PF00004	5296	0.0	0.0	0.0
1425	PF00004	13491	0.0	0.0	0.0
1426	PF00004	5300	0.0	0.5	0.5
1427	PF00004	5302	0.0	1.0	1.0
1428	PF00004	13501	0.0	0.5	0.5
1429	PF00004	5312	0.0	0.0	0.0
1430	PF00004	13504	0.0	0.0	0.0
1431	PF00004	13508	0.0	0.5	0.5
1432	PF00004	5320	0.5	0.5	0.5
1433	PF00004	5321	0.0	0.0	0.0
1434	PF00004	13519	0.0	1.0	1.0
1435	PF00004	5335	0.0	1.0	1.0
1436	PF00004	5343	0.0	0.5	0.5
1437	PF00004	13546	0.0	0.5	0.5
1438	PF00004	13548	0.0	0.0	0.0
1439	PF00004	13551	0.0	0.5	0.5
1440	PF00004	5371	0.0	0.5	0.5
1441	PF00004	13565	0.0	0.5	0.5
1442	PF00004	5374	0.0	0.0	0.0
1443	PF00004	13569	0.0	1.0	1.0
1444	PF00004	13576	0.0	0.0	0.0
1445	PF00004	5388	0.0	0.0	0.0
1446	PF00004	5391	0.0	0.0	0.0
1447	PF00004	13585	0.0	0.5	0.5
1448	PF00004	13599	0.0	0.5	0.5
1449	PF00004	5409	0.0	1.0	1.0
1450	PF00004	13606	0.0	0.5	0.5
1451	PF00004	5416	0.0	0.5	0.5
1452	PF00004	13613	0.0	0.0	0.0
1453	PF00004	5424	0.0	0.5	0.5
1454	PF00004	5430	0.0	1.0	1.0
1455	PF00004	13622	0.0	1.0	1.0
1456	PF00004	13624	0.0	0.5	0.5
1457	PF00004	5436	0.0	0.5	0.5
1458	PF00004	13630	0.0	0.5	0.5
1459	PF00004	5443	0.0	0.0	0.0
1460	PF00004	13636	0.0	0.5	0.5
1461	PF00004	5446	0.0	1.0	1.0
1462	PF00004	5449	0.0	1.0	1.0
1463	PF00004	5451	0.0	1.0	1.0
1464	PF00004	13646	0.0	0.0	0.0
1465	PF00004	13660	0.0	0.5	0.5
1466	PF00004	5476	0.0	0.5	0.5
1467	PF00004	13670	0.0	0.0	0.0
1468	PF00004	13674	0.0	1.0	1.0
1469	PF00004	5487	0.0	0.0	0.0
1470	PF00004	5491	0.0	0.5	0.5
1471	PF00004	5496	0.0	0.0	0.0
1472	PF00004	13704	0.0	0.0	0.0
1473	PF00004	13712	0.0	1.0	1.0
1474	PF00004	13717	0.0	0.0	0.0
1475	PF00004	13719	0.0	1.0	1.0
1476	PF00004	5531	0.0	0.0	0.0
1477	PF00004	5537	0.5	0.5	0.0
1478	PF00004	5540	0.0	1.0	1.0
1479	PF00004	13738	0.0	1.0	1.0
1480	PF00004	13747	0.0	0.5	0.5
1481	PF00004	5561	0.0	0.0	0.0
1482	PF00004	13761	0.0	0.5	0.5
1483	PF00004	5570	0.0	0.5	0.5
1484	PF00004	13773	0.0	0.0	0.0
1485	PF00004	13774	0.0	0.5	0.5
1486	PF00004	13775	0.0	0.5	0.5
1487	PF00004	5589	0.0	1.0	1.0
1488	PF00004	5593	0.0	1.0	1.0
1489	PF00004	5601	0.0	0.5	0.5
1490	PF00004	13808	0.0	0.5	0.5
1491	PF00004	13809	0.0	0.5	0.5
1492	PF00004	5623	0.0	1.0	1.0
1493	PF00004	5627	0.0	0.5	0.5
1494	PF00004	13829	0.0	1.0	1.0
1495	PF00004	13833	0.0	0.0	0.0
1496	PF00004	5645	0.0	1.0	1.0
1497	PF00004	5646	0.0	0.0	0.0
1498	PF00004	13844	0.0	1.0	1.0
1499	PF00004	5656	0.0	1.0	1.0
1500	PF00004	5657	0.0	0.0	0.0
1501	PF00004	13850	0.0	1.0	1.0
1502	PF00004	13860	0.0	1.0	1.0
1503	PF00004	5676	0.0	1.0	1.0
1504	PF00004	13878	0.5	0.5	0.0
1505	PF00004	5694	0.0	0.0	0.0
1506	PF00004	5700	0.0	0.0	0.0
1507	PF00004	13892	0.0	1.0	1.0
1508	PF00004	5705	0.0	0.0	0.0
1509	PF00004	5714	0.5	0.0	0.5
1510	PF00004	13911	0.0	1.0	1.0
1511	PF00004	13914	0.5	0.5	0.0
1512	PF00004	5725	0.0	0.5	0.5
1513	PF00004	13918	0.0	1.0	1.0
1514	PF00004	5727	0.0	0.5	0.5
1515	PF00004	13919	1.0	1.0	0.0
1516	PF00004	13920	0.0	0.5	0.5
1517	PF00004	13924	0.0	0.0	0.0
1518	PF00004	13932	0.0	0.5	0.5
1519	PF00004	5746	0.0	0.0	0.0
1520	PF00004	5751	0.0	0.0	0.0
1521	PF00004	5753	0.0	0.0	0.0
1522	PF00004	13947	1.0	1.0	0.0
1523	PF00004	5758	0.0	1.0	1.0
1524	PF00004	13950	0.0	0.0	0.0
1525	PF00004	5760	0.5	0.0	0.5
1526	PF00004	5773	0.0	0.5	0.5
1527	PF00004	13965	0.0	0.0	0.0
1528	PF00004	13966	1.0	1.0	0.0
1529	PF00004	5777	0.0	0.0	0.0
1530	PF00004	5780	0.0	0.5	0.5
1531	PF00004	5783	0.0	0.0	0.0
1532	PF00004	5789	0.0	0.0	0.0
1533	PF00004	5792	0.0	0.0	0.0
1534	PF00004	13987	0.0	0.5	0.5
1535	PF00004	5798	0.0	0.0	0.0
1536	PF00004	13993	0.0	1.0	1.0
1537	PF00004	5802	0.0	0.5	0.5
1538	PF00004	13995	0.0	0.0	0.0
1539	PF00004	13998	0.0	0.5	0.5
1540	PF00004	13999	0.5	0.5	0.0
1541	PF00004	14026	0.0	0.0	0.0
1542	PF00004	14037	0.0	0.0	0.0
1543	PF00004	14040	0.0	0.0	0.0
1544	PF00004	14044	0.0	0.5	0.5
1545	PF00004	5856	0.0	0.0	0.0
1546	PF00004	14052	0.0	0.0	0.0
1547	PF00004	14053	0.0	1.0	1.0
1548	PF00004	14057	0.0	0.5	0.5
1549	PF00004	14061	0.0	0.0	0.0
1550	PF00004	5871	0.5	1.0	0.5
1551	PF00004	14070	0.0	1.0	1.0
1552	PF00004	5879	1.0	1.0	0.0
1553	PF00004	5882	0.0	0.0	0.0
1554	PF00004	14076	0.0	0.0	0.0
1555	PF00004	14084	0.0	0.5	0.5
1556	PF00004	5893	0.0	1.0	1.0
1557	PF00004	5896	0.0	0.5	0.5
1558	PF00004	5902	0.0	0.5	0.5
1559	PF00004	14099	0.0	1.0	1.0
1560	PF00004	5908	0.0	0.0	0.0
1561	PF00004	14110	0.0	0.0	0.0
1562	PF00004	14114	0.0	0.0	0.0
1563	PF00004	14115	0.0	0.0	0.0
1564	PF00004	14125	0.0	1.0	1.0
1565	PF00004	5942	0.0	0.0	0.0
1566	PF00004	14136	0.0	0.0	0.0
1567	PF00004	5950	0.0	0.0	0.0
1568	PF00004	5952	0.0	0.0	0.0
1569	PF00004	5960	0.5	1.0	0.5
1570	PF00004	14154	0.0	0.5	0.5
1571	PF00004	14173	0.0	0.0	0.0
1572	PF00004	5985	0.0	0.5	0.5
1573	PF00004	5987	0.0	0.5	0.5
1574	PF00004	14179	0.0	0.5	0.5
1575	PF00004	5989	0.0	1.0	1.0
1576	PF00004	5990	0.0	0.0	0.0
1577	PF00004	5998	0.0	0.5	0.5
1578	PF00004	14192	0.0	0.5	0.5
1579	PF00004	14200	0.0	0.5	0.5
1580	PF00004	6013	0.0	0.5	0.5
1581	PF00004	14208	0.0	0.5	0.5
1582	PF00004	14211	0.0	0.5	0.5
1583	PF00004	14232	0.5	0.0	0.5
1584	PF00004	6043	0.0	0.5	0.5
1585	PF00004	14244	0.0	0.5	0.5
1586	PF00004	6060	0.0	0.5	0.5
1587	PF00004	14258	0.0	0.5	0.5
1588	PF00004	14263	0.0	1.0	1.0
1589	PF00004	14270	0.0	0.5	0.5
1590	PF00004	6083	0.0	0.5	0.5
1591	PF00004	14278	0.5	1.0	0.5
1592	PF00004	6091	0.0	1.0	1.0
1593	PF00004	14287	1.0	0.5	1.0
1594	PF00004	14288	0.0	0.0	0.0
1595	PF00004	14289	0.0	0.5	0.5
1596	PF00004	14290	1.0	0.5	1.0
1597	PF00004	6100	0.0	0.0	0.0
1598	PF00004	6103	0.0	0.0	0.0
1599	PF00004	14296	0.0	1.0	1.0
1600	PF00004	14297	0.5	0.5	0.0
1601	PF00004	6117	0.0	0.0	0.0
1602	PF00004	14310	0.0	0.5	0.5
1603	PF00004	6123	0.0	0.0	0.0
1604	PF00004	6141	0.0	0.5	0.5
1605	PF00004	6151	0.0	0.0	0.0
1606	PF00004	6155	0.0	1.0	1.0
1607	PF00004	6169	0.5	0.5	0.5
1608	PF00004	14370	0.0	0.0	0.0
1609	PF00004	14374	1.0	1.0	0.5
1610	PF00004	6184	0.0	1.0	1.0
1611	PF00004	6185	0.0	0.0	0.0
1612	PF00004	6191	0.0	0.5	0.5
1613	PF00004	14383	0.0	0.0	0.0
1614	PF00004	14389	0.0	0.5	0.5
1615	PF00004	14398	0.0	0.0	0.0
1616	PF00004	14415	0.5	1.0	1.0
1617	PF00004	6230	0.5	0.5	0.5
1618	PF00004	14423	0.0	0.0	0.0
1619	PF00004	14424	0.0	0.0	0.0
1620	PF00004	6234	0.0	0.5	0.5
1621	PF00004	6237	0.0	0.0	0.0
1622	PF00004	6239	0.0	1.0	1.0
1623	PF00004	14431	0.0	1.0	1.0
1624	PF00004	14435	0.0	0.0	0.0
1625	PF00004	14438	0.0	0.0	0.0
1626	PF00004	6255	0.0	1.0	1.0
1627	PF00004	14452	0.0	0.0	0.0
1628	PF00004	6263	0.0	0.5	0.5
1629	PF00004	6266	0.5	0.0	0.5
1630	PF00004	6270	0.0	0.5	0.5
1631	PF00004	6277	0.5	0.5	0.0
1632	PF00004	6284	0.0	0.0	0.0
1633	PF00004	6289	0.0	0.5	0.5
1634	PF00004	14485	0.0	0.0	0.0
1635	PF00004	6295	0.0	0.5	0.5
1636	PF00004	6296	0.0	0.5	0.5
1637	PF00004	14487	0.0	1.0	1.0
1638	PF00004	14490	0.0	1.0	1.0
1639	PF00004	14503	0.0	0.5	0.5
1640	PF00004	6314	0.0	0.0	0.0
1641	PF00004	14513	0.0	0.0	0.0
1642	PF00004	6332	0.0	1.0	1.0
1643	PF00004	14528	0.0	1.0	1.0
1644	PF00004	6343	0.0	0.0	0.0
1645	PF00004	14537	0.0	1.0	1.0
1646	PF00004	14542	0.5	0.0	0.5
1647	PF00004	6360	0.0	0.5	0.5
1648	PF00004	14552	0.0	0.0	0.0
1649	PF00004	14553	0.0	1.0	1.0
1650	PF00004	14556	0.0	1.0	1.0
1651	PF00004	14560	0.0	1.0	1.0
1652	PF00004	6369	0.0	1.0	1.0
1653	PF00004	14562	0.0	0.5	0.5
1654	PF00004	6372	0.0	0.0	0.0
1655	PF00004	14566	0.0	0.5	0.5
1656	PF00004	6375	0.0	0.0	0.0
1657	PF00004	6377	0.0	0.0	0.0
1658	PF00004	6397	0.0	0.0	0.0
1659	PF00004	14590	0.0	0.0	0.0
1660	PF00004	14595	0.0	1.0	1.0
1661	PF00004	14597	0.0	0.0	0.0
1662	PF00004	6407	0.5	0.0	0.5
1663	PF00004	14600	0.0	1.0	1.0
1664	PF00004	6421	0.0	0.0	0.0
1665	PF00004	6431	0.0	0.5	0.5
1666	PF00004	6442	0.0	0.0	0.0
1667	PF00004	6447	0.0	0.0	0.0
1668	PF00004	14647	0.0	0.0	0.0
1669	PF00004	6457	0.0	0.0	0.0
1670	PF00004	6470	0.0	0.5	0.5
1671	PF00004	6472	0.5	0.5	0.0
1672	PF00004	14664	0.5	0.0	0.5
1673	PF00004	6489	0.0	0.5	0.5
1674	PF00004	14684	0.0	0.5	0.5
1675	PF00004	14689	0.0	1.0	1.0
1676	PF00004	6515	0.0	0.5	0.5
1677	PF00004	14717	0.0	0.5	0.5
1678	PF00004	6531	0.0	0.5	0.5
1679	PF00004	6541	0.0	0.5	0.5
1680	PF00004	6543	0.0	0.0	0.0
1681	PF00004	6547	0.0	1.0	1.0
1682	PF00004	14750	0.0	1.0	1.0
1683	PF00004	6564	0.0	0.5	0.5
1684	PF00004	14756	0.5	0.5	0.5
1685	PF00004	6566	0.0	0.0	0.0
1686	PF00004	6571	1.0	1.0	1.0
1687	PF00004	6574	0.0	0.5	0.5
1688	PF00004	6586	0.0	0.0	0.0
1689	PF00004	6589	0.0	0.5	0.5
1690	PF00004	14789	0.0	0.5	0.5
1691	PF00004	6611	0.0	0.0	0.0
1692	PF00004	6617	0.0	0.5	0.5
1693	PF00004	14819	0.0	0.5	0.5
1694	PF00004	14821	0.0	0.5	0.5
1695	PF00004	6639	0.0	0.5	0.5
1696	PF00004	6641	0.0	1.0	1.0
1697	PF00004	6646	0.5	0.5	0.0
1698	PF00004	14838	0.0	0.0	0.0
1699	PF00004	6653	0.0	0.5	0.5
1700	PF00004	14847	0.0	0.0	0.0
1701	PF00004	6656	0.0	0.0	0.0
1702	PF00004	14860	0.0	0.0	0.0
1703	PF00004	6676	0.0	0.0	0.0
1704	PF00004	14871	0.0	0.5	0.5
1705	PF00004	6705	0.0	1.0	1.0
1706	PF00004	14900	0.0	1.0	1.0
1707	PF00004	6722	0.0	0.0	0.0
1708	PF00004	6723	0.5	0.0	0.5
1709	PF00004	6732	0.0	0.0	0.0
1710	PF00004	6737	0.0	0.5	0.5
1711	PF00004	6738	0.0	1.0	1.0
1712	PF00004	6739	0.0	0.5	0.5
1713	PF00004	14949	0.0	0.5	0.5
1714	PF00004	6765	1.0	1.0	0.0
1715	PF00004	6768	0.0	0.5	0.5
1716	PF00004	6777	0.0	0.5	0.5
1717	PF00004	6784	0.0	1.0	1.0
1718	PF00004	6800	0.0	0.0	0.0
1719	PF00004	6802	0.0	0.5	0.5
1720	PF00004	14997	0.0	0.0	0.0
1721	PF00004	6808	0.0	1.0	1.0
1722	PF00004	6810	0.0	0.5	0.5
1723	PF00004	6820	0.0	0.0	0.0
1724	PF00004	15024	0.0	0.5	0.5
1725	PF00004	6834	0.5	1.0	1.0
1726	PF00004	15035	0.0	0.5	0.5
1727	PF00004	15049	0.0	1.0	1.0
1728	PF00004	6874	0.0	0.5	0.5
1729	PF00004	15070	0.0	0.0	0.0
1730	PF00004	15071	0.0	0.0	0.0
1731	PF00004	6882	0.0	0.5	0.5
1732	PF00004	6883	0.0	0.0	0.0
1733	PF00004	15084	0.0	0.5	0.5
1734	PF00004	6894	0.0	0.5	0.5
1735	PF00004	6895	0.0	0.0	0.0
1736	PF00004	15088	0.5	0.5	0.5
1737	PF00004	6899	0.0	0.5	0.5
1738	PF00004	15097	0.0	1.0	1.0
1739	PF00004	6911	0.0	0.5	0.5
1740	PF00004	15107	0.0	0.5	0.5
1741	PF00004	6918	0.0	0.5	0.5
1742	PF00004	15115	0.0	0.0	0.0
1743	PF00004	6925	0.0	0.5	0.5
1744	PF00004	15126	0.0	0.5	0.5
1745	PF00004	6939	0.0	1.0	1.0
1746	PF00004	6942	0.0	1.0	1.0
1747	PF00004	6944	0.0	0.5	0.5
1748	PF00004	15141	0.0	0.0	0.0
1749	PF00004	6950	0.0	1.0	1.0
1750	PF00004	15148	1.0	1.0	1.0
1751	PF00004	15150	0.0	0.5	0.5
1752	PF00004	15152	0.0	0.5	0.5
1753	PF00004	6961	0.0	0.5	0.5
1754	PF00004	15153	0.0	0.0	0.0
1755	PF00004	15157	0.0	0.5	0.5
1756	PF00004	6967	0.0	1.0	1.0
1757	PF00004	15159	0.0	0.5	0.5
1758	PF00004	6971	1.0	1.0	1.0
1759	PF00004	6981	0.0	0.5	0.5
1760	PF00004	6982	0.0	0.0	0.0
1761	PF00004	6989	0.0	0.5	0.5
1762	PF00004	15184	0.0	0.5	0.5
1763	PF00004	6997	0.0	0.0	0.0
1764	PF00004	7006	0.0	1.0	1.0
1765	PF00004	7010	0.0	0.0	0.0
1766	PF00004	7011	0.0	0.0	0.0
1767	PF00004	15203	0.0	0.0	0.0
1768	PF00004	7023	0.0	0.0	0.0
1769	PF00004	15223	0.0	1.0	1.0
1770	PF00004	15230	0.0	0.0	0.0
1771	PF00004	7042	0.0	1.0	1.0
1772	PF00004	7044	0.0	0.5	0.5
1773	PF00004	7053	0.0	0.5	0.5
1774	PF00004	7057	0.0	0.0	0.0
1775	PF00004	7058	0.0	1.0	1.0
1776	PF00004	7060	0.0	1.0	1.0
1777	PF00004	15252	0.0	1.0	1.0
1778	PF00004	15255	0.0	1.0	1.0
1779	PF00004	7070	0.0	0.0	0.0
1780	PF00004	15266	0.0	0.0	0.0
1781	PF00004	7080	0.0	1.0	1.0
1782	PF00004	7084	0.0	0.5	0.5
1783	PF00004	15283	0.0	1.0	1.0
1784	PF00004	15306	0.5	0.5	0.0
1785	PF00004	7115	0.0	0.0	0.0
1786	PF00004	7120	0.0	0.0	0.0
1787	PF00004	15314	0.0	0.5	0.5
1788	PF00004	7124	0.0	0.5	0.5
1789	PF00004	15318	0.0	0.5	0.5
1790	PF00004	15329	0.0	0.0	0.0
1791	PF00004	7138	0.0	0.0	0.0
1792	PF00004	15339	0.0	0.5	0.5
1793	PF00004	7148	0.0	0.5	0.5
1794	PF00004	7152	0.0	0.0	0.0
1795	PF00004	15344	0.0	0.5	0.5
1796	PF00004	7155	0.0	1.0	1.0
1797	PF00004	15350	0.0	0.0	0.0
1798	PF00004	7159	0.0	0.5	0.5
1799	PF00004	15359	0.0	0.5	0.5
1800	PF00004	15361	0.0	0.0	1.0
1801	PF00004	15369	0.0	0.0	0.0
1802	PF00004	7180	0.0	0.5	0.5
1803	PF00004	15375	1.0	1.0	1.0
1804	PF00004	7185	0.0	1.0	1.0
1805	PF00004	7187	0.0	0.5	0.5
1806	PF00004	15386	0.0	1.0	1.0
1807	PF00004	7197	0.0	0.5	0.5
1808	PF00004	7207	0.0	0.0	0.0
1809	PF00004	15399	0.0	0.0	0.0
1810	PF00004	7209	0.0	1.0	1.0
1811	PF00004	7215	0.5	1.0	1.0
1812	PF00004	7219	0.0	1.0	1.0
1813	PF00004	7228	0.0	0.5	0.5
1814	PF00004	15423	0.0	0.0	0.0
1815	PF00004	7240	0.0	0.0	0.0
1816	PF00004	15445	0.0	1.0	1.0
1817	PF00004	7254	0.5	0.0	0.5
1818	PF00004	7267	1.0	1.0	1.0
1819	PF00004	15464	0.0	0.5	0.5
1820	PF00004	7275	0.0	0.0	0.0
1821	PF00004	15477	0.0	0.0	0.0
1822	PF00004	7288	0.0	1.0	1.0
1823	PF00004	7292	0.0	1.0	1.0
1824	PF00004	15486	0.0	1.0	1.0
1825	PF00004	7312	0.0	0.0	0.0
1826	PF00004	7313	0.0	1.0	1.0
1827	PF00004	15505	0.0	0.5	0.5
1828	PF00004	7315	0.0	0.5	0.5
1829	PF00004	15508	0.5	1.0	1.0
1830	PF00004	15513	0.0	0.5	0.5
1831	PF00004	15518	0.5	0.0	0.5
1832	PF00004	15521	0.0	0.0	0.0
1833	PF00004	15523	0.0	0.5	0.5
1834	PF00004	15525	0.0	0.0	0.0
1835	PF00004	15526	0.5	0.5	1.0
1836	PF00004	7341	0.0	0.5	0.5
1837	PF00004	15535	0.0	0.5	0.5
1838	PF00004	7344	0.0	0.5	0.5
1839	PF00004	7351	0.0	0.0	0.0
1840	PF00004	7358	0.0	0.5	0.5
1841	PF00004	15553	0.0	1.0	1.0
1842	PF00004	15564	0.0	1.0	1.0
1843	PF00004	7374	0.0	0.5	0.5
1844	PF00004	15578	0.0	0.5	0.5
1845	PF00004	7391	0.0	0.0	0.0
1846	PF00004	7393	0.0	0.0	0.0
1847	PF00004	15586	1.0	1.0	0.0
1848	PF00004	15587	0.0	1.0	1.0
1849	PF00004	7401	0.0	0.5	0.5
1850	PF00004	15597	0.0	0.5	0.5
1851	PF00004	15601	0.0	0.5	0.5
1852	PF00004	7422	0.0	0.0	0.0
1853	PF00004	7425	0.0	0.5	0.5
1854	PF00004	7427	0.0	1.0	1.0
1855	PF00004	15636	0.0	1.0	1.0
1856	PF00004	15637	0.0	0.5	0.5
1857	PF00004	7447	0.0	0.5	0.5
1858	PF00004	15639	0.0	0.0	0.0
1859	PF00004	15647	0.0	0.0	0.0
1860	PF00004	7456	0.0	0.5	0.5
1861	PF00004	7484	0.0	0.0	0.0
1862	PF00004	15680	0.5	1.0	1.0
1863	PF00004	7492	0.0	1.0	1.0
1864	PF00004	7495	1.0	1.0	0.5
1865	PF00004	15708	0.0	0.5	0.5
1866	PF00004	15709	0.0	0.0	0.0
1867	PF00004	15711	0.0	0.5	0.5
1868	PF00004	7520	0.5	0.0	0.5
1869	PF00004	15712	0.0	0.5	0.5
1870	PF00004	7527	0.0	1.0	1.0
1871	PF00004	15729	0.0	0.5	0.5
1872	PF00004	7544	0.0	0.5	0.5
1873	PF00004	15741	0.0	0.5	0.5
1874	PF00004	15746	0.0	0.5	0.5
1875	PF00004	15752	0.0	0.5	0.5
1876	PF00004	7561	0.0	0.0	0.0
1877	PF00004	7562	0.5	0.5	0.0
1878	PF00004	7565	0.5	0.5	0.0
1879	PF00004	15762	0.0	0.5	0.5
1880	PF00004	7575	0.0	1.0	1.0
1881	PF00004	7578	0.0	1.0	1.0
1882	PF00004	15771	0.0	0.0	0.0
1883	PF00004	15776	0.0	0.5	0.5
1884	PF00004	7588	0.0	1.0	1.0
1885	PF00004	15782	0.0	1.0	1.0
1886	PF00004	7596	0.0	0.5	0.5
1887	PF00004	15788	0.0	1.0	1.0
1888	PF00004	15796	0.0	0.5	0.5
1889	PF00004	7618	0.0	1.0	1.0
1890	PF00004	7623	0.0	1.0	1.0
1891	PF00004	7630	0.0	0.5	0.5
1892	PF00004	15823	0.0	0.5	0.5
1893	PF00004	15827	0.0	0.0	0.0
1894	PF00004	7644	0.0	1.0	1.0
1895	PF00004	15837	0.0	1.0	1.0
1896	PF00004	7652	0.0	0.5	0.5
1897	PF00004	7658	0.0	0.5	0.5
1898	PF00004	15851	0.0	0.5	0.5
1899	PF00004	7674	0.0	0.5	0.5
1900	PF00004	7680	0.0	0.0	0.0
1901	PF00004	15877	0.0	0.0	0.0
1902	PF00004	15884	0.0	0.5	0.5
1903	PF00004	7694	0.0	0.5	0.5
1904	PF00004	15897	1.0	1.0	1.0
1905	PF00004	15902	0.0	0.0	0.0
1906	PF00004	7716	0.0	0.5	0.5
1907	PF00004	15914	0.0	1.0	1.0
1908	PF00004	15922	0.0	1.0	1.0
1909	PF00004	15935	0.0	0.5	0.5
1910	PF00004	15946	0.0	0.0	0.0
1911	PF00004	7762	0.5	0.0	0.5
1912	PF00004	7778	0.0	0.0	0.0
1913	PF00004	7784	0.0	0.5	0.5
1914	PF00004	15980	0.0	1.0	1.0
1915	PF00004	15989	0.0	0.0	0.0
1916	PF00004	7805	0.0	0.0	0.0
1917	PF00004	7806	0.0	0.0	0.0
1918	PF00004	16002	0.0	0.0	0.0
1919	PF00004	16003	0.0	0.5	0.5
1920	PF00004	7814	0.0	0.0	0.0
1921	PF00004	16015	0.0	0.0	0.0
1922	PF00004	16020	0.0	0.0	0.0
1923	PF00004	16024	0.0	0.0	0.0
1924	PF00004	7833	0.0	0.0	0.0
1925	PF00004	16033	0.0	0.0	0.0
1926	PF00004	7844	0.0	0.0	0.0
1927	PF00004	16036	0.0	0.5	0.5
1928	PF00004	7849	0.0	0.0	0.0
1929	PF00004	16049	0.0	1.0	1.0
1930	PF00004	7864	0.0	0.0	0.0
1931	PF00004	16078	0.0	0.0	0.0
1932	PF00004	16083	0.0	0.5	0.5
1933	PF00004	16087	0.0	1.0	1.0
1934	PF00004	7907	1.0	1.0	1.0
1935	PF00004	16107	0.0	0.5	0.5
1936	PF00004	16128	1.0	1.0	0.0
1937	PF00004	7942	0.0	0.5	0.5
1938	PF00004	16134	0.0	0.0	0.0
1939	PF00004	7944	0.0	0.5	0.5
1940	PF00004	16158	0.0	1.0	1.0
1941	PF00004	7968	0.0	0.0	0.0
1942	PF00004	7971	0.0	0.5	0.5
1943	PF00004	16164	0.0	1.0	1.0
1944	PF00004	7974	0.0	0.0	0.0
1945	PF00004	16171	0.0	1.0	1.0
1946	PF00004	7980	0.0	1.0	1.0
1947	PF00004	16174	0.0	1.0	1.0
1948	PF00004	7985	0.0	0.0	0.0
1949	PF00004	7988	0.5	0.0	0.5
1950	PF00004	7990	0.0	1.0	1.0
1951	PF00004	7993	0.5	0.5	0.5
1952	PF00004	7995	0.0	0.0	0.0
1953	PF00004	7997	0.0	0.5	0.5
1954	PF00004	8003	0.0	0.0	0.0
1955	PF00004	8005	0.0	0.0	0.0
1956	PF00004	8007	0.0	1.0	1.0
1957	PF00004	8008	0.0	0.0	0.0
1958	PF00004	16199	0.0	0.5	0.5
1959	PF00004	8018	0.5	1.0	1.0
1960	PF00004	16217	0.0	1.0	1.0
1961	PF00004	16221	0.0	1.0	1.0
1962	PF00004	8039	0.0	1.0	1.0
1963	PF00004	8042	0.0	0.0	0.0
1964	PF00004	16242	0.5	0.5	0.0
1965	PF00004	8051	0.0	0.5	0.5
1966	PF00004	16245	0.0	0.5	0.5
1967	PF00004	8054	0.0	1.0	1.0
1968	PF00004	8071	0.0	0.5	0.5
1969	PF00004	8074	0.0	0.0	0.0
1970	PF00004	16282	0.0	0.0	0.0
1971	PF00004	16283	0.0	0.0	0.0
1972	PF00004	8097	0.0	1.0	1.0
1973	PF00004	8111	0.0	0.5	0.5
1974	PF00004	16310	0.0	0.5	0.5
1975	PF00004	8121	0.0	0.5	0.5
1976	PF00004	16313	0.0	0.5	0.5
1977	PF00004	16315	0.0	0.5	0.5
1978	PF00004	8126	0.0	1.0	1.0
1979	PF00004	8131	0.0	0.0	0.0
1980	PF00004	8134	0.0	0.0	0.0
1981	PF00004	16336	0.0	1.0	1.0
1982	PF00004	16337	0.0	0.5	0.5
1983	PF00004	8151	0.0	1.0	1.0
1984	PF00004	8153	0.0	0.0	0.0
1985	PF00004	8156	0.0	1.0	1.0
1986	PF00004	16348	0.0	1.0	1.0
1987	PF00004	16354	0.0	0.5	0.5
1988	PF00004	8163	0.0	0.0	0.0
1989	PF00004	8173	0.0	1.0	1.0
1990	PF00004	8174	0.0	0.5	0.5
1991	PF00004	16365	0.0	1.0	1.0
1992	PF00004	8176	0.0	0.0	0.0
1993	PF00004	16370	0.0	1.0	1.0
1994	PF00004	16371	0.0	0.0	0.0
1995	PF00004	16372	0.0	0.0	0.0
1996	PF00004	16379	0.5	1.0	0.5
1997	PF00004	16381	0.0	0.5	0.5
1998	PF00004	8190	0.0	0.0	0.0
1999	PF00271	8193	0.5	1.0	1.0
2000	PF00271	8204	0.5	1.0	0.5
2001	PF00271	8205	0.0	0.5	0.5
2002	PF00271	8208	1.0	1.0	0.5
2003	PF00271	16401	0.0	1.0	1.0
2004	PF00271	26	0.0	1.0	1.0
2005	PF00271	16412	0.0	0.0	0.0
2006	PF00271	37	0.5	1.0	1.0
2007	PF00271	8230	0.0	1.0	1.0
2008	PF00271	42	0.0	1.0	1.0
2009	PF00271	45	0.0	0.5	0.5
2010	PF00271	16435	0.5	1.0	0.5
2011	PF00271	16440	0.0	0.0	0.0
2012	PF00271	58	0.0	1.0	1.0
2013	PF00271	60	0.0	0.5	0.5
2014	PF00271	69	0.5	0.5	1.0
2015	PF00271	16454	0.0	1.0	1.0
2016	PF00271	8263	1.0	1.0	0.0
2017	PF00271	16456	0.0	1.0	1.0
2018	PF00271	8266	0.0	0.5	0.5
2019	PF00271	80	0.5	1.0	0.5
2020	PF00271	16465	0.0	0.5	0.5
2021	PF00271	85	0.0	0.5	0.5
2022	PF00271	16470	0.5	0.0	0.5
2023	PF00271	16474	0.5	1.0	1.0
2024	PF00271	96	0.0	0.0	0.0
2025	PF00271	16486	0.0	0.0	0.0
2026	PF00271	103	0.0	1.0	1.0
2027	PF00271	8299	0.0	0.5	0.5
2028	PF00271	16492	0.0	1.0	1.0
2029	PF00271	8302	0.5	0.0	0.5
2030	PF00271	8303	0.5	1.0	1.0
2031	PF00271	112	0.5	1.0	1.0
2032	PF00271	16494	0.0	1.0	1.0
2033	PF00271	16495	0.0	1.0	1.0
2034	PF00271	119	0.0	0.0	0.0
2035	PF00271	16507	0.0	0.0	0.0
2036	PF00271	124	0.0	0.5	0.5
2037	PF00271	126	1.0	0.0	1.0
2038	PF00271	16510	0.5	1.0	1.0
2039	PF00271	16516	0.0	0.5	0.5
2040	PF00271	16517	0.5	1.0	1.0
2041	PF00271	8326	0.0	1.0	1.0
2042	PF00271	136	0.5	0.5	1.0
2043	PF00271	8331	0.5	0.0	0.5
2044	PF00271	16525	1.0	1.0	1.0
2045	PF00271	16526	0.0	1.0	1.0
2046	PF00271	150	0.0	1.0	1.0
2047	PF00271	16544	0.0	1.0	1.0
2048	PF00271	161	0.0	1.0	1.0
2049	PF00271	8354	0.5	1.0	1.0
2050	PF00271	16548	0.0	1.0	1.0
2051	PF00271	167	0.0	1.0	1.0
2052	PF00271	8366	0.0	0.0	0.0
2053	PF00271	176	0.0	0.0	0.0
2054	PF00271	16563	0.0	1.0	1.0
2055	PF00271	185	0.0	1.0	1.0
2056	PF00271	186	0.0	0.5	0.5
2057	PF00271	16569	0.0	1.0	1.0
2058	PF00271	190	0.0	0.5	0.5
2059	PF00271	194	1.0	1.0	1.0
2060	PF00271	16580	0.0	1.0	1.0
2061	PF00271	16583	0.0	1.0	1.0
2062	PF00271	202	0.0	1.0	1.0
2063	PF00271	8397	0.0	0.0	0.0
2064	PF00271	219	0.0	1.0	1.0
2065	PF00271	8415	0.0	0.5	0.5
2066	PF00271	16609	0.0	0.0	0.0
2067	PF00271	8419	0.0	1.0	1.0
2068	PF00271	16612	0.0	0.5	0.5
2069	PF00271	233	0.5	1.0	1.0
2070	PF00271	8431	0.0	0.5	0.5
2071	PF00271	16623	0.0	0.5	0.5
2072	PF00271	16624	0.5	1.0	1.0
2073	PF00271	8437	0.5	1.0	1.0
2074	PF00271	246	0.0	0.0	0.0
2075	PF00271	8442	0.5	1.0	1.0
2076	PF00271	8444	0.0	0.5	0.5
2077	PF00271	8450	0.5	1.0	1.0
2078	PF00271	16642	0.0	1.0	1.0
2079	PF00271	8453	0.0	1.0	1.0
2080	PF00271	8456	0.0	1.0	1.0
2081	PF00271	8457	0.5	1.0	1.0
2082	PF00271	8458	0.0	0.5	0.5
2083	PF00271	16649	0.0	0.5	0.5
2084	PF00271	8461	0.0	1.0	1.0
2085	PF00271	8465	0.0	1.0	1.0
2086	PF00271	277	0.0	1.0	1.0
2087	PF00271	295	0.0	0.5	0.5
2088	PF00271	16680	0.0	1.0	1.0
2089	PF00271	16693	0.0	0.5	0.5
2090	PF00271	8504	0.0	0.5	0.5
2091	PF00271	16698	0.5	1.0	1.0
2092	PF00271	8507	0.0	0.5	0.5
2093	PF00271	326	0.0	1.0	1.0
2094	PF00271	16710	0.5	0.5	0.0
2095	PF00271	8520	0.0	1.0	1.0
2096	PF00271	16713	0.0	1.0	1.0
2097	PF00271	16718	0.0	1.0	1.0
2098	PF00271	336	0.5	1.0	1.0
2099	PF00271	340	0.0	1.0	1.0
2100	PF00271	8537	0.5	1.0	0.5
2101	PF00271	16738	0.0	1.0	1.0
2102	PF00271	16739	0.0	0.5	0.5
2103	PF00271	8548	0.0	1.0	1.0
2104	PF00271	357	1.0	0.5	1.0
2105	PF00271	8551	0.5	0.5	0.5
2106	PF00271	8552	0.0	1.0	1.0
2107	PF00271	361	0.0	0.5	0.5
2108	PF00271	16748	0.0	0.5	0.5
2109	PF00271	16749	0.0	0.5	0.5
2110	PF00271	16757	0.0	1.0	1.0
2111	PF00271	8567	1.0	0.5	1.0
2112	PF00271	16761	0.0	1.0	1.0
2113	PF00271	8574	0.0	0.5	0.5
2114	PF00271	16768	0.0	1.0	1.0
2115	PF00271	16771	0.0	0.0	0.0
2116	PF00271	8582	0.0	1.0	1.0
2117	PF00271	394	0.0	1.0	1.0
2118	PF00271	16778	0.0	0.5	0.5
2119	PF00271	16784	0.0	1.0	1.0
2120	PF00271	411	0.0	1.0	1.0
2121	PF00271	16796	0.0	1.0	1.0
2122	PF00271	8608	0.0	0.5	0.5
2123	PF00271	16801	0.5	1.0	1.0
2124	PF00271	421	0.0	0.0	0.0
2125	PF00271	425	0.0	0.5	0.5
2126	PF00271	434	0.0	1.0	1.0
2127	PF00271	435	0.0	0.5	0.5
2128	PF00271	8634	0.0	1.0	1.0
2129	PF00271	449	0.0	0.5	0.5
2130	PF00271	16833	0.0	1.0	1.0
2131	PF00271	8646	0.0	1.0	1.0
2132	PF00271	8650	0.0	1.0	1.0
2133	PF00271	8653	0.0	0.0	0.0
2134	PF00271	8656	0.0	0.0	0.0
2135	PF00271	8663	0.0	1.0	1.0
2136	PF00271	8674	0.0	0.0	0.0
2137	PF00271	16869	1.0	1.0	0.5
2138	PF00271	8679	0.0	0.5	0.5
2139	PF00271	16875	0.0	1.0	1.0
2140	PF00271	16880	0.0	0.0	0.0
2141	PF00271	8690	0.0	1.0	1.0
2142	PF00271	16882	0.0	0.5	0.5
2143	PF00271	16883	0.0	1.0	1.0
2144	PF00271	16894	0.0	1.0	1.0
2145	PF00271	16898	0.5	0.5	1.0
2146	PF00271	16904	0.0	0.5	0.5
2147	PF00271	8715	0.0	1.0	1.0
2148	PF00271	525	1.0	1.0	1.0
2149	PF00271	527	0.0	1.0	1.0
2150	PF00271	16914	1.0	1.0	0.5
2151	PF00271	531	0.0	1.0	1.0
2152	PF00271	532	0.0	1.0	1.0
2153	PF00271	536	0.0	0.5	0.5
2154	PF00271	8728	0.0	1.0	1.0
2155	PF00271	541	0.0	1.0	1.0
2156	PF00271	16927	0.0	0.5	0.5
2157	PF00271	8744	0.0	0.0	0.0
2158	PF00271	553	0.0	0.5	0.5
2159	PF00271	554	1.0	1.0	1.0
2160	PF00271	8747	0.5	0.0	0.5
2161	PF00271	8748	0.0	1.0	1.0
2162	PF00271	16938	0.0	0.0	0.0
2163	PF00271	558	0.0	1.0	1.0
2164	PF00271	16939	0.0	1.0	1.0
2165	PF00271	16945	0.0	0.5	0.5
2166	PF00271	562	0.5	1.0	1.0
2167	PF00271	16946	0.0	0.0	0.0
2168	PF00271	8757	0.0	1.0	1.0
2169	PF00271	16950	1.0	1.0	0.0
2170	PF00271	572	1.0	0.5	1.0
2171	PF00271	8768	0.5	0.5	1.0
2172	PF00271	16960	1.0	1.0	0.5
2173	PF00271	8775	1.0	0.0	1.0
2174	PF00271	8777	0.0	1.0	1.0
2175	PF00271	8779	0.0	0.0	0.0
2176	PF00271	16971	0.0	1.0	1.0
2177	PF00271	16973	0.0	0.5	0.5
2178	PF00271	16974	0.5	1.0	1.0
2179	PF00271	8786	0.0	0.5	0.5
2180	PF00271	595	0.0	1.0	1.0
2181	PF00271	8788	0.5	1.0	0.5
2182	PF00271	8789	0.0	0.5	0.5
2183	PF00271	605	0.0	1.0	1.0
2184	PF00271	8797	0.5	0.5	1.0
2185	PF00271	607	0.0	1.0	1.0
2186	PF00271	8801	0.0	1.0	1.0
2187	PF00271	8809	0.5	0.5	0.0
2188	PF00271	8811	0.5	0.5	1.0
2189	PF00271	621	0.5	1.0	0.5
2190	PF00271	8818	0.5	1.0	1.0
2191	PF00271	8820	0.0	1.0	1.0
2192	PF00271	8824	0.0	0.0	0.0
2193	PF00271	17018	0.5	0.5	0.5
2194	PF00271	8827	0.0	0.5	0.5
2195	PF00271	8829	0.0	1.0	1.0
2196	PF00271	638	0.5	0.5	0.5
2197	PF00271	639	0.0	1.0	1.0
2198	PF00271	17030	0.5	1.0	1.0
2199	PF00271	8844	0.5	1.0	0.5
2200	PF00271	8849	0.0	1.0	1.0
2201	PF00271	659	0.0	1.0	1.0
2202	PF00271	17047	0.5	0.0	0.5
2203	PF00271	664	0.0	1.0	1.0
2204	PF00271	666	0.0	1.0	1.0
2205	PF00271	8860	0.0	1.0	1.0
2206	PF00271	669	0.0	1.0	1.0
2207	PF00271	8864	0.5	1.0	1.0
2208	PF00271	676	0.5	0.5	0.5
2209	PF00271	17064	0.0	1.0	1.0
2210	PF00271	8877	0.0	1.0	1.0
2211	PF00271	691	0.0	0.5	0.5
2212	PF00271	692	0.0	0.0	0.0
2213	PF00271	17075	0.0	0.5	0.5
2214	PF00271	17078	0.5	1.0	0.5
2215	PF00271	696	0.0	1.0	1.0
2216	PF00271	17086	0.0	0.5	0.5
2217	PF00271	8897	0.0	0.0	0.0
2218	PF00271	708	0.0	1.0	1.0
2219	PF00271	8907	0.0	1.0	1.0
2220	PF00271	17099	0.0	0.5	0.5
2221	PF00271	8913	0.0	1.0	1.0
2222	PF00271	8918	0.0	1.0	1.0
2223	PF00271	17112	0.0	0.5	0.5
2224	PF00271	736	0.0	1.0	1.0
2225	PF00271	17125	0.0	1.0	1.0
2226	PF00271	744	0.0	1.0	1.0
2227	PF00271	745	0.0	0.5	0.5
2228	PF00271	8937	0.0	0.0	0.0
2229	PF00271	8938	0.0	1.0	1.0
2230	PF00271	750	0.0	1.0	1.0
2231	PF00271	8946	0.0	1.0	1.0
2232	PF00271	17139	0.0	1.0	1.0
2233	PF00271	761	0.0	1.0	1.0
2234	PF00271	764	0.0	0.0	0.0
2235	PF00271	8957	0.0	1.0	1.0
2236	PF00271	767	0.0	0.0	0.0
2237	PF00271	17152	0.0	0.5	0.5
2238	PF00271	8966	0.0	0.0	0.0
2239	PF00271	8974	1.0	1.0	1.0
2240	PF00271	8978	0.5	1.0	0.5
2241	PF00271	17171	0.5	0.5	1.0
2242	PF00271	17172	1.0	1.0	1.0
2243	PF00271	17179	0.0	1.0	1.0
2244	PF00271	8989	0.0	0.0	0.0
2245	PF00271	800	0.0	0.5	0.5
2246	PF00271	17188	0.0	0.0	0.0
2247	PF00271	806	0.0	1.0	1.0
2248	PF00271	808	0.0	1.0	1.0
2249	PF00271	810	0.0	0.5	0.5
2250	PF00271	17195	1.0	1.0	0.0
2251	PF00271	813	0.0	0.5	0.5
2252	PF00271	815	0.0	0.5	0.5
2253	PF00271	9015	0.0	0.5	0.5
2254	PF00271	9018	0.0	1.0	1.0
2255	PF00271	830	0.0	1.0	1.0
2256	PF00271	17230	0.0	1.0	1.0
2257	PF00271	850	0.0	1.0	1.0
2258	PF00271	856	0.5	0.5	0.0
2259	PF00271	857	0.0	0.5	0.5
2260	PF00271	9048	0.0	0.0	0.0
2261	PF00271	17247	0.0	0.5	0.5
2262	PF00271	865	0.0	0.5	0.5
2263	PF00271	868	0.5	1.0	0.5
2264	PF00271	17252	0.0	1.0	1.0
2265	PF00271	17254	0.0	1.0	1.0
2266	PF00271	17255	0.0	0.5	0.5
2267	PF00271	9068	0.0	1.0	1.0
2268	PF00271	9070	0.0	0.5	0.5
2269	PF00271	9071	0.0	0.5	0.5
2270	PF00271	17262	0.0	0.5	0.5
2271	PF00271	882	0.0	0.5	0.5
2272	PF00271	17269	0.0	0.5	0.5
2273	PF00271	886	0.0	1.0	1.0
2274	PF00271	9078	0.5	1.0	1.0
2275	PF00271	9084	1.0	0.0	1.0
2276	PF00271	17277	0.0	1.0	1.0
2277	PF00271	17283	0.0	0.5	0.5
2278	PF00271	9093	0.0	0.5	0.5
2279	PF00271	17287	0.0	1.0	1.0
2280	PF00271	9097	0.0	0.0	0.0
2281	PF00271	9100	0.5	1.0	1.0
2282	PF00271	910	0.5	0.5	0.5
2283	PF00271	9103	0.0	0.0	0.0
2284	PF00271	17298	0.0	0.5	0.5
2285	PF00271	916	0.0	1.0	1.0
2286	PF00271	921	0.5	0.5	1.0
2287	PF00271	926	0.0	0.5	0.5
2288	PF00271	930	0.0	1.0	1.0
2289	PF00271	9123	0.0	1.0	1.0
2290	PF00271	932	0.0	1.0	1.0
2291	PF00271	9134	1.0	1.0	1.0
2292	PF00271	17326	0.0	1.0	1.0
2293	PF00271	17331	1.0	1.0	1.0
2294	PF00271	948	0.0	1.0	1.0
2295	PF00271	17332	0.0	1.0	1.0
2296	PF00271	17333	0.0	1.0	1.0
2297	PF00271	9145	0.0	1.0	1.0
2298	PF00271	955	0.0	1.0	1.0
2299	PF00271	9148	0.0	1.0	1.0
2300	PF00271	957	0.5	0.5	0.0
2301	PF00271	17347	0.0	0.0	0.0
2302	PF00271	9158	0.5	0.5	0.5
2303	PF00271	973	0.5	0.0	0.5
2304	PF00271	975	0.0	1.0	1.0
2305	PF00271	976	0.0	1.0	1.0
2306	PF00271	977	0.5	1.0	1.0
2307	PF00271	9205	0.5	0.5	0.5
2308	PF00271	1015	0.5	1.0	1.0
2309	PF00271	17400	0.0	1.0	1.0
2310	PF00271	17401	0.0	0.0	0.0
2311	PF00271	1018	0.5	1.0	0.5
2312	PF00271	9214	0.0	1.0	1.0
2313	PF00271	9216	0.0	0.5	0.5
2314	PF00271	9217	0.0	1.0	1.0
2315	PF00271	1026	0.5	0.5	0.0
2316	PF00271	9219	0.5	1.0	1.0
2317	PF00271	9224	1.0	1.0	1.0
2318	PF00271	17416	0.0	1.0	1.0
2319	PF00271	9232	0.0	0.5	0.5
2320	PF00271	17424	0.0	1.0	1.0
2321	PF00271	17425	0.0	1.0	1.0
2322	PF00271	1047	0.0	1.0	1.0
2323	PF00271	9240	0.0	1.0	1.0
2324	PF00271	17439	1.0	0.5	1.0
2325	PF00271	1056	0.0	0.0	0.0
2326	PF00271	9248	0.0	1.0	1.0
2327	PF00271	17442	0.5	1.0	1.0
2328	PF00271	1059	1.0	0.5	1.0
2329	PF00271	17446	0.5	1.0	1.0
2330	PF00271	17449	0.0	0.0	0.0
2331	PF00271	9258	0.0	0.5	0.5
2332	PF00271	9262	0.0	1.0	1.0
2333	PF00271	9263	0.0	0.0	0.0
2334	PF00271	9266	0.0	0.5	0.5
2335	PF00271	17462	0.0	1.0	1.0
2336	PF00271	1085	0.0	0.5	0.5
2337	PF00271	1086	0.0	1.0	1.0
2338	PF00271	17476	0.5	1.0	1.0
2339	PF00271	17478	0.5	1.0	1.0
2340	PF00271	17482	0.0	0.5	0.5
2341	PF00271	1099	0.5	0.5	1.0
2342	PF00271	9293	0.0	0.0	0.0
2343	PF00271	17490	0.5	0.5	0.5
2344	PF00271	1121	0.0	1.0	1.0
2345	PF00271	1129	0.0	1.0	1.0
2346	PF00271	1136	0.0	1.0	1.0
2347	PF00271	17526	0.0	1.0	1.0
2348	PF00271	1145	0.0	0.0	0.0
2349	PF00271	17529	0.0	1.0	1.0
2350	PF00271	9342	0.0	0.5	0.5
2351	PF00271	1154	0.0	0.5	0.5
2352	PF00271	9348	0.0	1.0	1.0
2353	PF00271	1159	0.0	0.0	0.0
2354	PF00271	17545	0.5	1.0	1.0
2355	PF00271	17546	0.5	1.0	1.0
2356	PF00271	17551	0.5	0.5	0.5
2357	PF00271	17552	0.0	1.0	1.0
2358	PF00271	1170	0.0	0.5	0.5
2359	PF00271	9362	0.0	0.0	0.0
2360	PF00271	17559	1.0	1.0	1.0
2361	PF00271	9369	0.0	0.5	0.5
2362	PF00271	17561	0.0	1.0	0.5
2363	PF00271	9374	1.0	0.5	1.0
2364	PF00271	1188	0.0	1.0	1.0
2365	PF00271	9381	0.5	0.0	0.5
2366	PF00271	9387	0.5	0.0	0.5
2367	PF00271	1206	1.0	1.0	1.0
2368	PF00271	1207	0.0	0.5	0.5
2369	PF00271	17590	0.0	0.5	0.5
2370	PF00271	1209	0.5	1.0	1.0
2371	PF00271	1211	0.0	1.0	1.0
2372	PF00271	9403	0.0	0.0	0.0
2373	PF00271	17601	0.0	1.0	1.0
2374	PF00271	9413	0.0	1.0	1.0
2375	PF00271	17607	0.0	1.0	1.0
2376	PF00271	1225	0.0	1.0	1.0
2377	PF00271	1226	1.0	1.0	1.0
2378	PF00271	9422	0.0	1.0	1.0
2379	PF00271	17616	0.0	0.5	0.5
2380	PF00271	17617	0.0	0.5	0.5
2381	PF00271	1234	0.0	1.0	1.0
2382	PF00271	1237	0.0	0.5	0.5
2383	PF00271	1239	0.0	0.0	0.0
2384	PF00271	9436	0.0	0.5	0.5
2385	PF00271	9440	0.5	1.0	0.5
2386	PF00271	17633	0.0	1.0	1.0
2387	PF00271	17634	0.0	0.5	0.5
2388	PF00271	9450	0.5	0.5	0.5
2389	PF00271	9454	0.0	1.0	1.0
2390	PF00271	1264	0.0	1.0	1.0
2391	PF00271	1269	0.5	1.0	1.0
2392	PF00271	1273	0.5	1.0	1.0
2393	PF00271	1274	0.0	1.0	1.0
2394	PF00271	9466	0.0	0.5	0.5
2395	PF00271	9468	0.0	0.5	0.5
2396	PF00271	17659	0.0	1.0	1.0
2397	PF00271	9473	0.0	0.5	0.5
2398	PF00271	17670	0.0	1.0	1.0
2399	PF00271	1288	0.0	0.0	0.0
2400	PF00271	9482	0.5	1.0	1.0
2401	PF00271	17678	0.0	1.0	1.0
2402	PF00271	17685	0.5	1.0	0.5
2403	PF00271	9495	0.0	1.0	1.0
2404	PF00271	1305	0.0	1.0	1.0
2405	PF00271	9498	0.0	1.0	1.0
2406	PF00271	1307	0.0	1.0	1.0
2407	PF00271	17692	0.0	0.5	0.5
2408	PF00271	9501	0.0	0.5	0.5
2409	PF00271	17697	0.0	0.5	0.5
2410	PF00271	1315	0.5	1.0	1.0
2411	PF00271	1316	0.0	1.0	1.0
2412	PF00271	17712	0.5	1.0	1.0
2413	PF00271	1330	0.0	0.5	0.5
2414	PF00271	9527	0.0	0.5	0.5
2415	PF00271	9542	0.0	0.5	0.5
2416	PF00271	1354	0.5	0.5	1.0
2417	PF00271	17741	0.0	1.0	1.0
2418	PF00271	9552	0.0	0.0	0.0
2419	PF00271	17745	0.0	1.0	1.0
2420	PF00271	1363	0.0	1.0	1.0
2421	PF00271	1364	0.0	1.0	1.0
2422	PF00271	1366	0.0	1.0	1.0
2423	PF00271	17754	0.0	1.0	1.0
2424	PF00271	17755	0.0	1.0	1.0
2425	PF00271	9568	0.5	1.0	1.0
2426	PF00271	9570	0.5	1.0	1.0
2427	PF00271	17763	0.0	1.0	1.0
2428	PF00271	17764	0.0	1.0	1.0
2429	PF00271	17766	0.0	1.0	1.0
2430	PF00271	9586	0.0	0.0	0.0
2431	PF00271	9587	0.0	1.0	1.0
2432	PF00271	17779	0.5	0.5	1.0
2433	PF00271	17784	0.5	0.5	0.0
2434	PF00271	1404	0.0	1.0	1.0
2435	PF00271	17789	0.0	0.0	0.0
2436	PF00271	17790	0.5	1.0	1.0
2437	PF00271	9601	0.0	1.0	1.0
2438	PF00271	17794	0.0	0.5	0.5
2439	PF00271	9609	0.0	0.5	0.5
2440	PF00271	1420	0.5	0.5	0.5
2441	PF00271	17804	0.0	0.0	0.0
2442	PF00271	1429	0.0	0.5	0.5
2443	PF00271	1432	0.0	1.0	1.0
2444	PF00271	1437	0.0	0.5	0.5
2445	PF00271	1438	0.0	0.0	0.0
2446	PF00271	9632	0.0	1.0	1.0
2447	PF00271	1441	0.0	1.0	1.0
2448	PF00271	1444	0.0	1.0	1.0
2449	PF00271	9636	0.0	0.5	0.5
2450	PF00271	9640	0.0	1.0	1.0
2451	PF00271	1453	0.0	1.0	1.0
2452	PF00271	9651	0.0	1.0	1.0
2453	PF00271	17844	0.5	0.5	0.0
2454	PF00271	17853	0.0	1.0	1.0
2455	PF00271	1473	0.0	0.5	0.5
2456	PF00271	17858	0.0	0.0	0.0
2457	PF00271	1480	0.5	0.5	1.0
2458	PF00271	17869	0.0	0.5	0.5
2459	PF00271	9681	0.0	0.5	0.5
2460	PF00271	17873	0.0	0.5	0.5
2461	PF00271	17876	0.0	0.0	0.0
2462	PF00271	9689	0.5	0.0	0.5
2463	PF00271	9691	0.0	1.0	1.0
2464	PF00271	17886	0.0	0.0	0.0
2465	PF00271	1505	1.0	1.0	1.0
2466	PF00271	9697	0.0	0.5	0.5
2467	PF00271	17890	0.0	0.0	0.0
2468	PF00271	9701	0.0	0.5	0.5
2469	PF00271	17900	0.0	0.5	0.5
2470	PF00271	1518	1.0	1.0	1.0
2471	PF00271	9714	0.5	0.0	0.5
2472	PF00271	1523	0.0	1.0	1.0
2473	PF00271	1526	0.0	0.5	0.5
2474	PF00271	9718	0.0	0.5	0.5
2475	PF00271	17911	0.0	0.0	0.0
2476	PF00271	17918	0.0	0.5	0.5
2477	PF00271	17919	0.5	0.5	0.5
2478	PF00271	1536	0.0	0.5	0.5
2479	PF00271	17922	0.0	1.0	1.0
2480	PF00271	1540	0.5	0.5	0.0
2481	PF00271	1543	0.0	0.0	0.0
2482	PF00271	17930	0.0	1.0	1.0
2483	PF00271	9741	0.5	0.5	0.5
2484	PF00271	9742	0.0	1.0	1.0
2485	PF00271	17933	0.0	1.0	1.0
2486	PF00271	9753	0.0	0.0	0.0
2487	PF00271	9761	0.0	1.0	1.0
2488	PF00271	17953	0.0	0.0	0.0
2489	PF00271	1572	0.0	0.0	0.0
2490	PF00271	1574	0.0	1.0	1.0
2491	PF00271	1575	0.0	1.0	1.0
2492	PF00271	1579	0.0	0.0	0.0
2493	PF00271	17969	0.0	1.0	1.0
2494	PF00271	1592	0.0	0.5	0.5
2495	PF00271	9789	0.0	0.0	0.0
2496	PF00271	1602	0.5	0.0	0.5
2497	PF00271	1603	1.0	1.0	1.0
2498	PF00271	17986	0.0	0.0	0.0
2499	PF00271	9797	1.0	1.0	1.0
2500	PF00271	17987	0.0	0.5	0.5
2501	PF00271	17989	0.0	1.0	1.0
2502	PF00271	17992	0.0	0.5	0.5
2503	PF00271	9801	1.0	0.5	1.0
2504	PF00271	9809	0.0	0.0	0.0
2505	PF00271	9813	0.0	0.5	0.5
2506	PF00271	18009	0.0	1.0	1.0
2507	PF00271	9822	0.0	1.0	1.0
2508	PF00271	9824	1.0	1.0	0.5
2509	PF00271	18023	1.0	0.5	1.0
2510	PF00271	1640	0.5	1.0	0.5
2511	PF00271	18039	0.0	0.0	0.0
2512	PF00271	18042	0.0	0.5	0.5
2513	PF00271	9851	0.0	0.5	0.5
2514	PF00271	9863	0.0	1.0	1.0
2515	PF00271	1675	0.0	0.0	0.0
2516	PF00271	9869	0.0	0.5	0.5
2517	PF00271	9874	0.5	1.0	1.0
2518	PF00271	18071	0.0	1.0	1.0
2519	PF00271	1689	0.5	1.0	1.0
2520	PF00271	1690	0.0	1.0	1.0
2521	PF00271	18074	0.0	0.5	0.5
2522	PF00271	18082	0.5	1.0	0.5
2523	PF00271	9892	0.0	0.5	0.5
2524	PF00271	18089	0.0	1.0	1.0
2525	PF00271	9910	0.5	1.0	1.0
2526	PF00271	18102	0.5	1.0	0.5
2527	PF00271	9914	0.0	0.5	0.5
2528	PF00271	1723	0.0	1.0	1.0
2529	PF00271	1738	0.0	1.0	1.0
2530	PF00271	1740	0.0	1.0	1.0
2531	PF00271	9935	0.0	1.0	1.0
2532	PF00271	1746	0.0	1.0	1.0
2533	PF00271	1747	0.0	0.5	0.5
2534	PF00271	18131	0.0	0.5	0.5
2535	PF00271	9941	0.5	1.0	1.0
2536	PF00271	1750	1.0	0.5	1.0
2537	PF00271	9943	0.5	1.0	1.0
2538	PF00271	1754	0.0	0.0	0.0
2539	PF00271	18141	0.5	1.0	1.0
2540	PF00271	9953	0.5	0.5	0.5
2541	PF00271	18147	0.0	1.0	1.0
2542	PF00271	1769	0.5	0.5	1.0
2543	PF00271	9964	0.0	1.0	1.0
2544	PF00271	1773	0.0	1.0	1.0
2545	PF00271	18159	1.0	1.0	0.5
2546	PF00271	1776	0.0	1.0	1.0
2547	PF00271	1781	0.0	0.5	0.5
2548	PF00271	1784	0.5	1.0	1.0
2549	PF00271	9979	0.0	0.5	0.5
2550	PF00271	9990	0.0	0.0	0.0
2551	PF00271	10000	0.0	1.0	1.0
2552	PF00271	10012	0.5	0.5	0.5
2553	PF00271	18209	0.0	0.5	0.5
2554	PF00271	10020	0.0	1.0	1.0
2555	PF00271	18213	0.0	1.0	1.0
2556	PF00271	10023	0.5	1.0	1.0
2557	PF00271	1834	0.0	0.0	0.0
2558	PF00271	1843	0.0	1.0	1.0
2559	PF00271	1848	0.0	0.5	0.5
2560	PF00271	10041	0.5	1.0	0.5
2561	PF00271	1859	0.0	1.0	1.0
2562	PF00271	18244	0.0	0.5	0.5
2563	PF00271	1862	0.0	1.0	1.0
2564	PF00271	1863	0.0	0.0	0.0
2565	PF00271	10054	0.0	0.0	0.0
2566	PF00271	1868	0.0	0.5	0.5
2567	PF00271	18255	0.0	1.0	1.0
2568	PF00271	1881	0.0	1.0	1.0
2569	PF00271	10077	0.0	1.0	1.0
2570	PF00271	10083	0.0	1.0	1.0
2571	PF00271	10084	0.0	1.0	1.0
2572	PF00271	10087	0.5	1.0	1.0
2573	PF00271	18282	0.0	1.0	1.0
2574	PF00271	18284	0.0	0.5	0.5
2575	PF00271	1903	0.0	0.0	0.0
2576	PF00271	10102	0.0	1.0	1.0
2577	PF00271	10115	0.0	1.0	1.0
2578	PF00271	18310	0.0	1.0	1.0
2579	PF00271	1927	0.0	1.0	1.0
2580	PF00271	1928	0.5	1.0	1.0
2581	PF00271	1930	0.5	1.0	0.5
2582	PF00271	1936	0.5	1.0	1.0
2583	PF00271	10129	0.0	0.5	0.5
2584	PF00271	10131	0.0	0.5	0.5
2585	PF00271	10134	1.0	0.5	1.0
2586	PF00271	18328	0.0	1.0	1.0
2587	PF00271	18329	0.0	0.5	0.5
2588	PF00271	1956	0.5	1.0	1.0
2589	PF00271	1958	0.0	0.5	0.5
2590	PF00271	10151	0.5	1.0	1.0
2591	PF00271	10159	0.0	0.5	0.5
2592	PF00271	10163	0.0	1.0	1.0
2593	PF00271	18360	0.0	0.5	0.5
2594	PF00271	18365	0.0	1.0	1.0
2595	PF00271	1983	0.0	1.0	1.0
2596	PF00271	1987	0.5	0.5	0.0
2597	PF00271	18383	1.0	1.0	1.0
2598	PF00271	10194	0.0	0.5	0.5
2599	PF00271	2003	0.0	1.0	1.0
2600	PF00271	10198	0.0	0.5	0.5
2601	PF00271	18391	0.5	1.0	1.0
2602	PF00271	10200	0.0	1.0	1.0
2603	PF00271	10205	0.0	0.5	0.5
2604	PF00271	18397	0.0	1.0	1.0
2605	PF00271	10208	0.0	0.5	0.5
2606	PF00271	10220	0.0	0.5	0.5
2607	PF00271	2029	0.0	1.0	1.0
2608	PF00271	10221	0.0	0.5	0.5
2609	PF00271	18412	0.0	1.0	1.0
2610	PF00271	2032	0.5	1.0	1.0
2611	PF00271	10225	0.0	1.0	1.0
2612	PF00271	18418	0.0	0.5	0.5
2613	PF00271	10228	0.0	0.5	0.5
2614	PF00271	18421	0.0	0.5	0.5
2615	PF00271	18424	0.0	0.5	0.5
2616	PF00271	18428	0.0	0.5	0.5
2617	PF00271	2052	1.0	1.0	1.0
2618	PF00271	10245	0.0	0.5	0.5
2619	PF00271	18438	0.5	0.0	0.5
2620	PF00271	10249	0.0	1.0	1.0
2621	PF00271	2065	0.0	1.0	1.0
2622	PF00271	2066	0.0	1.0	1.0
2623	PF00271	10257	0.0	1.0	1.0
2624	PF00271	18449	1.0	1.0	1.0
2625	PF00271	18459	0.0	1.0	1.0
2626	PF00271	18461	0.5	1.0	1.0
2627	PF00271	10271	0.0	1.0	1.0
2628	PF00271	2081	0.0	1.0	1.0
2629	PF00271	10273	0.0	0.5	0.5
2630	PF00271	10283	0.0	1.0	1.0
2631	PF00271	10293	0.5	0.5	1.0
2632	PF00271	2102	0.0	1.0	1.0
2633	PF00271	2103	0.0	1.0	1.0
2634	PF00271	10297	0.5	0.0	0.5
2635	PF00271	10298	0.0	1.0	1.0
2636	PF00271	10302	0.0	1.0	1.0
2637	PF00271	18494	0.0	1.0	1.0
2638	PF00271	18501	0.5	0.0	0.5
2639	PF00271	2122	0.5	1.0	1.0
2640	PF00271	18510	0.0	0.5	0.5
2641	PF00271	10319	0.5	0.5	1.0
2642	PF00271	18511	0.5	1.0	1.0
2643	PF00271	18512	0.0	0.5	0.5
2644	PF00271	2135	0.0	1.0	1.0
2645	PF00271	2145	0.0	0.5	0.5
2646	PF00271	10341	0.0	1.0	1.0
2647	PF00271	18535	0.0	1.0	1.0
2648	PF00271	10351	0.5	1.0	1.0
2649	PF00271	18544	0.5	1.0	1.0
2650	PF00271	10353	1.0	1.0	0.0
2651	PF00271	18546	0.0	0.5	0.5
2652	PF00271	18550	0.5	0.5	0.0
2653	PF00271	2168	0.5	0.5	0.5
2654	PF00271	18562	0.5	1.0	1.0
2655	PF00271	18564	0.0	0.0	0.0
2656	PF00271	2189	0.0	0.5	0.5
2657	PF00271	18574	0.0	0.5	0.5
2658	PF00271	10383	0.0	1.0	1.0
2659	PF00271	2197	0.0	1.0	1.0
2660	PF00271	10393	0.0	1.0	1.0
2661	PF00271	2203	0.0	0.0	0.0
2662	PF00271	2204	0.0	1.0	1.0
2663	PF00271	2206	1.0	0.5	1.0
2664	PF00271	18596	0.0	0.5	0.5
2665	PF00271	18600	0.0	0.5	0.5
2666	PF00271	2217	0.0	1.0	1.0
2667	PF00271	10413	0.0	1.0	1.0
2668	PF00271	2224	0.0	1.0	1.0
2669	PF00271	2227	0.0	1.0	1.0
2670	PF00271	10421	0.5	1.0	1.0
2671	PF00271	2236	0.0	0.5	0.5
2672	PF00271	2239	0.0	0.5	0.5
2673	PF00271	18632	0.0	1.0	1.0
2674	PF00271	10441	0.0	1.0	1.0
2675	PF00271	18634	0.0	1.0	1.0
2676	PF00271	2252	0.0	0.5	0.5
2677	PF00271	18640	0.0	0.0	0.0
2678	PF00271	18641	0.0	1.0	1.0
2679	PF00271	2268	1.0	0.0	1.0
2680	PF00271	10460	0.0	1.0	1.0
2681	PF00271	18658	0.0	1.0	1.0
2682	PF00271	2275	0.0	1.0	1.0
2683	PF00271	10473	0.0	0.0	0.0
2684	PF00271	2283	0.0	1.0	1.0
2685	PF00271	18667	0.5	1.0	0.5
2686	PF00271	18670	0.0	1.0	1.0
2687	PF00271	18675	1.0	1.0	1.0
2688	PF00271	10484	0.0	0.5	0.5
2689	PF00271	2303	0.5	0.5	0.0
2690	PF00271	10495	0.0	0.5	0.5
2691	PF00271	18691	0.5	1.0	0.5
2692	PF00271	10503	0.0	0.0	0.0
2693	PF00271	2314	0.5	0.5	0.5
2694	PF00271	18698	0.0	1.0	1.0
2695	PF00271	18699	0.0	1.0	1.0
2696	PF00271	10512	0.0	0.5	0.5
2697	PF00271	18705	0.0	1.0	1.0
2698	PF00271	18706	0.0	0.5	0.5
2699	PF00271	18707	0.0	1.0	1.0
2700	PF00271	10516	0.0	1.0	1.0
2701	PF00271	18723	0.0	0.0	0.0
2702	PF00271	2348	1.0	1.0	0.0
2703	PF00271	18733	0.0	0.5	0.5
2704	PF00271	18734	0.0	1.0	1.0
2705	PF00271	2353	0.0	0.5	0.5
2706	PF00271	2356	0.5	0.5	1.0
2707	PF00271	10549	0.0	0.5	0.5
2708	PF00271	10550	0.0	0.0	0.0
2709	PF00271	18748	0.0	1.0	1.0
2710	PF00271	2365	0.0	0.0	0.0
2711	PF00271	10559	0.5	1.0	1.0
2712	PF00271	10560	0.5	0.5	1.0
2713	PF00271	10562	0.0	1.0	1.0
2714	PF00271	10564	0.5	1.0	1.0
2715	PF00271	18756	0.0	0.0	0.0
2716	PF00271	18758	0.0	0.0	0.0
2717	PF00271	10568	0.0	1.0	1.0
2718	PF00271	18762	0.0	1.0	1.0
2719	PF00271	2381	0.0	1.0	1.0
2720	PF00271	10574	0.0	1.0	1.0
2721	PF00271	18765	0.5	1.0	1.0
2722	PF00271	18779	0.0	1.0	1.0
2723	PF00271	2396	0.0	1.0	1.0
2724	PF00271	2402	0.0	1.0	1.0
2725	PF00271	2404	0.5	1.0	1.0
2726	PF00271	10598	0.0	0.0	0.0
2727	PF00271	18792	0.0	1.0	1.0
2728	PF00271	2413	0.0	1.0	1.0
2729	PF00271	2414	1.0	1.0	1.0
2730	PF00271	18798	0.5	1.0	1.0
2731	PF00271	2417	0.0	1.0	1.0
2732	PF00271	10615	0.0	0.5	0.5
2733	PF00271	2424	0.5	1.0	1.0
2734	PF00271	10619	1.0	1.0	1.0
2735	PF00271	10621	0.0	0.5	0.5
2736	PF00271	18813	0.0	0.5	0.5
2737	PF00271	18814	0.0	0.5	0.5
2738	PF00271	18815	0.0	1.0	1.0
2739	PF00271	18819	0.0	1.0	1.0
2740	PF00271	2439	0.0	0.5	0.5
2741	PF00271	18828	0.0	0.5	0.5
2742	PF00271	2447	0.0	1.0	1.0
2743	PF00271	18832	1.0	1.0	0.0
2744	PF00271	2451	0.0	1.0	1.0
2745	PF00271	18841	0.0	1.0	1.0
2746	PF00271	2466	1.0	1.0	1.0
2747	PF00271	10660	0.5	1.0	1.0
2748	PF00271	2474	0.0	1.0	1.0
2749	PF00271	10668	0.0	0.5	0.5
2750	PF00271	2481	0.0	0.5	0.5
2751	PF00271	18868	0.0	1.0	1.0
2752	PF00271	2485	0.0	1.0	1.0
2753	PF00271	10678	0.0	0.5	0.5
2754	PF00271	2489	0.0	1.0	1.0
2755	PF00271	10695	1.0	1.0	1.0
2756	PF00271	2513	0.0	0.5	0.5
2757	PF00271	2520	0.5	0.5	0.5
2758	PF00271	2521	0.0	0.5	0.5
2759	PF00271	2525	0.5	1.0	1.0
2760	PF00271	10720	0.0	1.0	1.0
2761	PF00271	18914	0.0	0.0	0.0
2762	PF00271	2535	0.0	0.0	0.0
2763	PF00271	18930	0.5	1.0	1.0
2764	PF00271	18937	0.5	0.5	0.5
2765	PF00271	18943	0.0	1.0	1.0
2766	PF00271	2561	0.5	0.5	0.5
2767	PF00271	2563	0.0	0.5	0.5
2768	PF00271	18947	0.0	1.0	1.0
2769	PF00271	2571	0.0	0.5	0.5
2770	PF00271	18955	0.5	1.0	1.0
2771	PF00271	2574	0.5	0.0	0.5
2772	PF00271	10769	0.0	1.0	1.0
2773	PF00271	10770	0.0	1.0	1.0
2774	PF00271	10775	0.0	1.0	1.0
2775	PF00271	10791	0.0	1.0	1.0
2776	PF00271	10807	0.0	0.5	0.5
2777	PF00271	2622	0.0	0.5	0.5
2778	PF00271	19006	0.0	1.0	1.0
2779	PF00271	10816	0.5	0.5	1.0
2780	PF00271	2633	0.0	0.5	0.5
2781	PF00271	10831	0.0	0.5	0.5
2782	PF00271	10835	0.0	0.0	0.0
2783	PF00271	19027	0.0	0.5	0.5
2784	PF00271	2647	0.0	1.0	1.0
2785	PF00271	10842	0.0	0.5	0.5
2786	PF00271	2656	0.0	1.0	1.0
2787	PF00271	2661	0.0	0.5	0.5
2788	PF00271	19045	0.0	1.0	1.0
2789	PF00271	10871	0.0	0.5	0.5
2790	PF00271	10872	1.0	1.0	0.5
2791	PF00271	2682	0.0	1.0	1.0
2792	PF00271	19066	0.0	1.0	1.0
2793	PF00271	19080	0.0	1.0	1.0
2794	PF00271	19082	0.0	0.5	0.5
2795	PF00271	19084	0.0	1.0	1.0
2796	PF00271	19085	0.0	0.5	0.5
2797	PF00271	10898	0.0	0.5	0.5
2798	PF00271	10900	0.0	1.0	1.0
2799	PF00271	19093	0.0	1.0	1.0
2800	PF00271	10903	0.0	1.0	1.0
2801	PF00271	19095	0.5	0.5	1.0
2802	PF00271	2721	0.0	0.0	0.0
2803	PF00271	10914	0.0	1.0	1.0
2804	PF00271	2728	0.0	0.5	0.5
2805	PF00271	19113	0.0	0.5	0.5
2806	PF00271	19118	0.0	1.0	1.0
2807	PF00271	2737	0.0	1.0	1.0
2808	PF00271	19121	0.5	1.0	1.0
2809	PF00271	19124	0.0	0.5	0.5
2810	PF00271	2748	0.5	1.0	1.0
2811	PF00271	10949	0.0	1.0	1.0
2812	PF00271	2766	0.0	0.5	0.5
2813	PF00271	2775	0.5	0.0	0.5
2814	PF00271	19161	0.0	0.0	0.0
2815	PF00271	2778	0.5	1.0	0.5
2816	PF00271	2780	0.0	0.0	0.0
2817	PF00271	2782	0.0	1.0	1.0
2818	PF00271	10975	0.0	0.0	0.0
2819	PF00271	10979	0.0	0.5	0.5
2820	PF00271	19175	0.0	0.5	0.5
2821	PF00271	10984	0.0	0.5	0.5
2822	PF00271	2793	0.0	0.5	0.5
2823	PF00271	2795	0.0	0.5	0.5
2824	PF00271	10989	0.0	0.5	0.5
2825	PF00271	19183	0.5	0.5	0.0
2826	PF00271	10992	0.5	0.5	1.0
2827	PF00271	2807	0.0	1.0	1.0
2828	PF00271	19192	0.0	1.0	1.0
2829	PF00271	2809	0.0	1.0	1.0
2830	PF00271	2813	0.0	0.5	0.5
2831	PF00271	19197	0.0	0.0	0.0
2832	PF00271	19199	0.0	0.5	0.5
2833	PF00271	11008	0.0	1.0	1.0
2834	PF00271	2817	0.0	1.0	1.0
2835	PF00271	19200	0.5	1.0	1.0
2836	PF00271	11013	0.0	0.0	0.0
2837	PF00271	11022	0.0	1.0	1.0
2838	PF00271	19215	0.0	0.5	0.5
2839	PF00271	19216	0.5	1.0	1.0
2840	PF00271	19217	0.0	1.0	1.0
2841	PF00271	19222	0.5	0.5	0.0
2842	PF00271	2839	0.0	0.5	0.5
2843	PF00271	2840	0.0	0.5	0.5
2844	PF00271	2841	1.0	0.5	1.0
2845	PF00271	19226	0.0	0.0	0.0
2846	PF00271	2845	0.0	0.0	0.0
2847	PF00271	19229	0.0	1.0	1.0
2848	PF00271	11040	0.0	0.5	0.5
2849	PF00271	11042	0.0	1.0	1.0
2850	PF00271	2853	0.0	1.0	1.0
2851	PF00271	2854	0.0	1.0	1.0
2852	PF00271	11048	0.5	1.0	1.0
2853	PF00271	11055	0.0	1.0	1.0
2854	PF00271	11059	0.0	1.0	1.0
2855	PF00271	19254	0.0	0.5	0.5
2856	PF00271	19255	1.0	0.0	1.0
2857	PF00271	11068	0.0	0.5	0.5
2858	PF00271	19263	0.0	0.5	0.5
2859	PF00271	11072	0.5	0.5	0.5
2860	PF00271	19268	0.0	0.5	0.5
2861	PF00271	19271	1.0	1.0	0.5
2862	PF00271	11081	0.0	1.0	1.0
2863	PF00271	11089	0.0	0.0	0.0
2864	PF00271	2898	0.0	0.5	0.5
2865	PF00271	11092	0.0	1.0	1.0
2866	PF00271	19289	0.0	0.5	0.5
2867	PF00271	19291	0.0	0.5	0.5
2868	PF00271	19292	0.5	1.0	1.0
2869	PF00271	2912	1.0	0.5	1.0
2870	PF00271	19296	0.5	1.0	1.0
2871	PF00271	19298	0.0	0.5	0.5
2872	PF00271	19300	0.0	1.0	1.0
2873	PF00271	19307	0.0	1.0	1.0
2874	PF00271	11117	0.0	0.5	0.5
2875	PF00271	19312	0.0	1.0	1.0
2876	PF00271	2931	0.0	1.0	1.0
2877	PF00271	19316	0.5	1.0	1.0
2878	PF00271	2935	0.0	0.5	0.5
2879	PF00271	19320	0.0	1.0	1.0
2880	PF00271	2945	0.0	1.0	1.0
2881	PF00271	19330	0.0	1.0	1.0
2882	PF00271	19331	0.5	0.0	0.5
2883	PF00271	11145	0.0	0.5	0.5
2884	PF00271	19340	0.0	0.5	0.5
2885	PF00271	11157	0.0	0.0	0.0
2886	PF00271	2967	0.5	0.0	0.5
2887	PF00271	19351	0.5	1.0	0.5
2888	PF00271	19353	0.0	1.0	1.0
2889	PF00271	19357	0.0	0.5	0.5
2890	PF00271	2978	0.0	1.0	1.0
2891	PF00271	19366	0.0	1.0	1.0
2892	PF00271	19368	0.0	0.5	0.5
2893	PF00271	19369	0.0	1.0	1.0
2894	PF00271	19373	0.0	0.5	0.5
2895	PF00271	11185	0.5	0.5	0.5
2896	PF00271	11187	0.5	1.0	1.0
2897	PF00271	2999	0.0	1.0	1.0
2898	PF00271	19383	0.0	1.0	1.0
2899	PF00271	3009	0.0	0.5	0.5
2900	PF00271	11201	0.0	1.0	1.0
2901	PF00271	19393	0.0	1.0	1.0
2902	PF00271	11204	0.0	1.0	1.0
2903	PF00271	19397	0.0	0.5	0.5
2904	PF00271	19401	0.0	0.5	0.5
2905	PF00271	3018	0.5	1.0	1.0
2906	PF00271	19403	0.0	0.5	0.5
2907	PF00271	3020	0.0	1.0	1.0
2908	PF00271	19411	0.0	0.5	0.5
2909	PF00271	19421	0.5	1.0	0.5
2910	PF00271	3042	0.5	0.5	0.0
2911	PF00271	11234	0.0	1.0	1.0
2912	PF00271	19428	0.0	1.0	1.0
2913	PF00271	11237	0.0	0.0	0.0
2914	PF00271	19437	0.0	0.0	0.0
2915	PF00271	3055	0.0	0.5	0.5
2916	PF00271	19440	0.0	1.0	1.0
2917	PF00271	3060	0.5	0.0	0.5
2918	PF00271	11253	0.0	0.5	0.5
2919	PF00271	19447	0.0	0.5	0.5
2920	PF00271	11256	0.0	1.0	1.0
2921	PF00271	3073	0.0	0.5	0.5
2922	PF00271	3074	0.0	0.5	0.5
2923	PF00271	11285	0.5	1.0	1.0
2924	PF00271	3095	0.0	0.5	0.5
2925	PF00271	3098	0.0	0.5	0.5
2926	PF00271	19483	0.5	0.5	0.0
2927	PF00271	19484	0.0	1.0	1.0
2928	PF00271	19485	0.5	1.0	1.0
2929	PF00271	11299	0.0	1.0	1.0
2930	PF00271	11300	0.0	0.5	0.5
2931	PF00271	19492	0.0	1.0	1.0
2932	PF00271	19496	0.0	1.0	1.0
2933	PF00271	11308	0.0	0.5	0.5
2934	PF00271	19500	0.0	1.0	1.0
2935	PF00271	3118	0.5	1.0	1.0
2936	PF00271	19505	0.0	0.5	0.5
2937	PF00271	11318	0.0	1.0	1.0
2938	PF00271	3128	0.5	0.5	1.0
2939	PF00271	11321	0.5	0.5	0.5
2940	PF00271	11325	0.0	1.0	1.0
2941	PF00271	3134	0.0	1.0	1.0
2942	PF00271	3139	0.0	0.5	0.5
2943	PF00271	11339	0.0	1.0	1.0
2944	PF00271	19534	0.5	1.0	0.5
2945	PF00271	19535	0.0	1.0	1.0
2946	PF00271	3160	0.0	1.0	1.0
2947	PF00271	11352	0.5	1.0	1.0
2948	PF00271	19545	0.0	1.0	1.0
2949	PF00271	11358	0.5	0.5	0.0
2950	PF00271	11364	0.5	1.0	1.0
2951	PF00271	3174	0.0	0.5	0.5
2952	PF00271	11367	0.0	1.0	1.0
2953	PF00271	19566	0.0	1.0	1.0
2954	PF00271	3183	0.0	1.0	1.0
2955	PF00271	11375	0.0	0.5	0.5
2956	PF00271	11376	0.0	0.0	0.0
2957	PF00271	19570	0.0	1.0	1.0
2958	PF00271	3191	0.5	1.0	1.0
2959	PF00271	19581	0.0	1.0	1.0
2960	PF00271	19587	0.0	0.5	0.5
2961	PF00271	3205	0.0	1.0	1.0
2962	PF00271	3206	0.5	0.5	1.0
2963	PF00271	11400	0.0	1.0	1.0
2964	PF00271	11401	0.5	1.0	1.0
2965	PF00271	11404	0.0	1.0	1.0
2966	PF00271	19597	0.0	0.0	0.0
2967	PF00271	19598	1.0	1.0	0.0
2968	PF00271	3216	0.0	0.5	0.5
2969	PF00271	11409	0.0	0.5	0.5
2970	PF00271	3218	0.5	1.0	1.0
2971	PF00271	19602	0.0	1.0	1.0
2972	PF00271	11412	0.0	0.0	0.0
2973	PF00271	11414	0.0	1.0	1.0
2974	PF00271	3224	0.0	1.0	1.0
2975	PF00271	19614	0.0	1.0	1.0
2976	PF00271	11424	0.0	1.0	1.0
2977	PF00271	3237	0.0	1.0	1.0
2978	PF00271	3238	0.5	0.5	0.0
2979	PF00271	3241	1.0	1.0	0.0
2980	PF00271	11435	0.0	1.0	1.0
2981	PF00271	3245	0.0	1.0	1.0
2982	PF00271	19630	0.0	0.5	0.5
2983	PF00271	11441	0.5	1.0	0.5
2984	PF00271	11444	0.5	0.5	0.5
2985	PF00271	11447	0.0	1.0	1.0
2986	PF00271	3256	0.0	0.5	0.5
2987	PF00271	3261	0.5	1.0	1.0
2988	PF00271	3262	0.5	1.0	1.0
2989	PF00271	19652	0.5	1.0	1.0
2990	PF00271	19664	0.0	0.5	0.5
2991	PF00271	11483	0.0	1.0	1.0
2992	PF00271	11487	0.0	1.0	1.0
2993	PF00271	3296	0.0	0.0	0.0
2994	PF00271	19690	0.0	1.0	1.0
2995	PF00271	19695	0.0	1.0	1.0
2996	PF00271	3315	0.5	1.0	0.5
2997	PF00271	3324	0.0	1.0	1.0
2998	PF00271	3325	0.0	0.5	0.5
2999	PF00271	11521	0.5	1.0	1.0
3000	PF00271	11527	0.0	1.0	1.0
3001	PF00271	19719	0.0	1.0	1.0
3002	PF00271	3337	0.0	1.0	1.0
3003	PF00271	11529	0.0	0.5	0.5
3004	PF00271	19720	0.5	0.5	1.0
3005	PF00271	3347	0.0	0.5	0.5
3006	PF00271	11541	0.0	1.0	1.0
3007	PF00271	19736	0.0	0.5	0.5
3008	PF00271	11546	0.0	1.0	1.0
3009	PF00271	11553	0.0	0.5	0.5
3010	PF00271	3370	0.5	0.5	0.0
3011	PF00271	11562	0.0	1.0	1.0
3012	PF00271	19760	0.5	0.5	1.0
3013	PF00271	3382	0.5	0.5	0.0
3014	PF00271	11580	0.0	0.0	0.0
3015	PF00271	3391	1.0	1.0	0.5
3016	PF00271	19781	0.5	0.5	0.0
3017	PF00271	19795	0.0	1.0	1.0
3018	PF00271	3412	0.0	0.5	0.5
3019	PF00271	11604	0.0	1.0	1.0
3020	PF00271	11605	0.0	1.0	1.0
3021	PF00271	11613	0.0	1.0	1.0
3022	PF00271	11615	0.5	0.5	0.5
3023	PF00271	11616	1.0	1.0	0.0
3024	PF00271	3425	0.0	1.0	1.0
3025	PF00271	3430	0.0	0.5	0.5
3026	PF00271	11622	0.0	0.5	0.5
3027	PF00271	3434	0.5	0.0	0.5
3028	PF00271	11629	0.5	0.5	0.0
3029	PF00271	3438	0.0	1.0	1.0
3030	PF00271	11638	0.0	1.0	1.0
3031	PF00271	11640	0.5	1.0	1.0
3032	PF00271	3451	0.0	1.0	1.0
3033	PF00271	11647	0.5	1.0	1.0
3034	PF00271	19839	0.5	1.0	1.0
3035	PF00271	3458	0.5	1.0	1.0
3036	PF00271	3459	0.0	0.0	0.0
3037	PF00271	11650	0.0	1.0	1.0
3038	PF00271	11652	0.5	1.0	1.0
3039	PF00271	11656	0.0	0.5	0.5
3040	PF00271	11658	0.0	1.0	1.0
3041	PF00271	3467	0.0	1.0	1.0
3042	PF00271	19851	0.0	1.0	1.0
3043	PF00271	3478	0.0	0.5	0.5
3044	PF00271	11676	0.0	1.0	1.0
3045	PF00271	3491	0.0	1.0	1.0
3046	PF00271	11687	0.0	0.5	0.5
3047	PF00271	19883	0.0	1.0	1.0
3048	PF00271	19884	0.0	0.5	0.5
3049	PF00271	19890	0.0	1.0	1.0
3050	PF00271	11703	0.0	0.0	0.0
3051	PF00271	3514	0.5	1.0	1.0
3052	PF00271	3515	0.0	0.0	0.0
3053	PF00271	11717	1.0	1.0	1.0
3054	PF00271	3528	0.0	1.0	1.0
3055	PF00271	11725	0.0	1.0	1.0
3056	PF00271	11726	0.0	1.0	1.0
3057	PF00271	19920	0.5	1.0	1.0
3058	PF00271	11729	0.0	1.0	1.0
3059	PF00271	19922	0.5	0.5	1.0
3060	PF00271	19923	0.5	0.0	0.5
3061	PF00271	11732	1.0	1.0	1.0
3062	PF00271	3541	0.0	0.0	0.0
3063	PF00271	19924	0.0	1.0	1.0
3064	PF00271	19936	0.0	1.0	1.0
3065	PF00271	11747	0.0	1.0	1.0
3066	PF00271	19944	0.0	1.0	1.0
3067	PF00271	11753	0.5	1.0	0.5
3068	PF00271	11759	0.0	1.0	1.0
3069	PF00271	19951	0.0	0.0	0.0
3070	PF00271	19952	0.0	0.5	0.5
3071	PF00271	3572	0.0	0.5	0.5
3072	PF00271	3576	0.0	1.0	1.0
3073	PF00271	19961	0.0	0.0	0.0
3074	PF00271	3583	0.0	1.0	1.0
3075	PF00271	11781	0.0	1.0	1.0
3076	PF00271	3598	0.5	1.0	0.5
3077	PF00271	19985	0.0	0.5	0.5
3078	PF00271	11797	1.0	0.5	1.0
3079	PF00271	11805	0.5	1.0	1.0
3080	PF00271	11810	0.0	0.0	0.0
3081	PF00271	3622	0.0	0.0	0.0
3082	PF00271	3625	0.0	1.0	1.0
3083	PF00271	11818	0.0	1.0	1.0
3084	PF00271	11819	1.0	0.0	1.0
3085	PF00271	3630	0.0	1.0	1.0
3086	PF00271	11838	0.0	1.0	1.0
3087	PF00271	3648	1.0	1.0	1.0
3088	PF00271	3650	0.0	0.5	0.5
3089	PF00271	3653	0.0	0.5	0.5
3090	PF00271	11846	0.0	0.0	0.0
3091	PF00271	11851	0.0	0.5	0.5
3092	PF00271	11856	0.0	1.0	1.0
3093	PF00271	3665	0.5	0.0	0.5
3094	PF00271	3667	0.0	0.0	0.0
3095	PF00271	11862	0.0	1.0	1.0
3096	PF00271	3671	0.0	1.0	1.0
3097	PF00271	3681	0.5	0.5	1.0
3098	PF00271	11881	1.0	1.0	1.0
3099	PF00271	3690	0.0	0.0	0.0
3100	PF00271	11882	0.5	0.5	1.0
3101	PF00271	11886	0.0	1.0	1.0
3102	PF00271	11889	0.5	1.0	1.0
3103	PF00271	3700	0.5	1.0	1.0
3104	PF00271	3709	1.0	0.0	1.0
3105	PF00271	3718	0.0	1.0	1.0
3106	PF00271	3719	0.0	1.0	1.0
3107	PF00271	11914	0.0	1.0	1.0
3108	PF00271	3725	0.0	0.0	0.0
3109	PF00271	3729	0.0	1.0	1.0
3110	PF00271	3734	0.5	1.0	1.0
3111	PF00271	3740	0.0	1.0	1.0
3112	PF00271	11933	0.0	0.5	0.5
3113	PF00271	11944	0.0	1.0	1.0
3114	PF00271	3764	0.0	1.0	1.0
3115	PF00271	3769	0.5	1.0	1.0
3116	PF00271	11962	0.0	1.0	1.0
3117	PF00271	11972	0.0	1.0	1.0
3118	PF00271	3797	0.0	1.0	1.0
3119	PF00271	11993	0.5	1.0	1.0
3120	PF00271	11996	1.0	1.0	0.0
3121	PF00271	11997	0.5	0.5	0.0
3122	PF00271	3808	0.0	1.0	1.0
3123	PF00271	3822	1.0	0.0	1.0
3124	PF00271	3826	0.0	0.5	0.5
3125	PF00271	12018	0.5	1.0	1.0
3126	PF00271	12019	0.0	0.0	0.0
3127	PF00271	12024	0.5	1.0	1.0
3128	PF00271	3842	0.5	0.0	0.5
3129	PF00271	3847	0.0	1.0	1.0
3130	PF00271	12040	0.0	1.0	1.0
3131	PF00271	12041	0.0	1.0	1.0
3132	PF00271	12050	0.0	0.5	0.5
3133	PF00271	3860	0.0	0.0	0.0
3134	PF00271	12057	0.5	1.0	1.0
3135	PF00271	3867	0.0	1.0	1.0
3136	PF00271	3868	0.0	0.5	0.5
3137	PF00271	12060	0.0	1.0	1.0
3138	PF00271	3873	1.0	1.0	0.5
3139	PF00271	3878	0.0	0.0	0.0
3140	PF00271	3880	0.0	1.0	1.0
3141	PF00271	12077	0.0	0.0	0.0
3142	PF00271	12079	0.0	1.0	1.0
3143	PF00271	3897	0.5	0.5	0.5
3144	PF00271	12092	0.0	1.0	1.0
3145	PF00271	3907	0.0	0.5	0.5
3146	PF00271	3908	0.0	1.0	1.0
3147	PF00271	12103	0.0	1.0	1.0
3148	PF00271	3914	0.0	0.5	0.5
3149	PF00271	3921	0.0	0.0	0.0
3150	PF00271	3927	0.0	1.0	1.0
3151	PF00271	12121	0.0	1.0	1.0
3152	PF00271	12123	0.0	1.0	1.0
3153	PF00271	12133	0.0	1.0	1.0
3154	PF00271	3949	0.0	0.0	0.0
3155	PF00271	3959	0.0	0.5	0.5
3156	PF00271	3960	0.0	1.0	1.0
3157	PF00271	3961	0.0	1.0	1.0
3158	PF00271	3963	0.0	0.0	0.0
3159	PF00271	12160	1.0	1.0	1.0
3160	PF00271	3975	0.0	0.5	0.5
3161	PF00271	3977	0.0	1.0	1.0
3162	PF00271	3981	0.0	0.0	0.0
3163	PF00271	3984	0.0	1.0	1.0
3164	PF00271	3997	0.5	0.5	0.5
3165	PF00271	12190	0.0	1.0	1.0
3166	PF00271	12203	0.0	1.0	1.0
3167	PF00271	4015	0.5	0.5	0.0
3168	PF00271	4019	0.0	1.0	1.0
3169	PF00271	12214	1.0	1.0	1.0
3170	PF00271	4028	0.0	0.5	0.5
3171	PF00271	12225	0.0	1.0	1.0
3172	PF00271	4034	0.5	1.0	1.0
3173	PF00271	12228	0.0	1.0	1.0
3174	PF00271	4042	0.0	1.0	1.0
3175	PF00271	4045	0.0	0.5	0.5
3176	PF00271	4050	0.0	0.5	0.5
3177	PF00271	4054	0.0	1.0	1.0
3178	PF00271	4070	0.5	1.0	1.0
3179	PF00271	12272	0.0	1.0	1.0
3180	PF00271	4095	0.0	0.0	0.0
3181	PF00271	4100	0.0	0.5	0.5
3182	PF00271	12292	0.0	0.5	0.5
3183	PF00271	4103	1.0	1.0	1.0
3184	PF00271	4119	0.5	0.5	0.5
3185	PF00271	12320	0.0	0.5	0.5
3186	PF00271	4130	0.0	0.5	0.5
3187	PF00271	12329	0.0	1.0	1.0
3188	PF00271	4139	0.0	1.0	1.0
3189	PF00271	12332	0.0	1.0	1.0
3190	PF00271	12334	0.0	1.0	1.0
3191	PF00271	4143	0.0	1.0	1.0
3192	PF00271	12340	0.0	1.0	1.0
3193	PF00271	12343	0.0	1.0	1.0
3194	PF00271	12345	0.0	0.5	0.5
3195	PF00271	12360	0.0	1.0	1.0
3196	PF00271	12364	0.0	1.0	1.0
3197	PF00271	12382	0.0	1.0	1.0
3198	PF00271	12394	0.0	1.0	1.0
3199	PF00271	4206	0.0	0.5	0.5
3200	PF00271	12403	0.0	1.0	1.0
3201	PF00271	4214	0.0	0.5	0.5
3202	PF00271	12407	0.5	1.0	1.0
3203	PF00271	12412	1.0	1.0	0.0
3204	PF00271	12416	1.0	0.0	1.0
3205	PF00271	4227	0.0	0.5	0.5
3206	PF00271	12428	0.5	1.0	1.0
3207	PF00271	4241	0.0	0.5	0.5
3208	PF00271	12433	0.5	1.0	1.0
3209	PF00271	12434	0.5	0.5	0.0
3210	PF00271	12437	0.0	1.0	1.0
3211	PF00271	4246	0.0	1.0	1.0
3212	PF00271	12450	0.0	0.0	0.0
3213	PF00271	12455	0.0	0.5	0.5
3214	PF00271	12461	0.0	1.0	1.0
3215	PF00271	12474	0.0	0.5	0.5
3216	PF00271	4289	0.0	0.5	0.5
3217	PF00271	4291	0.0	0.0	0.0
3218	PF00271	12498	0.0	1.0	1.0
3219	PF00271	4308	0.0	1.0	1.0
3220	PF00271	4310	0.0	1.0	1.0
3221	PF00271	12502	0.0	0.0	0.0
3222	PF00271	12505	0.5	0.0	0.5
3223	PF00271	4319	0.0	1.0	1.0
3224	PF00271	12518	0.0	1.0	1.0
3225	PF00271	12522	0.0	0.5	0.5
3226	PF00271	4335	0.0	0.0	0.0
3227	PF00271	12527	0.5	1.0	1.0
3228	PF00271	12545	0.0	0.5	0.5
3229	PF00271	12551	0.0	0.0	0.0
3230	PF00271	12566	0.0	0.5	0.5
3231	PF00271	4386	0.0	1.0	1.0
3232	PF00271	12579	0.0	0.5	0.5
3233	PF00271	12581	0.0	1.0	1.0
3234	PF00271	12588	0.5	0.0	0.5
3235	PF00271	4404	0.0	1.0	1.0
3236	PF00271	12599	0.0	1.0	1.0
3237	PF00271	4408	0.0	0.5	0.5
3238	PF00271	12602	0.0	1.0	1.0
3239	PF00271	12603	0.0	1.0	1.0
3240	PF00271	4413	0.0	1.0	1.0
3241	PF00271	4418	0.0	0.0	0.0
3242	PF00271	12611	1.0	1.0	0.0
3243	PF00271	12613	0.0	1.0	1.0
3244	PF00271	12621	0.5	0.0	0.5
3245	PF00271	12622	0.0	0.5	0.5
3246	PF00271	4433	1.0	1.0	1.0
3247	PF00271	12632	0.5	1.0	1.0
3248	PF00271	12634	0.0	0.5	0.5
3249	PF00271	4443	0.5	0.5	0.5
3250	PF00271	12637	0.0	0.0	0.0
3251	PF00271	4452	0.0	0.0	0.0
3252	PF00271	12653	0.0	1.0	1.0
3253	PF00271	4465	0.0	0.0	0.0
3254	PF00271	4466	0.0	1.0	1.0
3255	PF00271	12668	0.0	1.0	1.0
3256	PF00271	4477	0.0	0.0	0.0
3257	PF00271	4482	0.0	1.0	1.0
3258	PF00271	4487	0.5	1.0	1.0
3259	PF00271	4488	0.0	1.0	1.0
3260	PF00271	4489	0.0	1.0	1.0
3261	PF00271	4490	0.0	0.5	0.5
3262	PF00271	12680	0.0	1.0	1.0
3263	PF00271	12686	0.0	1.0	1.0
3264	PF00271	12698	0.0	0.0	0.0
3265	PF00271	4512	0.0	1.0	1.0
3266	PF00271	12708	0.5	1.0	1.0
3267	PF00271	4517	0.0	0.5	0.5
3268	PF00271	12716	0.0	1.0	1.0
3269	PF00271	12719	0.5	0.5	1.0
3270	PF00271	12727	0.0	1.0	1.0
3271	PF00271	4537	0.0	0.5	0.5
3272	PF00271	12730	0.0	1.0	1.0
3273	PF00271	4550	0.0	1.0	1.0
3274	PF00271	12742	0.0	0.5	0.5
3275	PF00271	12749	0.5	0.0	0.5
3276	PF00271	12752	0.5	1.0	1.0
3277	PF00271	4567	0.0	1.0	1.0
3278	PF00271	4569	0.0	1.0	1.0
3279	PF00271	4571	0.0	0.5	0.5
3280	PF00271	4575	0.0	0.5	0.5
3281	PF00271	12767	0.0	1.0	1.0
3282	PF00271	4577	0.5	0.5	0.0
3283	PF00271	12770	0.0	0.5	0.5
3284	PF00271	12771	0.0	0.5	0.5
3285	PF00271	4586	0.0	1.0	1.0
3286	PF00271	4588	0.0	0.5	0.5
3287	PF00271	4592	0.0	0.5	0.5
3288	PF00271	4604	0.0	1.0	1.0
3289	PF00271	4605	0.0	1.0	1.0
3290	PF00271	12802	0.0	0.5	0.5
3291	PF00271	12804	0.0	1.0	1.0
3292	PF00271	12810	0.0	0.5	0.5
3293	PF00271	12811	0.5	0.0	0.5
3294	PF00271	12823	0.0	0.5	0.5
3295	PF00271	12828	0.5	1.0	1.0
3296	PF00271	4643	0.0	0.5	0.5
3297	PF00271	4652	0.0	0.5	0.5
3298	PF00271	4653	0.0	1.0	1.0
3299	PF00271	12848	0.0	1.0	1.0
3300	PF00271	12850	1.0	0.5	1.0
3301	PF00271	4662	0.0	1.0	1.0
3302	PF00271	12854	0.5	0.5	1.0
3303	PF00271	4665	0.0	0.0	0.0
3304	PF00271	12863	0.0	1.0	1.0
3305	PF00271	4672	0.0	1.0	1.0
3306	PF00271	12876	0.0	0.0	0.0
3307	PF00271	12883	0.0	0.5	0.5
3308	PF00271	12885	0.0	1.0	1.0
3309	PF00271	4695	0.0	0.5	0.5
3310	PF00271	4696	0.0	0.5	0.5
3311	PF00271	4704	0.5	1.0	1.0
3312	PF00271	12898	0.5	1.0	1.0
3313	PF00271	4715	0.5	1.0	1.0
3314	PF00271	12911	0.0	0.5	0.5
3315	PF00271	12913	0.5	1.0	1.0
3316	PF00271	4724	0.0	0.0	0.0
3317	PF00271	12926	0.0	0.0	0.0
3318	PF00271	12927	0.0	0.5	0.5
3319	PF00271	12928	1.0	0.0	1.0
3320	PF00271	12935	0.0	1.0	1.0
3321	PF00271	4747	0.0	1.0	1.0
3322	PF00271	4754	0.0	0.5	0.5
3323	PF00271	12953	0.0	1.0	1.0
3324	PF00271	12954	0.0	1.0	1.0
3325	PF00271	4768	0.0	1.0	1.0
3326	PF00271	12965	0.0	1.0	1.0
3327	PF00271	12966	0.0	1.0	1.0
3328	PF00271	4787	0.0	0.5	0.5
3329	PF00271	12988	0.0	0.0	0.0
3330	PF00271	12997	0.0	1.0	1.0
3331	PF00271	4810	0.5	0.5	0.5
3332	PF00271	13003	0.5	0.5	1.0
3333	PF00271	4824	0.0	1.0	1.0
3334	PF00271	13018	0.0	1.0	1.0
3335	PF00271	13019	0.0	0.0	0.0
3336	PF00271	4837	0.0	1.0	1.0
3337	PF00271	13031	1.0	0.0	1.0
3338	PF00271	13032	0.0	0.5	0.5
3339	PF00271	4842	0.0	1.0	1.0
3340	PF00271	13044	0.0	1.0	1.0
3341	PF00271	4853	0.5	0.0	0.5
3342	PF00271	13046	0.0	0.0	0.0
3343	PF00271	4855	0.0	1.0	1.0
3344	PF00271	13050	0.0	0.0	0.0
3345	PF00271	4873	0.5	1.0	1.0
3346	PF00271	4875	0.0	1.0	1.0
3347	PF00271	13072	0.0	0.0	0.0
3348	PF00271	13084	0.0	1.0	1.0
3349	PF00271	13101	0.0	1.0	1.0
3350	PF00271	13104	0.0	0.5	0.5
3351	PF00271	13108	0.0	1.0	1.0
3352	PF00271	13111	0.0	1.0	1.0
3353	PF00271	13112	0.0	0.5	0.5
3354	PF00271	4926	0.5	0.5	0.0
3355	PF00271	13135	0.0	1.0	1.0
3356	PF00271	4945	0.0	1.0	1.0
3357	PF00271	4949	0.0	1.0	1.0
3358	PF00271	13142	0.0	0.5	0.5
3359	PF00271	13146	1.0	1.0	1.0
3360	PF00271	4955	0.5	1.0	1.0
3361	PF00271	4959	0.0	0.5	0.5
3362	PF00271	4967	0.5	0.5	0.5
3363	PF00271	13163	0.0	1.0	1.0
3364	PF00271	4974	0.0	0.5	0.5
3365	PF00271	4976	0.0	0.5	0.5
3366	PF00271	13171	1.0	0.0	1.0
3367	PF00271	13188	0.0	1.0	1.0
3368	PF00271	13189	0.0	1.0	1.0
3369	PF00271	13192	0.5	0.5	1.0
3370	PF00271	13194	0.0	1.0	1.0
3371	PF00271	13196	0.5	1.0	1.0
3372	PF00271	5005	0.0	0.0	0.0
3373	PF00271	5014	0.0	1.0	1.0
3374	PF00271	13208	0.0	0.0	0.0
3375	PF00271	5018	0.0	1.0	1.0
3376	PF00271	5020	0.0	0.0	0.0
3377	PF00271	5023	0.0	0.5	0.5
3378	PF00271	13218	0.0	0.5	0.5
3379	PF00271	13220	0.0	1.0	1.0
3380	PF00271	5030	0.0	0.5	0.5
3381	PF00271	13229	0.0	0.5	0.5
3382	PF00271	13235	1.0	1.0	1.0
3383	PF00271	5050	0.5	1.0	1.0
3384	PF00271	5051	0.0	1.0	1.0
3385	PF00271	5059	1.0	1.0	0.5
3386	PF00271	5061	0.0	1.0	1.0
3387	PF00271	5062	0.0	0.5	0.5
3388	PF00271	13256	0.5	1.0	1.0
3389	PF00271	5065	0.0	0.0	0.0
3390	PF00271	13263	0.0	1.0	1.0
3391	PF00271	5091	0.5	1.0	1.0
3392	PF00271	13284	0.0	0.0	0.0
3393	PF00271	13292	0.0	0.5	0.5
3394	PF00271	5102	0.0	0.5	0.5
3395	PF00271	5104	0.5	0.5	1.0
3396	PF00271	5109	1.0	0.0	1.0
3397	PF00271	5120	1.0	0.5	1.0
3398	PF00271	5126	0.0	0.5	0.5
3399	PF00271	5131	0.0	1.0	1.0
3400	PF00271	5137	0.0	1.0	1.0
3401	PF00271	5144	0.0	1.0	1.0
3402	PF00271	5150	0.0	1.0	1.0
3403	PF00271	13344	0.0	1.0	1.0
3404	PF00271	13347	0.0	0.0	0.0
3405	PF00271	13358	1.0	1.0	1.0
3406	PF00271	5181	0.0	0.5	0.5
3407	PF00271	5186	0.0	1.0	1.0
3408	PF00271	13379	1.0	0.0	1.0
3409	PF00271	13383	0.0	1.0	1.0
3410	PF00271	13384	0.0	0.0	0.0
3411	PF00271	5194	0.0	1.0	1.0
3412	PF00271	13387	0.0	1.0	1.0
3413	PF00271	13395	0.0	1.0	1.0
3414	PF00271	13398	0.0	0.5	0.5
3415	PF00271	5208	0.0	1.0	1.0
3416	PF00271	13410	0.5	0.0	0.5
3417	PF00271	5240	0.0	0.0	0.0
3418	PF00271	13433	0.0	1.0	1.0
3419	PF00271	13438	0.0	1.0	1.0
3420	PF00271	5249	0.0	1.0	1.0
3421	PF00271	13441	0.5	0.0	0.5
3422	PF00271	13448	0.0	1.0	1.0
3423	PF00271	5258	0.5	0.5	1.0
3424	PF00271	5273	0.0	1.0	1.0
3425	PF00271	5275	0.5	1.0	1.0
3426	PF00271	5278	0.0	1.0	1.0
3427	PF00271	5280	0.5	1.0	1.0
3428	PF00271	13473	0.0	0.5	0.5
3429	PF00271	13480	0.5	0.5	0.0
3430	PF00271	13484	1.0	0.5	1.0
3431	PF00271	5300	0.0	1.0	1.0
3432	PF00271	13503	0.0	0.5	0.5
3433	PF00271	5312	0.0	0.5	0.5
3434	PF00271	5315	1.0	1.0	1.0
3435	PF00271	5319	0.0	0.5	0.5
3436	PF00271	5321	0.0	0.5	0.5
3437	PF00271	13514	0.5	1.0	0.5
3438	PF00271	5325	0.0	0.0	0.0
3439	PF00271	13521	0.0	0.5	0.5
3440	PF00271	13537	0.0	0.0	0.0
3441	PF00271	5348	0.0	1.0	1.0
3442	PF00271	13541	0.0	0.5	0.5
3443	PF00271	5350	0.5	1.0	1.0
3444	PF00271	5351	0.0	1.0	1.0
3445	PF00271	13561	0.0	0.5	0.5
3446	PF00271	13573	0.5	1.0	0.5
3447	PF00271	13579	0.0	0.5	0.5
3448	PF00271	13583	0.0	1.0	1.0
3449	PF00271	5405	0.5	1.0	0.5
3450	PF00271	13600	0.5	0.5	0.0
3451	PF00271	13602	0.5	1.0	1.0
3452	PF00271	13604	0.0	0.0	0.0
3453	PF00271	5413	0.0	1.0	1.0
3454	PF00271	5419	0.0	1.0	1.0
3455	PF00271	13614	0.0	0.5	0.5
3456	PF00271	13617	0.5	1.0	0.5
3457	PF00271	5440	1.0	1.0	0.5
3458	PF00271	13636	0.0	0.5	0.5
3459	PF00271	5466	0.0	0.5	0.5
3460	PF00271	5484	0.0	1.0	1.0
3461	PF00271	13678	0.0	0.5	0.5
3462	PF00271	13679	1.0	1.0	0.5
3463	PF00271	5493	0.0	0.0	0.0
3464	PF00271	5494	0.0	0.5	0.5
3465	PF00271	5500	0.0	1.0	1.0
3466	PF00271	13692	0.0	1.0	1.0
3467	PF00271	5503	0.0	0.5	0.5
3468	PF00271	13697	0.0	0.5	0.5
3469	PF00271	13705	0.0	0.5	0.5
3470	PF00271	13708	0.0	0.5	0.5
3471	PF00271	13712	0.0	0.5	0.5
3472	PF00271	13713	0.5	1.0	1.0
3473	PF00271	13715	0.0	1.0	1.0
3474	PF00271	5547	0.0	0.5	0.5
3475	PF00271	13747	0.0	1.0	1.0
3476	PF00271	5561	0.5	0.5	1.0
3477	PF00271	5566	1.0	1.0	0.5
3478	PF00271	5567	0.5	1.0	0.5
3479	PF00271	13761	0.0	0.5	0.5
3480	PF00271	13762	0.0	1.0	1.0
3481	PF00271	13768	0.0	1.0	1.0
3482	PF00271	13777	0.0	0.5	0.5
3483	PF00271	13778	0.5	1.0	0.5
3484	PF00271	5588	0.0	0.0	0.0
3485	PF00271	13789	0.0	1.0	1.0
3486	PF00271	5598	0.0	0.0	0.0
3487	PF00271	5601	0.5	1.0	1.0
3488	PF00271	13797	0.5	1.0	0.5
3489	PF00271	5610	0.0	1.0	1.0
3490	PF00271	13804	0.0	1.0	1.0
3491	PF00271	5613	0.0	1.0	1.0
3492	PF00271	13806	0.0	0.5	0.5
3493	PF00271	13812	0.0	1.0	1.0
3494	PF00271	5636	0.0	0.5	0.5
3495	PF00271	13839	0.0	1.0	1.0
3496	PF00271	13847	0.0	1.0	1.0
3497	PF00271	5657	0.0	0.0	0.0
3498	PF00271	13849	0.0	1.0	1.0
3499	PF00271	13852	0.0	0.5	0.5
3500	PF00271	13854	0.5	0.5	1.0
3501	PF00271	5664	0.5	0.0	0.5
3502	PF00271	13860	1.0	1.0	0.5
3503	PF00271	13861	0.0	1.0	1.0
3504	PF00271	13866	0.0	0.5	0.5
3505	PF00271	5691	1.0	0.0	1.0
3506	PF00271	13885	0.0	1.0	1.0
3507	PF00271	5694	0.0	1.0	1.0
3508	PF00271	13886	0.0	1.0	1.0
3509	PF00271	5697	0.0	0.0	0.0
3510	PF00271	13889	0.0	1.0	1.0
3511	PF00271	5701	0.0	0.5	0.5
3512	PF00271	5702	0.0	0.0	0.0
3513	PF00271	13899	0.0	1.0	1.0
3514	PF00271	13902	0.0	0.5	0.5
3515	PF00271	5711	0.0	1.0	1.0
3516	PF00271	5715	0.0	0.5	0.5
3517	PF00271	5720	0.5	0.5	0.5
3518	PF00271	5726	0.0	0.5	0.5
3519	PF00271	13929	0.5	1.0	1.0
3520	PF00271	5738	1.0	0.0	1.0
3521	PF00271	13937	0.0	0.5	0.5
3522	PF00271	13940	0.5	0.5	1.0
3523	PF00271	13949	0.0	1.0	1.0
3524	PF00271	5759	0.0	1.0	1.0
3525	PF00271	5769	1.0	1.0	0.5
3526	PF00271	5775	0.0	0.0	0.0
3527	PF00271	13979	0.0	0.5	0.5
3528	PF00271	13983	0.5	0.5	1.0
3529	PF00271	5803	0.0	1.0	1.0
3530	PF00271	5814	0.0	0.0	0.0
3531	PF00271	14008	0.0	0.5	0.5
3532	PF00271	5817	0.0	1.0	1.0
3533	PF00271	14009	0.0	1.0	1.0
3534	PF00271	5820	0.5	1.0	1.0
3535	PF00271	14018	0.0	0.0	0.0
3536	PF00271	5832	0.0	1.0	1.0
3537	PF00271	14025	0.0	0.5	0.5
3538	PF00271	5836	0.0	1.0	1.0
3539	PF00271	14029	0.0	0.5	0.5
3540	PF00271	14035	0.0	1.0	1.0
3541	PF00271	14048	0.0	1.0	1.0
3542	PF00271	5857	0.0	0.5	0.5
3543	PF00271	14049	0.5	1.0	1.0
3544	PF00271	5867	0.5	1.0	0.5
3545	PF00271	5869	0.0	1.0	1.0
3546	PF00271	14067	0.0	1.0	1.0
3547	PF00271	14070	0.0	0.5	0.5
3548	PF00271	5885	0.0	0.5	0.5
3549	PF00271	5888	0.0	1.0	1.0
3550	PF00271	5889	0.0	1.0	1.0
3551	PF00271	14082	0.5	0.5	0.0
3552	PF00271	14095	0.5	0.5	0.0
3553	PF00271	5906	0.0	1.0	1.0
3554	PF00271	14098	0.0	1.0	1.0
3555	PF00271	5910	0.0	1.0	1.0
3556	PF00271	14103	0.0	0.0	0.0
3557	PF00271	14104	0.5	1.0	1.0
3558	PF00271	5925	0.0	0.0	0.0
3559	PF00271	5929	0.0	0.0	0.0
3560	PF00271	14127	0.0	0.0	0.0
3561	PF00271	5946	0.0	0.5	0.5
3562	PF00271	14143	0.5	0.0	0.5
3563	PF00271	14145	0.0	0.5	0.5
3564	PF00271	5956	0.0	1.0	1.0
3565	PF00271	14163	1.0	1.0	0.0
3566	PF00271	14179	0.0	1.0	1.0
3567	PF00271	5989	0.0	1.0	1.0
3568	PF00271	14188	0.0	0.5	0.5
3569	PF00271	5997	0.0	1.0	1.0
3570	PF00271	6000	0.5	1.0	1.0
3571	PF00271	6020	0.0	0.5	0.5
3572	PF00271	14213	0.0	1.0	1.0
3573	PF00271	14214	0.5	1.0	1.0
3574	PF00271	6024	1.0	1.0	0.5
3575	PF00271	6028	0.0	1.0	1.0
3576	PF00271	6031	0.0	1.0	1.0
3577	PF00271	14226	0.0	0.5	0.5
3578	PF00271	14231	0.0	1.0	1.0
3579	PF00271	6041	0.0	1.0	1.0
3580	PF00271	14245	0.0	0.0	0.0
3581	PF00271	6062	0.0	0.5	0.5
3582	PF00271	6064	0.0	1.0	1.0
3583	PF00271	6074	0.0	1.0	1.0
3584	PF00271	6075	0.0	0.0	0.0
3585	PF00271	6078	0.0	0.5	0.5
3586	PF00271	6085	0.0	1.0	1.0
3587	PF00271	6090	0.0	1.0	1.0
3588	PF00271	14288	0.0	0.0	0.0
3589	PF00271	6097	0.0	1.0	1.0
3590	PF00271	14292	0.0	1.0	1.0
3591	PF00271	6104	0.5	1.0	1.0
3592	PF00271	6105	0.5	0.0	0.5
3593	PF00271	14307	0.0	1.0	1.0
3594	PF00271	14313	0.0	0.5	0.5
3595	PF00271	6126	1.0	1.0	0.5
3596	PF00271	14319	0.0	0.5	0.5
3597	PF00271	14329	0.0	1.0	1.0
3598	PF00271	14333	0.0	1.0	1.0
3599	PF00271	14341	0.0	1.0	1.0
3600	PF00271	14343	0.5	0.5	0.0
3601	PF00271	14348	0.0	1.0	1.0
3602	PF00271	14352	0.0	0.5	0.5
3603	PF00271	6173	0.0	1.0	1.0
3604	PF00271	14368	0.0	1.0	1.0
3605	PF00271	14369	0.0	1.0	1.0
3606	PF00271	14372	0.5	1.0	1.0
3607	PF00271	6186	0.0	0.0	0.0
3608	PF00271	14389	0.0	1.0	1.0
3609	PF00271	14390	0.0	0.5	0.5
3610	PF00271	14392	0.0	0.0	0.0
3611	PF00271	6201	0.0	1.0	1.0
3612	PF00271	14393	0.0	0.5	0.5
3613	PF00271	6210	0.0	0.5	0.5
3614	PF00271	6211	0.0	0.5	0.5
3615	PF00271	6213	0.0	0.5	0.5
3616	PF00271	14406	0.0	0.5	0.5
3617	PF00271	14411	0.0	1.0	1.0
3618	PF00271	14419	1.0	1.0	1.0
3619	PF00271	14427	0.0	0.0	0.0
3620	PF00271	6252	0.0	1.0	1.0
3621	PF00271	6256	1.0	1.0	1.0
3622	PF00271	14461	0.0	0.0	0.0
3623	PF00271	14467	0.0	0.0	0.0
3624	PF00271	6280	0.5	1.0	0.5
3625	PF00271	14478	0.0	1.0	1.0
3626	PF00271	6289	0.0	0.5	0.5
3627	PF00271	6295	0.0	0.5	0.5
3628	PF00271	14492	0.0	1.0	1.0
3629	PF00271	6308	0.0	1.0	1.0
3630	PF00271	6318	0.0	1.0	1.0
3631	PF00271	6332	0.0	1.0	1.0
3632	PF00271	14528	0.0	1.0	1.0
3633	PF00271	14530	0.0	1.0	1.0
3634	PF00271	14531	0.0	1.0	1.0
3635	PF00271	14534	0.5	0.5	0.0
3636	PF00271	14538	0.0	1.0	1.0
3637	PF00271	14539	0.0	1.0	1.0
3638	PF00271	14547	0.5	0.5	0.0
3639	PF00271	6370	1.0	1.0	1.0
3640	PF00271	14571	0.0	1.0	1.0
3641	PF00271	6383	0.5	0.5	0.5
3642	PF00271	14575	0.0	0.5	0.5
3643	PF00271	14582	0.0	1.0	1.0
3644	PF00271	14583	0.0	1.0	1.0
3645	PF00271	14588	0.0	0.0	0.0
3646	PF00271	14591	0.0	1.0	1.0
3647	PF00271	6406	0.0	1.0	1.0
3648	PF00271	14600	0.0	0.0	0.0
3649	PF00271	6410	0.0	1.0	1.0
3650	PF00271	6412	0.0	1.0	1.0
3651	PF00271	6422	1.0	1.0	0.0
3652	PF00271	14621	0.0	0.5	0.5
3653	PF00271	14625	0.0	0.0	0.0
3654	PF00271	6436	0.0	1.0	1.0
3655	PF00271	14629	0.0	0.5	0.5
3656	PF00271	6444	0.0	0.5	0.5
3657	PF00271	14637	0.0	0.5	0.5
3658	PF00271	6447	0.0	1.0	1.0
3659	PF00271	14640	0.0	1.0	1.0
3660	PF00271	6462	0.0	1.0	1.0
3661	PF00271	14657	0.0	0.5	0.5
3662	PF00271	6467	0.0	0.0	0.0
3663	PF00271	14662	0.0	1.0	1.0
3664	PF00271	14663	0.0	1.0	1.0
3665	PF00271	14664	0.0	1.0	1.0
3666	PF00271	14680	0.5	1.0	1.0
3667	PF00271	14682	0.0	1.0	1.0
3668	PF00271	14688	0.0	1.0	1.0
3669	PF00271	14690	0.5	1.0	1.0
3670	PF00271	14693	0.5	1.0	1.0
3671	PF00271	6502	1.0	1.0	0.5
3672	PF00271	6517	1.0	1.0	1.0
3673	PF00271	14717	0.0	0.0	0.0
3674	PF00271	14725	0.0	1.0	1.0
3675	PF00271	14728	0.0	0.5	0.5
3676	PF00271	6547	0.0	0.0	0.0
3677	PF00271	6549	0.0	0.5	0.5
3678	PF00271	14744	0.0	1.0	1.0
3679	PF00271	6590	0.0	0.5	0.5
3680	PF00271	6591	0.0	0.5	0.5
3681	PF00271	6596	0.0	1.0	1.0
3682	PF00271	14791	0.0	1.0	1.0
3683	PF00271	6600	1.0	0.5	1.0
3684	PF00271	14801	0.0	1.0	1.0
3685	PF00271	6610	0.0	1.0	1.0
3686	PF00271	14810	0.5	1.0	0.5
3687	PF00271	6622	0.0	1.0	1.0
3688	PF00271	14815	0.5	1.0	1.0
3689	PF00271	6625	0.5	0.5	1.0
3690	PF00271	14843	0.5	1.0	0.5
3691	PF00271	6665	0.5	1.0	1.0
3692	PF00271	6678	0.0	0.5	0.5
3693	PF00271	14871	0.0	0.5	0.5
3694	PF00271	6684	0.0	0.5	0.5
3695	PF00271	6693	0.0	1.0	1.0
3696	PF00271	6698	0.0	0.5	0.5
3697	PF00271	6702	0.0	1.0	1.0
3698	PF00271	6707	0.5	1.0	0.5
3699	PF00271	14901	0.0	0.5	0.5
3700	PF00271	14903	0.0	1.0	1.0
3701	PF00271	6712	0.5	1.0	0.5
3702	PF00271	14906	0.5	0.5	0.0
3703	PF00271	14910	0.0	0.0	0.0
3704	PF00271	14911	1.0	1.0	0.5
3705	PF00271	14912	0.0	1.0	1.0
3706	PF00271	6729	0.0	0.0	0.0
3707	PF00271	14933	0.5	1.0	1.0
3708	PF00271	14942	0.0	0.5	0.5
3709	PF00271	14964	0.0	0.5	0.5
3710	PF00271	6773	0.0	0.5	0.5
3711	PF00271	6774	0.0	0.0	0.0
3712	PF00271	14968	0.0	1.0	1.0
3713	PF00271	14976	0.0	1.0	1.0
3714	PF00271	6800	0.0	0.0	0.0
3715	PF00271	14993	0.5	0.5	0.0
3716	PF00271	15004	0.0	0.0	0.0
3717	PF00271	15008	0.0	0.5	0.5
3718	PF00271	6817	0.0	0.5	0.5
3719	PF00271	15013	0.0	1.0	1.0
3720	PF00271	6835	0.0	1.0	1.0
3721	PF00271	15030	0.0	0.0	0.0
3722	PF00271	15033	0.0	0.5	0.5
3723	PF00271	15035	0.5	0.5	0.5
3724	PF00271	15041	0.5	1.0	1.0
3725	PF00271	6856	0.5	0.5	0.0
3726	PF00271	6857	0.0	1.0	1.0
3727	PF00271	15049	0.5	1.0	0.5
3728	PF00271	6865	0.0	1.0	1.0
3729	PF00271	15059	0.0	0.5	0.5
3730	PF00271	15063	0.0	0.0	0.0
3731	PF00271	15064	0.0	0.5	0.5
3732	PF00271	15066	0.0	0.0	0.0
3733	PF00271	15068	0.0	1.0	1.0
3734	PF00271	15071	0.0	1.0	1.0
3735	PF00271	6882	0.5	1.0	0.5
3736	PF00271	15105	0.5	1.0	1.0
3737	PF00271	6914	0.5	1.0	0.5
3738	PF00271	15106	0.0	1.0	1.0
3739	PF00271	15107	0.0	0.5	0.5
3740	PF00271	6918	0.0	0.5	0.5
3741	PF00271	15132	0.0	1.0	1.0
3742	PF00271	6946	0.0	1.0	1.0
3743	PF00271	15140	0.0	0.0	0.0
3744	PF00271	6953	0.0	1.0	1.0
3745	PF00271	15151	0.0	1.0	1.0
3746	PF00271	6960	0.0	1.0	1.0
3747	PF00271	6965	0.0	1.0	1.0
3748	PF00271	6991	0.0	0.0	0.0
3749	PF00271	15186	0.5	1.0	1.0
3750	PF00271	7005	0.0	0.5	0.5
3751	PF00271	7007	1.0	0.0	1.0
3752	PF00271	15204	0.5	1.0	1.0
3753	PF00271	7022	0.0	1.0	1.0
3754	PF00271	15214	0.0	0.5	0.5
3755	PF00271	15219	0.5	1.0	1.0
3756	PF00271	7035	0.0	1.0	1.0
3757	PF00271	15228	0.0	1.0	1.0
3758	PF00271	7040	1.0	1.0	0.5
3759	PF00271	7046	0.0	0.5	0.5
3760	PF00271	15238	0.5	0.5	0.0
3761	PF00271	7049	0.0	0.5	0.5
3762	PF00271	7060	0.0	1.0	1.0
3763	PF00271	15255	0.0	0.5	0.5
3764	PF00271	15265	0.0	1.0	1.0
3765	PF00271	7078	0.0	1.0	1.0
3766	PF00271	15272	0.0	0.0	0.0
3767	PF00271	7082	0.0	0.5	0.5
3768	PF00271	7085	0.0	1.0	1.0
3769	PF00271	7088	0.0	0.5	0.5
3770	PF00271	7089	0.5	0.5	0.0
3771	PF00271	15280	0.0	0.5	0.5
3772	PF00271	7096	0.0	0.5	0.5
3773	PF00271	15300	0.0	0.0	0.0
3774	PF00271	15302	0.5	0.5	1.0
3775	PF00271	15306	0.5	0.5	1.0
3776	PF00271	15322	0.0	1.0	1.0
3777	PF00271	7132	0.0	0.5	0.5
3778	PF00271	15331	0.0	0.0	0.0
3779	PF00271	15339	0.0	1.0	1.0
3780	PF00271	15347	0.0	1.0	1.0
3781	PF00271	15355	0.0	1.0	1.0
3782	PF00271	7164	0.0	1.0	1.0
3783	PF00271	7178	0.0	1.0	1.0
3784	PF00271	15373	0.0	0.5	0.5
3785	PF00271	7189	0.5	1.0	1.0
3786	PF00271	7191	0.0	1.0	1.0
3787	PF00271	15384	0.0	1.0	1.0
3788	PF00271	7198	0.0	0.5	0.5
3789	PF00271	15397	0.0	1.0	1.0
3790	PF00271	15399	0.5	1.0	1.0
3791	PF00271	7214	0.0	1.0	1.0
3792	PF00271	15406	0.0	1.0	1.0
3793	PF00271	15413	0.0	0.5	0.5
3794	PF00271	15415	0.0	1.0	1.0
3795	PF00271	15417	0.0	0.5	0.5
3796	PF00271	7233	0.0	0.5	0.5
3797	PF00271	15427	0.0	1.0	1.0
3798	PF00271	7244	0.0	1.0	1.0
3799	PF00271	15438	0.0	1.0	1.0
3800	PF00271	15447	1.0	1.0	0.5
3801	PF00271	7257	0.0	0.5	0.5
3802	PF00271	15449	0.5	1.0	0.5
3803	PF00271	7261	0.0	0.0	0.0
3804	PF00271	7264	0.0	1.0	1.0
3805	PF00271	15456	0.0	0.5	0.5
3806	PF00271	7266	0.0	1.0	1.0
3807	PF00271	7275	0.0	1.0	1.0
3808	PF00271	15471	0.5	0.5	0.0
3809	PF00271	7281	0.0	1.0	1.0
3810	PF00271	15479	0.0	1.0	1.0
3811	PF00271	7291	0.0	1.0	1.0
3812	PF00271	7301	1.0	0.5	1.0
3813	PF00271	15493	0.0	1.0	1.0
3814	PF00271	15496	0.0	1.0	1.0
3815	PF00271	7311	0.0	1.0	1.0
3816	PF00271	7312	0.0	1.0	1.0
3817	PF00271	7314	0.0	1.0	1.0
3818	PF00271	15513	0.0	1.0	1.0
3819	PF00271	15535	0.0	1.0	1.0
3820	PF00271	7344	0.0	0.5	0.5
3821	PF00271	15536	0.5	0.0	0.5
3822	PF00271	7348	0.0	0.5	0.5
3823	PF00271	15543	0.0	1.0	1.0
3824	PF00271	7355	0.5	0.0	0.5
3825	PF00271	15549	0.0	0.5	0.5
3826	PF00271	15555	1.0	1.0	1.0
3827	PF00271	15563	0.0	0.5	0.5
3828	PF00271	15572	0.0	1.0	1.0
3829	PF00271	15574	0.0	0.5	0.5
3830	PF00271	7385	0.5	0.5	0.5
3831	PF00271	15583	0.0	1.0	1.0
3832	PF00271	15585	0.0	0.5	0.5
3833	PF00271	7400	0.5	1.0	1.0
3834	PF00271	15597	0.0	1.0	1.0
3835	PF00271	15599	0.0	0.0	0.0
3836	PF00271	7408	0.0	0.5	0.5
3837	PF00271	15601	1.0	0.5	1.0
3838	PF00271	15605	0.0	1.0	1.0
3839	PF00271	15606	0.0	1.0	1.0
3840	PF00271	15609	0.0	0.5	0.5
3841	PF00271	15612	0.0	1.0	1.0
3842	PF00271	15616	0.0	0.5	0.5
3843	PF00271	15624	0.0	0.5	0.5
3844	PF00271	15625	0.0	0.5	0.5
3845	PF00271	7434	1.0	0.0	1.0
3846	PF00271	15627	0.0	1.0	1.0
3847	PF00271	15629	0.0	1.0	1.0
3848	PF00271	15630	0.5	1.0	1.0
3849	PF00271	15636	0.0	1.0	1.0
3850	PF00271	7448	0.0	0.0	0.0
3851	PF00271	7451	0.0	0.5	0.5
3852	PF00271	15643	0.0	0.5	0.5
3853	PF00271	7454	0.0	0.5	0.5
3854	PF00271	15669	0.5	1.0	0.5
3855	PF00271	7483	1.0	1.0	0.0
3856	PF00271	7484	0.0	1.0	1.0
3857	PF00271	15675	0.0	1.0	1.0
3858	PF00271	15688	0.0	1.0	1.0
3859	PF00271	15693	0.0	1.0	1.0
3860	PF00271	7507	0.0	1.0	1.0
3861	PF00271	15699	0.5	1.0	1.0
3862	PF00271	7510	0.0	0.5	0.5
3863	PF00271	15702	0.0	0.5	0.5
3864	PF00271	15703	0.0	0.0	0.0
3865	PF00271	7514	0.0	1.0	1.0
3866	PF00271	15708	1.0	1.0	0.5
3867	PF00271	15717	0.0	0.0	0.0
3868	PF00271	7528	0.0	1.0	1.0
3869	PF00271	15731	0.0	1.0	1.0
3870	PF00271	7542	0.0	0.5	0.5
3871	PF00271	15738	0.0	1.0	1.0
3872	PF00271	15750	0.0	0.0	0.0
3873	PF00271	15760	0.0	1.0	1.0
3874	PF00271	15763	0.0	1.0	1.0
3875	PF00271	15764	0.0	0.5	0.5
3876	PF00271	15769	0.0	0.5	0.5
3877	PF00271	15774	0.0	0.5	0.5
3878	PF00271	15777	1.0	1.0	1.0
3879	PF00271	7592	0.0	1.0	1.0
3880	PF00271	7596	0.0	1.0	1.0
3881	PF00271	15788	0.0	0.5	0.5
3882	PF00271	15794	0.0	0.5	0.5
3883	PF00271	7609	0.0	1.0	1.0
3884	PF00271	15805	0.0	0.5	0.5
3885	PF00271	15808	0.0	1.0	1.0
3886	PF00271	7618	1.0	0.0	1.0
3887	PF00271	15818	0.0	1.0	1.0
3888	PF00271	15821	0.0	1.0	1.0
3889	PF00271	7630	0.0	0.0	0.0
3890	PF00271	7635	0.0	0.5	0.5
3891	PF00271	15829	1.0	1.0	1.0
3892	PF00271	7640	0.5	1.0	0.5
3893	PF00271	7642	0.0	0.0	0.0
3894	PF00271	15834	0.5	1.0	0.5
3895	PF00271	7650	0.0	1.0	1.0
3896	PF00271	15845	0.0	0.0	0.0
3897	PF00271	15856	0.0	1.0	1.0
3898	PF00271	15860	0.0	0.5	0.5
3899	PF00271	15861	0.0	1.0	1.0
3900	PF00271	15864	0.0	0.0	0.0
3901	PF00271	7684	0.0	0.0	0.0
3902	PF00271	15892	1.0	1.0	1.0
3903	PF00271	7704	0.0	0.5	0.5
3904	PF00271	15899	0.0	1.0	1.0
3905	PF00271	15901	0.0	1.0	1.0
3906	PF00271	7710	0.0	0.0	0.0
3907	PF00271	7713	0.0	1.0	1.0
3908	PF00271	15905	0.0	1.0	1.0
3909	PF00271	7720	0.5	0.5	0.5
3910	PF00271	15914	0.0	0.5	0.5
3911	PF00271	15916	1.0	0.0	1.0
3912	PF00271	15919	0.0	0.5	0.5
3913	PF00271	7729	0.0	1.0	1.0
3914	PF00271	7734	0.5	1.0	0.5
3915	PF00271	15926	0.0	0.5	0.5
3916	PF00271	7750	0.0	0.0	0.0
3917	PF00271	7751	0.0	1.0	1.0
3918	PF00271	15942	0.0	0.5	0.5
3919	PF00271	7766	0.5	0.0	0.5
3920	PF00271	15961	0.0	0.0	0.0
3921	PF00271	7772	0.0	1.0	1.0
3922	PF00271	15964	0.0	0.0	0.0
3923	PF00271	7774	0.0	0.0	0.0
3924	PF00271	15965	0.5	1.0	1.0
3925	PF00271	7783	0.0	0.5	0.5
3926	PF00271	7785	0.0	0.5	0.5
3927	PF00271	15995	0.0	1.0	1.0
3928	PF00271	7809	0.0	0.5	0.5
3929	PF00271	16005	0.0	1.0	1.0
3930	PF00271	16007	0.0	1.0	1.0
3931	PF00271	7819	1.0	1.0	0.5
3932	PF00271	16014	0.0	0.5	0.5
3933	PF00271	16015	0.0	1.0	1.0
3934	PF00271	16017	0.0	1.0	1.0
3935	PF00271	16018	0.0	1.0	1.0
3936	PF00271	16023	0.5	1.0	1.0
3937	PF00271	7856	0.5	0.0	0.5
3938	PF00271	16048	0.0	1.0	1.0
3939	PF00271	16059	0.0	0.0	0.0
3940	PF00271	16071	0.0	1.0	1.0
3941	PF00271	16074	0.0	0.5	0.5
3942	PF00271	16075	0.0	0.5	0.5
3943	PF00271	7885	0.0	1.0	1.0
3944	PF00271	16083	1.0	0.0	1.0
3945	PF00271	16094	0.0	1.0	1.0
3946	PF00271	16098	0.0	1.0	1.0
3947	PF00271	16128	0.0	1.0	1.0
3948	PF00271	16130	0.0	1.0	1.0
3949	PF00271	16152	0.0	1.0	1.0
3950	PF00271	16162	0.0	1.0	1.0
3951	PF00271	16164	0.0	1.0	1.0
3952	PF00271	7976	0.0	1.0	1.0
3953	PF00271	7978	0.5	1.0	1.0
3954	PF00271	7984	0.0	0.0	0.0
3955	PF00271	16185	1.0	1.0	0.0
3956	PF00271	16190	0.0	0.0	0.0
3957	PF00271	16193	0.0	0.0	0.0
3958	PF00271	8003	1.0	1.0	0.0
3959	PF00271	16200	0.5	0.5	0.0
3960	PF00271	16204	0.0	1.0	1.0
3961	PF00271	16213	0.0	1.0	1.0
3962	PF00271	16216	0.0	1.0	1.0
3963	PF00271	16217	1.0	1.0	0.0
3964	PF00271	16218	0.0	1.0	1.0
3965	PF00271	8027	0.0	1.0	1.0
3966	PF00271	16220	0.5	1.0	1.0
3967	PF00271	8042	0.0	1.0	1.0
3968	PF00271	8051	0.5	0.5	0.0
3969	PF00271	8057	0.5	1.0	1.0
3970	PF00271	8059	0.0	0.5	0.5
3971	PF00271	16252	0.0	0.0	0.0
3972	PF00271	8063	0.0	1.0	1.0
3973	PF00271	8065	0.5	1.0	1.0
3974	PF00271	8067	0.0	1.0	1.0
3975	PF00271	8070	0.0	0.5	0.5
3976	PF00271	8071	0.0	0.5	0.5
3977	PF00271	16264	0.0	0.0	0.0
3978	PF00271	16266	0.0	1.0	1.0
3979	PF00271	8075	0.5	1.0	1.0
3980	PF00271	16268	0.0	1.0	1.0
3981	PF00271	16286	0.5	1.0	1.0
3982	PF00271	8101	1.0	1.0	0.0
3983	PF00271	8109	0.5	1.0	1.0
3984	PF00271	16315	0.0	0.0	0.0
3985	PF00271	8127	0.0	1.0	1.0
3986	PF00271	16320	0.0	0.0	0.0
3987	PF00271	16322	0.0	1.0	1.0
3988	PF00271	8132	0.0	1.0	1.0
3989	PF00271	16328	0.0	1.0	1.0
3990	PF00271	16336	0.0	0.5	0.5
3991	PF00271	16351	0.0	1.0	1.0
3992	PF00271	8168	0.5	1.0	0.5
3993	PF00271	16364	0.0	1.0	1.0
3994	PF00271	16370	0.0	0.5	0.5
3995	PF00271	16374	0.0	1.0	1.0
3996	PF00271	8184	0.0	0.5	0.5
3997	PF00271	16384	0.5	0.5	0.5
