family	init-inferred-rf	init-true-rf	inferred-true-rf
PF01640	0.9076923076923077	0.6	0.9076923076923077
PF11303	0.9662921348314607	0.4157303370786517	0.9662921348314607
PF09382	0.9325842696629213	0.5617977528089888	0.9662921348314607
PF05488	0.9428571428571428	0.4857142857142857	0.9428571428571428
PF22658	0.9523809523809523	0.6825396825396826	0.9365079365079365
PF12390	0.9645390070921985	0.7588652482269503	0.950354609929078
PF00428	0.9016393442622951	0.45901639344262296	0.8852459016393442
PF19087	0.9642857142857143	0.5446428571428571	0.9732142857142857
PF17172	0.9299363057324841	0.4585987261146497	0.9299363057324841
PF16935	0.9555555555555556	0.6666666666666666	0.9333333333333333
PF18575	0.9325842696629213	0.7415730337078652	0.9213483146067416
PF09747	0.9629629629629629	0.3333333333333333	0.9259259259259259
PF10055	0.9387755102040817	0.7551020408163265	0.9183673469387755
PF13613	0.8823529411764706	0.6078431372549019	0.8823529411764706
PF24497	0.9491525423728814	0.847457627118644	0.940677966101695
PF14014	0.9433962264150944	0.5094339622641509	0.9559748427672956
PF20712	0.9130434782608695	0.5869565217391305	0.8695652173913043
PF18393	0.9552238805970149	0.3582089552238806	0.9552238805970149
PF13516	0.9354838709677419	0.7580645161290323	0.967741935483871
PF08244	0.9203539823008849	0.40707964601769914	0.9292035398230089
PF11563	0.9508196721311475	0.6065573770491803	0.9016393442622951
PF10309	0.927536231884058	0.5362318840579711	0.927536231884058
PF13301	0.8878504672897196	0.616822429906542	0.8691588785046729
PF23703	0.9102564102564102	0.47435897435897434	0.8846153846153846
PF12969	0.95	0.5125	0.9375
PF00722	0.9863013698630136	0.2602739726027397	0.9726027397260274
PF10002	0.8823529411764706	0.3333333333333333	0.8627450980392157
PF23420	0.93	0.52	0.92
PF10332	0.9397590361445783	0.3614457831325301	0.9156626506024096
PF01227	0.9016393442622951	0.47540983606557374	0.8688524590163934
PF12239	0.9565217391304348	0.33043478260869563	0.9478260869565217
PF01099	0.9701492537313433	0.417910447761194	0.9552238805970149
PF24082	0.945054945054945	0.4725274725274725	0.9340659340659341
PF18579	0.9074074074074074	0.5925925925925926	0.8888888888888888
PF25424	0.95	0.49	0.91
PF24972	1.0	0.4264705882352941	0.9852941176470589
PF17131	0.9272727272727272	0.3393939393939394	0.9272727272727272
PF03939	0.9519230769230769	0.6923076923076923	0.9423076923076923
PF19136	0.9508196721311475	0.28415300546448086	0.9508196721311475
PF05118	0.945054945054945	0.42857142857142855	0.9340659340659341
PF18936	0.9647058823529412	0.5294117647058824	0.9647058823529412
PF25284	0.9117647058823529	0.5588235294117647	0.9264705882352942
PF10531	0.9622641509433962	0.8301886792452831	0.9433962264150944
PF21777	0.9605263157894737	0.7763157894736842	0.9605263157894737
PF24947	0.9803921568627451	0.8823529411764706	0.9411764705882353
PF15612	0.967391304347826	0.6195652173913043	0.9130434782608695
PF05348	0.95	0.3	0.9333333333333333
PF03646	0.9456521739130435	0.6413043478260869	0.9565217391304348
PF01414	0.9375	0.4583333333333333	0.875
PF21164	0.9833333333333333	0.95	0.95
PF09384	0.9548872180451128	0.45864661654135336	0.924812030075188
PF19461	0.9496402877697842	0.30935251798561153	0.9568345323741008
PF14159	0.945054945054945	0.5494505494505495	0.9010989010989011
PF00320	0.9629629629629629	0.6666666666666666	0.9629629629629629
PF14898	0.9795918367346939	0.5510204081632653	0.9795918367346939
PF23425	0.8545454545454545	0.6	0.8727272727272727
PF25523	0.9433962264150944	0.4528301886792453	0.9433962264150944
PF18885	0.9631578947368421	0.6473684210526316	0.9578947368421052
PF04483	0.94	0.54	0.96
PF23248	0.9417989417989417	0.5343915343915344	0.9206349206349206
PF23468	0.9272727272727272	0.5272727272727272	0.9272727272727272
PF22043	0.9024390243902439	0.2804878048780488	0.8780487804878049
PF06119	0.9508196721311475	0.32786885245901637	0.9344262295081968
PF11338	0.9117647058823529	0.5294117647058824	0.8970588235294118
PF23549	0.9743589743589743	0.717948717948718	0.9487179487179487
PF13657	0.9365079365079365	0.6190476190476191	0.8888888888888888
PF23665	0.927710843373494	0.5180722891566265	0.9156626506024096
PF08154	0.9479768786127167	0.48554913294797686	0.9248554913294798
PF24935	0.875	0.48214285714285715	0.8571428571428571
PF02342	0.9510869565217391	0.5163043478260869	0.9619565217391305
PF22527	0.90625	0.53125	0.890625
PF13590	0.937888198757764	0.515527950310559	0.9254658385093167
PF05380	0.9487179487179487	0.32051282051282054	0.9230769230769231
PF19928	0.8831168831168831	0.6363636363636364	0.8961038961038961
PF23086	0.946236559139785	0.4838709677419355	0.9354838709677419
PF20155	0.9380530973451328	0.21238938053097345	0.9292035398230089
PF16350	0.9689922480620154	0.5813953488372093	0.9457364341085271
PF05154	0.9351851851851852	0.6203703703703703	0.9259259259259259
PF13627	0.9622641509433962	0.8113207547169812	0.9622641509433962
PF00107	0.9634146341463414	0.7073170731707317	0.9634146341463414
PF13192	0.9298245614035088	0.543859649122807	0.9473684210526315
PF10990	0.9558823529411765	0.6323529411764706	0.9411764705882353
PF10404	0.968	0.536	0.952
PF00153	0.9240506329113924	0.5822784810126582	0.9177215189873418
PF06743	0.95	0.52	0.94
PF13904	0.8656716417910447	0.40298507462686567	0.8656716417910447
PF03203	0.9	0.55	0.8833333333333333
PF05603	0.921875	0.5	0.953125
PF10203	0.9354838709677419	0.46774193548387094	0.9032258064516129
PF22278	0.9401197604790419	0.562874251497006	0.9281437125748503
PF23299	0.9873417721518988	0.4430379746835443	0.9746835443037974
PF13645	0.9122807017543859	0.43859649122807015	0.8771929824561403
PF16558	0.9473684210526315	0.49122807017543857	0.9649122807017544
PF22286	0.9056603773584906	0.5094339622641509	0.9056603773584906
PF19891	0.9715909090909091	0.5397727272727273	0.9602272727272727
PF18374	0.9473684210526315	0.5964912280701754	0.9649122807017544
PF09907	0.9351851851851852	0.5092592592592593	0.9351851851851852
PF01471	0.9513513513513514	0.745945945945946	0.9513513513513514
PF24466	0.9484536082474226	0.6907216494845361	0.9381443298969072
PF20452	0.9215686274509803	0.4117647058823529	0.9215686274509803
PF11667	0.9117647058823529	0.45588235294117646	0.9117647058823529
PF02359	0.9560439560439561	0.4945054945054945	0.9120879120879121
PF14389	0.9818181818181818	0.5454545454545454	0.9636363636363636
PF00650	0.9659090909090909	0.45454545454545453	0.9204545454545454
PF08287	0.9090909090909091	0.36363636363636365	0.9090909090909091
PF20232	0.86	0.48	0.84
PF20922	0.8939393939393939	0.4090909090909091	0.8939393939393939
PF18816	0.9634146341463414	0.6829268292682927	0.9512195121951219
PF07627	0.9702970297029703	0.5445544554455446	0.9603960396039604
PF07559	0.9433962264150944	0.5283018867924528	0.9339622641509434
PF13967	0.9032258064516129	0.3467741935483871	0.8709677419354839
PF21789	0.9682539682539683	0.7777777777777778	0.8888888888888888
PF09949	0.9289940828402367	0.514792899408284	0.9112426035502958
PF10357	0.97	0.37	0.96
PF12357	0.925	0.5875	0.9125
PF14903	0.9813664596273292	0.9565217391304348	0.9937888198757764
PF18914	0.9473684210526315	0.8486842105263158	0.9736842105263158
PF25358	0.98989898989899	0.3939393939393939	0.9696969696969697
PF14117	0.9622641509433962	0.4528301886792453	0.9433962264150944
PF25581	0.9685534591194969	0.5157232704402516	0.9748427672955975
PF20068	0.9375	0.4791666666666667	0.9375
PF01272	0.9868421052631579	0.631578947368421	0.9736842105263158
PF10543	0.9578947368421052	0.4105263157894737	0.968421052631579
PF19054	0.9672131147540983	0.9016393442622951	0.9672131147540983
PF25595	0.9130434782608695	0.41304347826086957	0.9239130434782609
PF19364	0.9523809523809523	0.2698412698412698	0.9365079365079365
PF22391	0.9365079365079365	0.19047619047619047	0.9365079365079365
PF00024	0.9404761904761905	0.6904761904761905	0.9523809523809523
PF21645	0.8811881188118812	0.5148514851485149	0.8910891089108911
PF11844	0.9583333333333334	0.625	0.9375
PF14803	0.9193548387096774	0.7580645161290323	0.9032258064516129
PF07732	0.8947368421052632	0.47368421052631576	0.9078947368421053
PF07870	0.8970588235294118	0.5147058823529411	0.9117647058823529
PF17123	0.9532710280373832	0.7850467289719626	0.9439252336448598
PF12437	0.9558823529411765	0.4485294117647059	0.9485294117647058
PF20080	0.9769230769230769	0.7692307692307693	0.9692307692307692
PF00345	0.8888888888888888	0.49206349206349204	0.873015873015873
PF09548	0.958904109589041	0.6232876712328768	0.952054794520548
PF00440	0.9154929577464789	0.676056338028169	0.9154929577464789
PF21998	0.9240506329113924	0.5131578947368421	0.881578947368421
PF02560	0.8627450980392157	0.5294117647058824	0.9411764705882353
PF18400	0.9318181818181818	0.5454545454545454	0.9318181818181818
PF21848	0.9894736842105263	0.6526315789473685	0.9789473684210527
PF20024	0.92	0.56	0.9
PF22273	0.8870967741935484	0.5084745762711864	0.8983050847457628
PF24565	0.9714285714285714	0.6285714285714286	0.9857142857142858
PF08079	0.952755905511811	0.5118110236220472	0.9606299212598425
PF07508	0.9841269841269841	0.9206349206349206	0.9841269841269841
PF05267	0.9491525423728814	0.423728813559322	0.9152542372881356
PF23052	0.9607843137254902	0.6078431372549019	0.9215686274509803
PF00725	0.9193548387096774	0.4032258064516129	0.9516129032258065
PF18556	0.9245283018867925	0.49056603773584906	0.8301886792452831
PF09972	0.925	0.5125	0.95
PF10406	0.9423076923076923	0.6442307692307693	0.9230769230769231
PF11138	0.9596774193548387	0.4274193548387097	0.967741935483871
PF12953	0.9344262295081968	0.45901639344262296	0.9508196721311475
PF03144	0.9560439560439561	0.554945054945055	0.945054945054945
PF08032	0.9523809523809523	0.6428571428571429	0.9761904761904762
PF24620	0.945054945054945	0.6263736263736264	0.945054945054945
PF25052	0.9411764705882353	0.4117647058823529	0.9411764705882353
PF15609	0.9583333333333334	0.3333333333333333	0.9791666666666666
PF18145	0.972972972972973	0.5135135135135135	0.972972972972973
PF02050	0.9310344827586207	0.5517241379310345	0.9310344827586207
PF12505	0.9814814814814815	0.4444444444444444	0.9629629629629629
PF23415	0.9016393442622951	0.29508196721311475	0.9180327868852459
PF13926	0.9402985074626866	0.44776119402985076	0.9552238805970149
PF14864	0.925	0.5625	0.925
PF05284	0.9402985074626866	0.417910447761194	0.9402985074626866
PF14127	0.8518518518518519	0.25925925925925924	0.8888888888888888
PF19801	0.96875	0.625	0.9375
PF00642	0.9701492537313433	0.7611940298507462	0.9701492537313433
PF21825	0.9586206896551724	0.7241379310344828	0.9655172413793104
PF13155	0.9459459459459459	0.5405405405405406	0.9459459459459459
PF08170	0.9844961240310077	0.5813953488372093	0.9689922480620154
PF08159	0.967948717948718	0.7371794871794872	0.9743589743589743
PF10162	0.944954128440367	0.45871559633027525	0.9541284403669725
PF18859	0.9560439560439561	0.3956043956043956	0.9340659340659341
PF03997	0.956989247311828	0.4838709677419355	0.967741935483871
PF08557	0.9	0.55	0.9333333333333333
PF00628	0.9117647058823529	0.7058823529411765	0.9117647058823529
PF07526	0.8829787234042553	0.30851063829787234	0.8936170212765957
PF11901	0.9196428571428571	0.42857142857142855	0.9107142857142857
PF23107	0.9444444444444444	0.6296296296296297	0.9444444444444444
PF12837	0.9433962264150944	0.7830188679245284	0.9528301886792453
PF01903	0.896551724137931	0.5344827586206896	0.8793103448275862
PF12554	0.98	0.68	0.96
PF11250	0.8888888888888888	0.49206349206349204	0.873015873015873
PF17391	0.9272727272727272	0.45454545454545453	0.9272727272727272
PF18055	0.9454545454545454	0.5363636363636364	0.9363636363636364
PF08614	0.8723404255319149	0.2553191489361702	0.8829787234042553
PF20590	0.9278350515463918	0.5360824742268041	0.8969072164948454
PF06844	0.9821428571428571	0.6964285714285714	0.9464285714285714
PF13892	0.9811320754716981	0.4528301886792453	0.9811320754716981
PF23349	0.9137931034482759	0.4482758620689655	0.9310344827586207
PF12473	1.0	0.48314606741573035	0.9887640449438202
PF08640	0.9540229885057471	0.5172413793103449	0.9425287356321839
PF16244	0.9591836734693877	0.5102040816326531	0.9591836734693877
PF08242	0.968421052631579	0.9368421052631579	0.9789473684210527
PF05239	0.9553571428571429	0.6160714285714286	0.9375
PF21939	0.9102564102564102	0.38461538461538464	0.8717948717948718
PF16797	0.9682539682539683	0.47619047619047616	0.9841269841269841
PF24748	0.9038461538461539	0.5384615384615384	0.9038461538461539
PF24641	0.9702970297029703	0.6831683168316832	0.9405940594059405
PF24344	0.9571428571428572	0.4	0.9642857142857143
PF15365	0.9775280898876404	0.7752808988764045	0.9438202247191011
PF17972	0.9158878504672897	0.4205607476635514	0.9158878504672897
PF20016	0.9122807017543859	0.49122807017543857	0.8947368421052632
PF19018	0.8955223880597015	0.5074626865671642	0.9253731343283582
PF02130	0.949438202247191	0.5056179775280899	0.9438202247191011
PF17919	0.9787234042553191	0.8297872340425532	0.9645390070921985
PF13094	0.9305555555555556	0.5277777777777778	0.9166666666666666
PF05433	0.9696969696969697	0.8333333333333334	0.9393939393939394
PF01982	0.9444444444444444	0.3888888888888889	0.9305555555555556
PF12838	0.9403973509933775	0.6291390728476821	0.9271523178807947
PF22262	0.8866666666666667	0.46	0.8933333333333333
PF20657	0.9056603773584906	0.4716981132075472	0.9433962264150944
PF23188	0.8987341772151899	0.5316455696202531	0.9240506329113924
PF21634	0.918918918918919	0.6036036036036037	0.9099099099099099
PF19117	0.9672131147540983	0.5573770491803278	0.9508196721311475
PF25585	0.9637681159420289	0.717391304347826	0.9710144927536232
PF08705	0.9765625	0.8125	0.9609375
PF04939	0.8796992481203008	0.45864661654135336	0.8872180451127819
PF23257	0.9717514124293786	0.632768361581921	0.9548022598870056
PF25446	0.9272727272727272	0.5636363636363636	0.9090909090909091
PF08672	0.9210526315789473	0.5657894736842105	0.8947368421052632
PF02556	0.9328358208955224	0.3208955223880597	0.9328358208955224
PF13527	0.9166666666666666	0.5416666666666666	0.875
PF05546	0.9183673469387755	0.5306122448979592	0.9387755102040817
PF09429	0.9459459459459459	0.5	0.9594594594594594
PF23359	0.8907563025210085	0.6050420168067226	0.907563025210084
PF09249	0.918918918918919	0.6081081081081081	0.9054054054054054
PF08858	0.9375	0.7291666666666666	0.875
PF19694	0.967741935483871	0.5241935483870968	0.967741935483871
PF11165	0.9333333333333333	0.6266666666666667	0.9333333333333333
PF14196	0.94	0.54	0.9
PF07911	0.9180327868852459	0.32786885245901637	0.9016393442622951
PF13622	0.9479166666666666	0.5	0.9375
PF24726	0.9402985074626866	0.44776119402985076	0.9701492537313433
PF22481	0.9457364341085271	0.7131782945736435	0.9689922480620154
PF05180	0.9354838709677419	0.46236559139784944	0.8924731182795699
PF21079	0.9733333333333334	0.56	0.9733333333333334
PF04535	0.8780487804878049	0.3902439024390244	0.8780487804878049
PF16906	0.9560439560439561	0.5164835164835165	0.9560439560439561
PF11160	0.9371069182389937	0.5723270440251572	0.9371069182389937
PF02751	0.9186046511627907	0.6046511627906976	0.9418604651162791
PF17785	0.9692307692307692	0.7153846153846154	0.9615384615384616
PF13339	0.9814814814814815	0.5617283950617284	0.9753086419753086
PF12735	0.9605263157894737	0.4342105263157895	0.9736842105263158
PF13919	0.9056603773584906	0.37735849056603776	0.9056603773584906
PF03876	0.9285714285714286	0.5982142857142857	0.9732142857142857
PF08821	0.9333333333333333	0.4266666666666667	0.9333333333333333
PF21029	0.9036144578313253	0.43373493975903615	0.9036144578313253
PF25602	0.9433962264150944	0.7169811320754716	0.9245283018867925
PF20612	0.8947368421052632	0.5614035087719298	0.9473684210526315
PF24824	0.918918918918919	0.4954954954954955	0.918918918918919
PF03562	0.9416058394160584	0.4233576642335766	0.948905109489051
PF02681	0.9235668789808917	0.43312101910828027	0.9171974522292994
PF04170	0.9594594594594594	0.7162162162162162	0.9459459459459459
PF06155	0.9541984732824428	0.5419847328244275	0.9465648854961832
PF15915	0.9240506329113924	0.6075949367088608	0.9113924050632911
PF14412	0.9019607843137255	0.5882352941176471	0.8823529411764706
PF19979	0.9484536082474226	0.5773195876288659	0.9587628865979382
PF02199	0.9594594594594594	0.7567567567567568	0.9324324324324325
PF21904	0.8888888888888888	0.5873015873015873	0.9047619047619048
PF24419	0.9076923076923077	0.36923076923076925	0.9076923076923077
PF03834	0.9306930693069307	0.37623762376237624	0.9306930693069307
PF18950	0.9344262295081968	0.4098360655737705	0.9508196721311475
PF22758	0.9402173913043478	0.4782608695652174	0.9293478260869565
PF08142	0.9735099337748344	0.5165562913907285	0.9403973509933775
PF06041	0.9263803680981595	0.49079754601226994	0.9202453987730062
PF05255	0.9841269841269841	0.49206349206349204	0.9841269841269841
PF20218	0.9824561403508771	0.7192982456140351	0.9824561403508771
PF04520	0.8860759493670886	0.45569620253164556	0.8860759493670886
PF24668	0.9583333333333334	0.4583333333333333	0.9583333333333334
PF07821	0.9464285714285714	0.5	0.9642857142857143
PF11380	0.9431818181818182	0.45454545454545453	0.9431818181818182
PF20577	0.9418604651162791	0.7441860465116279	0.9418604651162791
PF14129	0.9493670886075949	0.620253164556962	0.9620253164556962
PF02188	0.9833333333333333	0.7666666666666667	0.9833333333333333
PF18202	0.9795918367346939	0.7142857142857143	0.9591836734693877
PF22986	0.9607843137254902	0.6666666666666666	0.9803921568627451
PF05002	0.957983193277311	0.453781512605042	0.957983193277311
PF01381	0.9595375722543352	0.7514450867052023	0.9653179190751445
PF12727	0.9504950495049505	0.38613861386138615	0.9603960396039604
PF07553	0.9354838709677419	0.7096774193548387	0.8709677419354839
PF21273	0.9176470588235294	0.47058823529411764	0.9058823529411765
PF07064	0.8793103448275862	0.43103448275862066	0.8448275862068966
PF25335	0.9366197183098591	0.4084507042253521	0.9366197183098591
PF10421	0.9135802469135802	0.2962962962962963	0.9012345679012346
PF07869	0.9743589743589743	0.6282051282051282	0.9743589743589743
PF22909	0.9047619047619048	0.3492063492063492	0.9047619047619048
PF06766	0.9367088607594937	0.4430379746835443	0.8987341772151899
PF24234	0.9591836734693877	0.7346938775510204	0.8979591836734694
PF23041	0.9850746268656716	0.6716417910447762	0.9626865671641791
PF10714	0.9292035398230089	0.49557522123893805	0.9203539823008849
PF11998	0.9642857142857143	0.6607142857142857	0.9642857142857143
PF19447	0.9142857142857143	0.6095238095238096	0.9238095238095239
PF01198	0.961038961038961	0.7922077922077922	0.935064935064935
PF24656	0.9411764705882353	0.5514705882352942	0.9485294117647058
PF13721	0.9494949494949495	0.3939393939393939	0.9393939393939394
PF25109	0.9823008849557522	0.46017699115044247	0.9646017699115044
PF23580	0.9734513274336283	0.7433628318584071	0.9646017699115044
PF03129	0.9894736842105263	0.5894736842105263	0.9894736842105263
PF23643	0.9245283018867925	0.6037735849056604	0.9245283018867925
PF02828	0.921875	0.546875	0.921875
PF20887	0.9827586206896551	0.5517241379310345	0.9655172413793104
PF08590	0.9655172413793104	0.5804597701149425	0.9712643678160919
PF22688	0.9393939393939394	0.5858585858585859	0.9292929292929293
PF08263	0.9494949494949495	0.6767676767676768	0.9494949494949495
PF24975	0.9655172413793104	0.4482758620689655	0.9137931034482759
PF08020	0.8888888888888888	0.3148148148148148	0.9074074074074074
PF21833	0.9041095890410958	0.684931506849315	0.8767123287671232
PF04213	0.9508196721311475	0.4262295081967213	0.9508196721311475
PF20076	0.9532710280373832	0.5514018691588785	0.9532710280373832
PF00805	0.9781021897810219	0.8613138686131386	0.9343065693430657
PF08746	0.9175257731958762	0.6288659793814433	0.9278350515463918
PF21743	0.9846153846153847	0.8769230769230769	0.9384615384615385
PF24443	0.9625	0.6	0.9625
PF08570	0.9487179487179487	0.5256410256410257	0.9487179487179487
PF25273	0.8979591836734694	0.24489795918367346	0.8979591836734694
PF25288	0.9259259259259259	0.7407407407407407	0.9259259259259259
PF22994	0.9322033898305084	0.3305084745762712	0.9322033898305084
PF10159	0.9672131147540983	0.4918032786885246	1.0
PF15714	0.9493670886075949	0.8037974683544303	0.9556962025316456
PF20066	0.9761904761904762	0.42857142857142855	0.9761904761904762
PF23778	0.9489795918367347	0.46938775510204084	0.9387755102040817
PF08702	0.9152542372881356	0.5254237288135594	0.8983050847457628
PF06877	0.9076923076923077	0.6	0.8461538461538461
PF20589	0.9571428571428572	0.4857142857142857	0.9714285714285714
PF17215	0.9473684210526315	0.5789473684210527	0.8947368421052632
PF17836	0.975609756097561	0.7317073170731707	0.9634146341463414
PF19790	0.9253731343283582	0.7910447761194029	0.9402985074626866
PF13953	0.9558823529411765	0.6764705882352942	0.9558823529411765
PF09262	0.956989247311828	0.4731182795698925	0.956989247311828
PF18912	0.9403973509933775	0.7483443708609272	0.9403973509933775
PF25089	0.9230769230769231	0.5	0.9358974358974359
PF23141	0.9714285714285714	0.5	0.9714285714285714
PF13581	0.9038461538461539	0.6730769230769231	0.9038461538461539
PF11875	0.9285714285714286	0.5119047619047619	0.9166666666666666
PF23626	0.9428571428571428	0.49523809523809526	0.9523809523809523
PF13579	0.9456521739130435	0.75	0.9347826086956522
PF13145	0.978021978021978	0.8241758241758241	0.978021978021978
PF01740	0.9692307692307692	0.6153846153846154	0.9538461538461539
PF00530	0.9682539682539683	0.746031746031746	0.9523809523809523
PF01684	0.9622641509433962	0.6037735849056604	0.9245283018867925
PF20182	0.9206349206349206	0.7301587301587301	0.8571428571428571
PF12000	0.9032258064516129	0.4032258064516129	0.9193548387096774
PF03587	0.8918918918918919	0.35135135135135137	0.8828828828828829
PF08714	0.9122807017543859	0.40350877192982454	0.9298245614035088
PF01974	0.9137931034482759	0.5344827586206896	0.8793103448275862
PF12368	0.9516129032258065	0.5967741935483871	0.9435483870967742
PF03550	0.9292929292929293	0.45454545454545453	0.9191919191919192
PF07929	0.9259259259259259	0.6419753086419753	0.9382716049382716
PF22665	0.9512195121951219	0.3902439024390244	0.9512195121951219
PF00101	0.9420289855072463	0.3188405797101449	0.927536231884058
PF04324	0.9294117647058824	0.5705882352941176	0.9470588235294117
PF04572	0.9680851063829787	0.30851063829787234	0.9574468085106383
PF07654	0.921875	0.40625	0.90625
PF03717	0.9122807017543859	0.543859649122807	0.8947368421052632
PF14749	0.963302752293578	0.44954128440366975	0.944954128440367
PF08493	0.9015151515151515	0.5757575757575758	0.8939393939393939
PF02924	0.9538461538461539	0.4307692307692308	0.9384615384615385
PF18693	0.9746835443037974	0.7848101265822784	0.9620253164556962
PF09736	0.9833333333333333	0.4583333333333333	0.9833333333333333
PF20621	0.9466666666666667	0.48	0.9333333333333333
PF10106	0.8833333333333333	0.4	0.8666666666666667
PF23058	0.9397590361445783	0.6626506024096386	0.9397590361445783
PF20027	0.9342105263157895	0.7236842105263158	0.9342105263157895
PF11940	0.9583333333333334	0.5416666666666666	0.9583333333333334
PF02037	0.9305555555555556	0.7361111111111112	0.9444444444444444
PF15249	0.9807692307692307	0.5192307692307693	0.9807692307692307
PF01023	0.9795918367346939	0.5782312925170068	0.9523809523809523
PF10432	0.8461538461538461	0.49230769230769234	0.8615384615384616
PF07557	0.9508196721311475	0.7213114754098361	0.9180327868852459
PF21602	0.9433962264150944	0.5471698113207547	0.9245283018867925
PF23382	0.9038461538461539	0.3076923076923077	0.9038461538461539
PF24281	0.8860759493670886	0.4050632911392405	0.9113924050632911
PF02369	0.9306930693069307	0.5742574257425742	0.9405940594059405
PF23728	0.9125	0.4125	0.9
PF12848	0.9596774193548387	0.5564516129032258	0.9435483870967742
PF02731	0.9473684210526315	0.6140350877192983	0.9298245614035088
PF23608	0.926829268292683	0.524390243902439	0.8902439024390244
PF08153	0.9222222222222223	0.43333333333333335	0.9444444444444444
PF04064	0.9035087719298246	0.5263157894736842	0.9035087719298246
PF06715	0.9873417721518988	0.8607594936708861	0.9620253164556962
PF16738	0.9473684210526315	0.5614035087719298	0.9122807017543859
PF24918	0.9470198675496688	0.4900662251655629	0.9271523178807947
PF00234	0.9722222222222222	0.5722222222222222	0.9611111111111111
PF14361	0.9560439560439561	0.6043956043956044	0.9340659340659341
PF24238	0.9642857142857143	0.4642857142857143	0.9523809523809523
PF06794	0.9803921568627451	0.47058823529411764	0.9215686274509803
PF24425	0.9420289855072463	0.43478260869565216	0.9420289855072463
PF23953	0.9185185185185185	0.4740740740740741	0.9185185185185185
PF03725	0.9333333333333333	0.68	0.88
PF05594	0.9594594594594594	0.6756756756756757	0.9527027027027027
PF24583	0.9080459770114943	0.5977011494252874	0.896551724137931
PF09186	0.9574468085106383	0.648936170212766	0.925531914893617
PF00092	0.9274193548387096	0.5161290322580645	0.9112903225806451
PF07730	0.9483870967741935	0.6193548387096774	0.9483870967741935
PF01984	0.96045197740113	0.4180790960451977	0.9491525423728814
PF14814	0.8985507246376812	0.5072463768115942	0.8695652173913043
PF18413	0.9571428571428572	0.5428571428571428	0.9285714285714286
PF14217	0.9206349206349206	0.5873015873015873	0.8888888888888888
PF02613	0.9871794871794872	0.46153846153846156	0.9743589743589743
PF14737	0.9264705882352942	0.40441176470588236	0.9191176470588235
PF18902	0.9782608695652174	0.6956521739130435	0.9565217391304348
PF04089	0.9519230769230769	0.5	0.9519230769230769
PF04380	0.9795918367346939	0.5204081632653061	0.9693877551020408
PF20163	0.9516129032258065	0.5564516129032258	0.9516129032258065
PF11734	0.9583333333333334	0.6041666666666666	0.9583333333333334
PF10241	0.953125	0.375	0.90625
PF20710	0.9130434782608695	0.43478260869565216	0.9130434782608695
PF13004	0.9621621621621622	0.7405405405405405	0.972972972972973
PF05182	0.8860759493670886	0.7088607594936709	0.8987341772151899
PF07749	0.9398496240601504	0.47368421052631576	0.9398496240601504
PF05608	0.9396551724137931	0.35344827586206895	0.9482758620689655
PF18780	0.9795918367346939	0.8010204081632653	0.9642857142857143
PF18945	0.9629629629629629	0.3950617283950617	0.9506172839506173
PF20531	0.9487179487179487	0.6153846153846154	0.9487179487179487
PF19780	0.958904109589041	0.547945205479452	0.9178082191780822
PF00594	0.9615384615384616	0.7435897435897436	0.9743589743589743
PF01841	0.9322033898305084	0.7627118644067796	0.9322033898305084
PF02190	0.9104477611940298	0.6567164179104478	0.8805970149253731
PF05651	0.8902439024390244	0.5365853658536586	0.8658536585365854
PF13432	0.9454545454545454	0.8909090909090909	1.0
PF03837	0.9285714285714286	0.38571428571428573	0.9428571428571428
PF06030	0.9473684210526315	0.5789473684210527	0.9649122807017544
PF21646	0.9508196721311475	0.5737704918032787	0.9672131147540983
PF12474	0.9583333333333334	0.5208333333333334	0.9375
PF11816	0.9538461538461539	0.3230769230769231	0.9538461538461539
PF00444	0.9622641509433962	0.6540880503144654	0.9622641509433962
PF12401	0.8571428571428571	0.44047619047619047	0.8809523809523809
PF01842	0.9596774193548387	0.6935483870967742	0.9516129032258065
PF19803	0.9534883720930233	0.5193798449612403	0.9457364341085271
PF00502	0.9464285714285714	0.39285714285714285	0.9464285714285714
PF21075	0.961038961038961	0.4675324675324675	0.961038961038961
PF01862	0.9605263157894737	0.42105263157894735	0.9473684210526315
PF15247	0.96	0.66	0.92
PF10861	0.9516129032258065	0.46774193548387094	0.9516129032258065
PF24472	0.8571428571428571	0.5918367346938775	0.8367346938775511
PF02042	0.9452054794520548	0.6575342465753424	0.9452054794520548
PF18143	0.8648648648648649	0.5405405405405406	0.8783783783783784
PF23844	0.9652173913043478	0.5130434782608696	0.9565217391304348
PF25225	0.9027777777777778	0.6111111111111112	0.875
PF08275	0.9104477611940298	0.8059701492537313	0.9402985074626866
PF13387	0.8852459016393442	0.3442622950819672	0.8524590163934426
PF24501	0.9722222222222222	0.6481481481481481	0.9629629629629629
PF13457	0.9625	0.5625	0.9625
PF02962	0.9411764705882353	0.36764705882352944	0.9411764705882353
PF22060	0.9634146341463414	0.5	0.9390243902439024
PF05215	0.9354838709677419	0.6370967741935484	0.9435483870967742
PF23958	0.9626168224299065	0.4672897196261682	0.9345794392523364
PF01909	0.9516129032258065	0.8387096774193549	0.8870967741935484
PF16981	0.9166666666666666	0.75	0.875
PF03980	0.98	0.48	0.93
PF13246	0.9390243902439024	0.4878048780487805	0.9390243902439024
PF10253	0.8727272727272727	0.34545454545454546	0.8909090909090909
PF06276	0.9315068493150684	0.4041095890410959	0.9041095890410958
PF00910	0.9484536082474226	0.35051546391752575	0.9381443298969072
PF00528	0.9113924050632911	0.6962025316455697	0.9240506329113924
PF00875	0.9666666666666667	0.6833333333333333	0.9833333333333333
PF23596	0.9552238805970149	0.5223880597014925	0.9850746268656716
PF05254	0.9444444444444444	0.5370370370370371	0.9444444444444444
PF02983	0.972972972972973	0.7432432432432432	0.9864864864864865
PF21770	0.96	0.584	0.944
PF10288	0.9574468085106383	0.648936170212766	0.9574468085106383
PF04313	0.9726027397260274	0.6986301369863014	0.958904109589041
PF05194	0.9135802469135802	0.49382716049382713	0.9135802469135802
PF23143	0.9421052631578948	0.6157894736842106	0.9421052631578948
PF09444	1.0	0.4647887323943662	0.9436619718309859
PF12955	0.927710843373494	0.43373493975903615	0.9518072289156626
PF16987	0.9245283018867925	0.5283018867924528	0.9245283018867925
PF24682	0.9340659340659341	0.5164835164835165	0.945054945054945
PF02845	0.9629629629629629	0.6666666666666666	0.9629629629629629
PF04699	0.9380530973451328	0.3805309734513274	0.9203539823008849
PF24676	0.9354838709677419	0.5483870967741935	0.9516129032258065
PF02825	0.9826589595375722	0.6127167630057804	0.9479768786127167
PF15738	0.9722222222222222	0.5972222222222222	0.9583333333333334
PF13282	0.9361702127659575	0.3829787234042553	0.9361702127659575
PF08734	0.9642857142857143	0.3392857142857143	0.9464285714285714
PF01549	0.9776119402985075	0.6716417910447762	0.9626865671641791
PF22966	0.948051948051948	0.4675324675324675	0.922077922077922
PF07702	0.9626865671641791	0.4925373134328358	0.9626865671641791
PF20429	0.9402985074626866	0.6417910447761194	0.9552238805970149
PF08846	0.8833333333333333	0.7	0.9
PF05685	0.9632352941176471	0.4338235294117647	0.9558823529411765
PF02879	0.9183673469387755	0.6938775510204082	0.8979591836734694
PF04505	0.96875	0.5	0.9479166666666666
PF19741	0.973404255319149	0.3351063829787234	0.9680851063829787
PF07466	0.9649122807017544	0.49122807017543857	0.9473684210526315
PF25173	0.9659863945578231	0.38095238095238093	0.9455782312925171
PF09748	0.9130434782608695	0.41304347826086957	0.9021739130434783
PF01682	0.9384615384615385	0.5692307692307692	0.9692307692307692
PF04456	0.9482758620689655	0.5747126436781609	0.9252873563218391
PF10368	0.9565217391304348	0.532608695652174	0.9565217391304348
PF09784	0.9285714285714286	0.5714285714285714	0.9464285714285714
PF22263	0.9629629629629629	0.5092592592592593	0.9537037037037037
PF22963	0.9122807017543859	0.543859649122807	0.8771929824561403
PF02637	0.9431818181818182	0.4318181818181818	0.9431818181818182
PF05641	0.9607843137254902	0.6405228758169934	0.9607843137254902
PF09750	0.9824561403508771	0.42105263157894735	0.9824561403508771
PF21750	0.9583333333333334	0.5833333333333334	0.9166666666666666
PF19271	0.953125	0.40625	0.96875
PF09816	0.967032967032967	0.37362637362637363	0.967032967032967
PF04337	0.9210526315789473	0.27631578947368424	0.9342105263157895
PF10370	0.9802631578947368	0.7105263157894737	0.9802631578947368
PF14765	0.8983050847457628	0.6271186440677966	0.8983050847457628
PF11740	0.95	0.55	0.9166666666666666
PF17677	0.9171974522292994	0.7006369426751592	0.9044585987261147
PF20236	0.9401197604790419	0.5389221556886228	0.9281437125748503
PF03168	0.9759036144578314	0.6746987951807228	0.9759036144578314
PF08305	0.9438202247191011	0.5280898876404494	0.9325842696629213
PF02209	0.9705882352941176	0.611764705882353	0.9705882352941176
PF18806	0.9298245614035088	0.6140350877192983	0.9649122807017544
PF11042	0.8787878787878788	0.48484848484848486	0.8636363636363636
PF20869	0.9719626168224299	0.897196261682243	0.9813084112149533
PF04719	0.9027777777777778	0.4722222222222222	0.8611111111111112
PF04326	0.9344262295081968	0.7704918032786885	0.9180327868852459
PF07741	0.9516129032258065	0.43548387096774194	0.9435483870967742
PF20151	0.979381443298969	0.8247422680412371	0.979381443298969
PF17782	0.9504132231404959	0.7768595041322314	0.9586776859504132
PF21026	0.9736842105263158	0.5	0.9473684210526315
PF18565	0.9657142857142857	0.5885714285714285	0.9485714285714286
PF18695	0.9482758620689655	0.46551724137931033	0.9482758620689655
PF08164	0.9326923076923077	0.5192307692307693	0.9326923076923077
PF21244	0.9076923076923077	0.7538461538461538	0.8769230769230769
PF05005	0.8846153846153846	0.5192307692307693	0.9038461538461539
PF15786	0.9438202247191011	0.5730337078651685	0.9325842696629213
PF19119	0.896551724137931	0.41379310344827586	0.8793103448275862
PF25691	0.9491525423728814	0.15254237288135594	0.9491525423728814
PF04995	0.926829268292683	0.7073170731707317	0.9146341463414634
PF08706	0.9206349206349206	0.4603174603174603	0.8888888888888888
PF06417	0.9270833333333334	0.5208333333333334	0.9270833333333334
PF14258	0.9393939393939394	0.48484848484848486	0.9242424242424242
PF08389	0.96	0.46	0.94
PF03919	0.9457364341085271	0.4496124031007752	0.9302325581395349
PF22739	0.9056603773584906	0.39622641509433965	0.9056603773584906
PF01986	0.9272727272727272	0.5636363636363636	0.9454545454545454
PF03886	1.0	0.5	0.9807692307692307
PF14334	0.9436619718309859	0.4225352112676056	0.9295774647887324
PF13576	1.0	0.9369369369369369	0.9459459459459459
PF23674	0.9404761904761905	0.5357142857142857	0.9285714285714286
PF21866	0.96	0.52	0.94
PF17126	0.9375	0.6625	0.925
PF14575	0.9541284403669725	0.5229357798165137	0.9724770642201835
PF22466	0.9464285714285714	0.625	0.9464285714285714
PF17932	0.9784172661870504	0.5467625899280576	0.9640287769784173
PF06058	0.9180327868852459	0.45901639344262296	0.9180327868852459
PF23465	0.9552238805970149	0.6417910447761194	0.9552238805970149
PF25255	0.9239130434782609	0.5978260869565217	0.9293478260869565
PF19371	0.9	0.5125	0.9
PF06967	0.9125	0.6625	0.875
PF10437	0.9401197604790419	0.6526946107784432	0.9401197604790419
PF04328	0.9285714285714286	0.6964285714285714	0.9285714285714286
PF08059	0.9586206896551724	0.6206896551724138	0.9586206896551724
PF07841	0.9263803680981595	0.4294478527607362	0.9079754601226994
PF21730	0.9491525423728814	0.576271186440678	0.9322033898305084
PF00394	0.9714285714285714	0.32857142857142857	0.9714285714285714
PF02687	0.96875	0.96875	0.953125
PF20432	0.9112903225806451	0.7258064516129032	0.9032258064516129
PF17773	0.9855072463768116	0.7246376811594203	0.927536231884058
PF25576	0.9	0.36	0.92
PF19266	0.9615384615384616	0.48717948717948717	0.9615384615384616
PF03924	0.9358974358974359	0.5448717948717948	0.9743589743589743
PF18739	0.9137931034482759	0.6551724137931034	0.9310344827586207
PF08911	0.9264705882352942	0.5735294117647058	0.9117647058823529
PF08608	0.9264705882352942	0.5294117647058824	0.9264705882352942
PF07045	0.9074074074074074	0.6111111111111112	0.9259259259259259
PF20033	0.9517241379310345	0.6275862068965518	0.9448275862068966
PF21180	0.9090909090909091	0.4155844155844156	0.8831168831168831
PF05542	0.970873786407767	0.5145631067961165	0.9514563106796117
PF13776	0.9516129032258065	0.6612903225806451	0.9354838709677419
PF08084	0.9473684210526315	0.4868421052631579	0.9210526315789473
PF06993	0.9370629370629371	0.5104895104895105	0.951048951048951
PF18978	0.9494949494949495	0.46464646464646464	0.9696969696969697
PF23613	0.9536423841059603	0.6887417218543046	0.9403973509933775
PF06865	0.8771929824561403	0.543859649122807	0.9210526315789473
PF00741	0.9846153846153847	0.46153846153846156	0.9846153846153847
PF19808	0.9090909090909091	0.7636363636363637	0.9090909090909091
PF25054	0.9761904761904762	0.6904761904761905	0.9166666666666666
PF18370	0.9682539682539683	0.6031746031746031	0.9365079365079365
PF12860	0.9491525423728814	0.4576271186440678	0.9322033898305084
PF25561	0.8813559322033898	0.4406779661016949	0.9152542372881356
PF02878	0.9714285714285714	0.42857142857142855	0.9714285714285714
PF11906	0.925	0.4	0.9375
PF20321	0.92	0.34	0.92
PF13619	0.9545454545454546	0.6704545454545454	0.9204545454545454
PF04026	0.9454545454545454	0.4727272727272727	0.9545454545454546
PF04194	0.9470588235294117	0.528023598820059	0.9469026548672567
PF22041	0.9848484848484849	0.5	0.9545454545454546
PF14611	0.9833333333333333	0.6333333333333333	0.9166666666666666
PF22941	0.9217391304347826	0.6260869565217392	0.9304347826086956
PF01335	0.9767441860465116	0.6046511627906976	0.9767441860465116
PF08642	0.9264705882352942	0.5882352941176471	0.9558823529411765
PF09685	0.953125	0.6015625	0.9375
PF10276	0.9550561797752809	0.6179775280898876	0.9325842696629213
PF18332	0.9259259259259259	0.3950617283950617	0.9135802469135802
PF02012	0.9787234042553191	0.8723404255319149	0.9893617021276596
PF13279	0.9629629629629629	0.6296296296296297	0.9444444444444444
PF02824	0.94	0.56	0.9
PF03822	0.904	0.648	0.928
PF17930	0.9206349206349206	0.6349206349206349	0.873015873015873
PF22691	0.9838709677419355	0.45161290322580644	0.9838709677419355
PF24123	0.9259259259259259	0.5555555555555556	0.9135802469135802
PF23463	0.9827586206896551	0.6551724137931034	0.9655172413793104
PF23037	0.9591836734693877	0.5408163265306123	0.9591836734693877
PF11185	0.9863013698630136	0.9041095890410958	0.958904109589041
PF22975	0.9302325581395349	0.3372093023255814	0.9186046511627907
PF20013	0.9629629629629629	0.41975308641975306	0.9506172839506173
PF23140	0.891566265060241	0.7831325301204819	0.9156626506024096
PF11470	0.9431818181818182	0.3181818181818182	0.9318181818181818
PF03471	0.9696969696969697	0.7575757575757576	0.9595959595959596
PF12625	0.9142857142857143	0.5142857142857142	0.8714285714285714
PF21883	0.9393939393939394	0.2878787878787879	0.9393939393939394
PF19265	0.9646017699115044	0.6637168141592921	0.9734513274336283
PF09173	0.9655172413793104	0.47126436781609193	0.9540229885057471
PF23477	0.96875	0.6875	0.953125
PF14365	0.8875	0.35	0.8625
PF20268	0.952755905511811	0.6062992125984252	0.968503937007874
PF13467	0.925531914893617	0.5	0.9361702127659575
PF20180	0.9573170731707317	0.5121951219512195	0.9695121951219512
PF16900	0.9247311827956989	0.45161290322580644	0.9032258064516129
PF23671	0.9342105263157895	0.4868421052631579	0.9210526315789473
PF14492	0.9344262295081968	0.7704918032786885	0.9344262295081968
PF04954	0.971830985915493	0.5070422535211268	0.971830985915493
PF21813	0.9375	0.6704545454545454	0.9375
PF08271	0.9433962264150944	0.660377358490566	0.9056603773584906
PF01851	0.9568965517241379	0.6120689655172413	0.9482758620689655
PF04683	0.9344262295081968	0.5081967213114754	0.9508196721311475
PF20946	0.9487179487179487	0.44871794871794873	0.9230769230769231
PF20243	0.9102564102564102	0.358974358974359	0.8974358974358975
PF16418	0.9304347826086956	0.4	0.9304347826086956
PF04151	0.9880952380952381	0.7142857142857143	0.9523809523809523
PF23843	0.9726027397260274	0.7054794520547946	0.9794520547945206
PF25589	0.9453125	0.453125	0.9375
PF11103	0.8395061728395061	0.37037037037037035	0.8148148148148148
PF14759	0.8301886792452831	0.6226415094339622	0.8301886792452831
PF04186	0.9318181818181818	0.4147727272727273	0.9318181818181818
PF05738	0.9615384615384616	0.6615384615384615	0.9615384615384616
PF21747	0.9562043795620438	0.6642335766423357	0.9562043795620438
PF00717	0.9659090909090909	0.5568181818181818	0.9545454545454546
PF19955	0.9512195121951219	0.6422764227642277	0.967479674796748
PF25191	0.9534883720930233	0.45348837209302323	0.9302325581395349
PF22962	0.93	0.52	0.9
PF17769	0.9787234042553191	0.8723404255319149	0.9468085106382979
PF01469	0.9056603773584906	0.7924528301886793	0.9056603773584906
PF21235	0.9636363636363636	0.696969696969697	0.9393939393939394
PF12637	0.9629629629629629	0.671957671957672	0.9417989417989417
PF00721	0.9242424242424242	0.5303030303030303	0.9318181818181818
PF00855	0.9505494505494505	0.5384615384615384	0.9560439560439561
PF21549	0.9270833333333334	0.5729166666666666	0.9375
PF06908	0.8979591836734694	0.6122448979591837	0.8979591836734694
PF17668	0.9523809523809523	0.5714285714285714	0.9470899470899471
PF12898	0.9433962264150944	0.39622641509433965	0.9245283018867925
PF21651	0.9866666666666667	0.52	0.9733333333333334
PF22906	0.9818181818181818	0.9181818181818182	0.9818181818181818
PF04290	0.9846153846153847	0.8923076923076924	0.9538461538461539
PF12932	0.9176470588235294	0.4235294117647059	0.9058823529411765
PF19890	0.9487179487179487	0.6752136752136753	0.9316239316239316
PF18701	0.9824561403508771	0.5087719298245614	0.9298245614035088
PF08585	0.946236559139785	0.3978494623655914	0.9354838709677419
PF00637	0.9702970297029703	0.5148514851485149	0.9405940594059405
PF06740	0.9375	0.875	0.875
PF19631	0.9333333333333333	0.7	0.9333333333333333
PF11732	0.9512195121951219	0.573170731707317	0.9390243902439024
PF12079	0.9662921348314607	0.4606741573033708	0.9775280898876404
PF23678	0.9811320754716981	0.7484276729559748	0.9874213836477987
PF06736	0.9580838323353293	0.6526946107784432	0.9461077844311377
PF24016	0.9142857142857143	0.4714285714285714	0.9071428571428571
PF03943	0.9224806201550387	0.6201550387596899	0.9224806201550387
PF08229	0.9387755102040817	0.5102040816326531	0.9387755102040817
PF01796	0.9264705882352942	0.7352941176470589	0.9117647058823529
PF18101	0.9358974358974359	0.6025641025641025	0.9487179487179487
PF04031	0.9662162162162162	0.4864864864864865	0.9662162162162162
PF11276	0.9230769230769231	0.5	0.9230769230769231
PF20720	0.9347826086956522	0.427536231884058	0.9347826086956522
PF13344	0.9741379310344828	0.5948275862068966	0.9655172413793104
PF08241	0.9784172661870504	0.8201438848920863	0.9712230215827338
PF21806	0.9791666666666666	0.5729166666666666	0.9895833333333334
PF14277	0.912	0.376	0.92
PF23416	0.96	0.72	0.9733333333333334
PF10306	0.8928571428571429	0.3392857142857143	0.9107142857142857
PF14399	0.96875	0.375	0.953125
PF01920	0.9411764705882353	0.3137254901960784	0.9607843137254902
PF09813	0.9418604651162791	0.5348837209302325	0.8953488372093024
PF06778	0.9183673469387755	0.45918367346938777	0.9081632653061225
PF10252	0.9125	0.6	0.9
PF18480	0.9120879120879121	0.46153846153846156	0.9340659340659341
PF16925	0.957983193277311	0.4117647058823529	0.9495798319327731
PF24563	0.9493670886075949	0.6455696202531646	0.9367088607594937
PF19135	0.945054945054945	0.510989010989011	0.9340659340659341
PF01228	0.9156626506024096	0.4457831325301205	0.927710843373494
PF04062	0.9375	0.425	0.925
PF01468	0.9393939393939394	0.5858585858585859	0.9191919191919192
PF03658	0.9453125	0.65625	0.96875
PF21192	0.9245283018867925	0.5	0.9056603773584906
PF13841	0.95	0.5625	0.9125
PF14523	0.9279279279279279	0.5315315315315315	0.8918918918918919
PF06754	0.8947368421052632	0.5263157894736842	0.8421052631578947
PF04565	0.9468085106382979	0.6382978723404256	0.9574468085106383
PF04932	0.958904109589041	0.9863013698630136	0.9452054794520548
PF17991	0.9402985074626866	0.5522388059701493	0.9104477611940298
PF03672	0.9791666666666666	0.5625	1.0
PF10989	0.9101123595505618	0.4044943820224719	0.9101123595505618
PF09802	0.8928571428571429	0.4107142857142857	0.9107142857142857
PF22065	0.9456521739130435	0.7608695652173914	0.9456521739130435
PF21146	0.9365079365079365	0.3333333333333333	0.9047619047619048
PF11722	0.875	0.7083333333333334	0.875
PF05160	0.9	0.6	0.9125
PF23253	0.9793103448275862	0.4689655172413793	0.9655172413793104
PF02288	0.9387755102040817	0.5306122448979592	0.9387755102040817
PF24080	0.9659090909090909	0.5227272727272727	0.9204545454545454
PF18564	0.9411764705882353	0.7254901960784313	0.9019607843137255
PF10642	0.9558823529411765	0.5735294117647058	0.9264705882352942
PF22687	0.968503937007874	0.8346456692913385	0.9763779527559056
PF07721	0.9928571428571429	0.8785714285714286	0.9857142857142858
PF25101	0.9302325581395349	0.4186046511627907	0.9069767441860465
PF22085	0.9583333333333334	0.36666666666666664	0.9666666666666667
PF20126	0.9491525423728814	0.6949152542372882	0.9491525423728814
PF08285	0.9156626506024096	0.43373493975903615	0.927710843373494
PF02013	0.9444444444444444	0.7111111111111111	0.9555555555555556
PF22898	0.9298245614035088	0.6491228070175439	0.8596491228070176
PF13296	0.9056603773584906	0.49056603773584906	0.9245283018867925
PF17107	0.9016393442622951	0.6557377049180327	0.8524590163934426
PF23084	0.9742268041237113	0.5412371134020618	0.9690721649484536
PF13338	0.9516129032258065	0.7741935483870968	0.9516129032258065
PF14610	0.9310344827586207	0.2988505747126437	0.9425287356321839
PF16137	0.9565217391304348	0.5797101449275363	0.9420289855072463
PF12717	0.916083916083916	0.4405594405594406	0.916083916083916
PF19950	0.9457364341085271	0.5271317829457365	0.9689922480620154
PF02834	0.9142857142857143	0.5904761904761905	0.9047619047619048
PF01051	0.9276315789473685	0.4144736842105263	0.9078947368421053
PF25068	0.92	0.6	0.9333333333333333
PF11239	0.8947368421052632	0.6	0.8947368421052632
PF25139	0.7884615384615384	0.4230769230769231	0.8269230769230769
PF25591	0.9587628865979382	0.6597938144329897	0.9690721649484536
PF07039	0.9052631578947369	0.43157894736842106	0.9052631578947369
PF23252	0.9333333333333333	0.30666666666666664	0.92
PF08454	0.9322033898305084	0.4745762711864407	0.9322033898305084
PF22105	0.9438202247191011	0.34831460674157305	0.9550561797752809
PF17892	0.96	0.64	0.9
PF13411	0.9456521739130435	0.5760869565217391	0.9239130434782609
PF10934	0.9166666666666666	0.6875	0.9375
PF09956	0.9615384615384616	0.6282051282051282	0.9487179487179487
PF03524	0.9523809523809523	0.30952380952380953	0.9523809523809523
PF24244	0.9632352941176471	0.5147058823529411	0.9632352941176471
PF02639	0.9642857142857143	0.3333333333333333	0.9761904761904762
PF07109	0.8909090909090909	0.6363636363636364	0.9090909090909091
PF21893	0.9513513513513514	0.35135135135135137	0.9513513513513514
PF22597	0.9572649572649573	0.5897435897435898	0.9572649572649573
PF01017	0.9387755102040817	0.5918367346938775	0.9183673469387755
PF04025	0.9351851851851852	0.5833333333333334	0.9074074074074074
PF25441	0.9259259259259259	0.4567901234567901	0.9135802469135802
PF13578	0.9642857142857143	0.6666666666666666	0.9404761904761905
PF17171	0.9859154929577465	0.5845070422535211	0.9647887323943662
PF11820	0.9122807017543859	0.3684210526315789	0.8947368421052632
PF18928	0.9902912621359223	0.7378640776699029	0.9611650485436893
PF23725	0.9333333333333333	0.49333333333333335	0.92
PF21143	0.9824561403508771	0.43859649122807015	0.9649122807017544
PF19802	0.9655172413793104	0.5862068965517241	0.9482758620689655
PF07027	0.9393939393939394	0.4090909090909091	0.9393939393939394
PF12947	0.9384615384615385	0.7076923076923077	0.9538461538461539
PF02363	0.9631901840490797	0.8650306748466258	0.9386503067484663
PF24608	0.9032258064516129	0.4838709677419355	0.8870967741935484
PF22989	0.8846153846153846	0.40384615384615385	0.8653846153846154
PF07338	0.8813559322033898	0.3898305084745763	0.864406779661017
PF11815	0.9202898550724637	0.4420289855072464	0.9130434782608695
PF08033	0.9558823529411765	0.5147058823529411	0.9485294117647058
PF02735	0.9502762430939227	0.35359116022099446	0.9502762430939227
PF04783	0.9324324324324325	0.527027027027027	0.972972972972973
PF02014	0.9809523809523809	0.5047619047619047	0.9619047619047619
PF02591	0.9685534591194969	0.6415094339622641	0.9559748427672956
PF09675	0.9347826086956522	0.6086956521739131	0.9239130434782609
PF00635	0.9375	0.5208333333333334	0.9375
PF22515	0.9411764705882353	0.5294117647058824	0.9495798319327731
PF05157	0.9578947368421052	0.8947368421052632	0.9473684210526315
PF05356	0.8771929824561403	0.5964912280701754	0.8421052631578947
PF01779	1.0	0.8070175438596491	0.9473684210526315
PF04940	0.9699248120300752	0.7142857142857143	0.9624060150375939
PF08676	0.9078947368421053	0.5131578947368421	0.9342105263157895
PF07762	0.9506172839506173	0.5432098765432098	0.9629629629629629
PF01956	0.9387755102040817	0.22448979591836735	0.8979591836734694
PF08527	0.9464285714285714	0.5	0.8928571428571429
PF14303	0.9387755102040817	0.3469387755102041	0.9183673469387755
PF25600	0.9541984732824428	0.6106870229007634	0.9236641221374046
PF23212	0.8444444444444444	0.4222222222222222	0.8666666666666667
PF06491	0.864406779661017	0.3220338983050847	0.864406779661017
PF12842	0.8899082568807339	0.48623853211009177	0.8990825688073395
PF00868	0.9479768786127167	0.4797687861271676	0.9653179190751445
PF04739	0.9518072289156626	0.6144578313253012	0.9156626506024096
PF18812	0.9193548387096774	0.5	0.9193548387096774
PF18962	0.979381443298969	0.7731958762886598	0.9742268041237113
PF25244	0.9411764705882353	0.6352941176470588	0.9411764705882353
PF16517	0.9375	0.5625	0.9375
PF20570	0.9583333333333334	0.49166666666666664	0.95
PF07782	0.9102564102564102	0.38461538461538464	0.8974358974358975
PF07043	0.9767441860465116	0.6666666666666666	0.9844961240310077
PF04406	0.9627329192546584	0.5403726708074534	0.9565217391304348
PF24847	0.963963963963964	0.7567567567567568	0.963963963963964
PF00958	0.976878612716763	0.5953757225433526	0.9653179190751445
PF22935	0.9333333333333333	0.43333333333333335	0.9466666666666667
PF25181	0.9420289855072463	0.7101449275362319	0.927536231884058
PF16198	0.9567901234567902	0.6666666666666666	0.9691358024691358
PF02884	0.9454545454545454	0.5454545454545454	0.8909090909090909
PF24278	0.9361702127659575	0.46808510638297873	0.8829787234042553
PF04146	0.9378238341968912	0.39896373056994816	0.927461139896373
PF08281	0.9640287769784173	0.7769784172661871	0.9640287769784173
PF14663	0.9848484848484849	0.4696969696969697	1.0
PF25375	0.9253731343283582	0.5373134328358209	0.8805970149253731
PF14017	0.9743589743589743	0.6025641025641025	0.9358974358974359
PF23740	0.9090909090909091	0.4727272727272727	0.9272727272727272
PF01934	0.9285714285714286	0.6928571428571428	0.9428571428571428
PF16921	0.9542857142857143	0.4228571428571429	0.96
PF01486	0.9533333333333334	0.4266666666666667	0.9466666666666667
PF19564	0.9583333333333334	0.4583333333333333	0.9166666666666666
PF06947	0.9032258064516129	0.4838709677419355	0.9032258064516129
PF09598	0.9354838709677419	0.43548387096774194	0.9354838709677419
PF07535	0.9213483146067416	0.6966292134831461	0.8876404494382022
PF14267	0.9166666666666666	0.6666666666666666	0.9375
PF18347	0.9594594594594594	0.5675675675675675	0.9324324324324325
PF04985	0.9841269841269841	0.4444444444444444	0.9523809523809523
PF19127	0.9411764705882353	0.7058823529411765	0.9019607843137255
PF17761	0.9696969696969697	0.5151515151515151	0.9393939393939394
PF11176	0.9098360655737705	0.4180327868852459	0.9180327868852459
PF07546	0.975609756097561	0.3048780487804878	0.975609756097561
PF25316	0.9342105263157895	0.5263157894736842	0.9605263157894737
PF23418	0.9292929292929293	0.5959595959595959	0.9494949494949495
PF08528	0.9692307692307692	0.6923076923076923	0.9692307692307692
PF21737	0.9743589743589743	0.6153846153846154	0.9743589743589743
PF07812	0.9090909090909091	0.5454545454545454	0.8727272727272727
PF22923	0.9428571428571428	0.6285714285714286	0.9428571428571428
PF15801	0.9479166666666666	0.6354166666666666	0.9270833333333334
PF20663	0.9382716049382716	0.4567901234567901	0.9259259259259259
PF23269	0.9213483146067416	0.5842696629213483	0.9438202247191011
PF03118	0.8627450980392157	0.5098039215686274	0.8627450980392157
PF08686	0.9333333333333333	0.6	0.9166666666666666
PF23150	0.92	0.36	0.9266666666666666
PF11969	0.9508196721311475	0.4262295081967213	0.9672131147540983
PF10502	0.847457627118644	0.6440677966101694	0.8813559322033898
PF13540	0.9818181818181818	0.896969696969697	0.9757575757575757
PF22600	0.9375	0.5625	0.9375
PF19138	0.9245283018867925	0.4716981132075472	0.9245283018867925
PF25811	0.95	0.7125	0.975
PF14342	0.881578947368421	0.3157894736842105	0.8947368421052632
PF01033	0.9444444444444444	0.6746031746031746	0.9206349206349206
PF07085	0.9487179487179487	0.41025641025641024	0.9615384615384616
PF14529	0.9206349206349206	0.5238095238095238	0.9206349206349206
PF25326	0.9430379746835443	0.3670886075949367	0.9430379746835443
PF20092	0.97	0.57	0.97
PF20872	0.9607843137254902	0.6470588235294118	0.9607843137254902
PF14534	0.9560439560439561	0.6923076923076923	0.9230769230769231
PF25429	0.9010989010989011	0.6483516483516484	0.9120879120879121
PF21837	0.9701492537313433	0.835820895522388	0.8805970149253731
PF16076	0.9821428571428571	0.5892857142857143	0.9642857142857143
PF16184	0.9841269841269841	0.5714285714285714	0.9523809523809523
PF22573	0.9791666666666666	0.7083333333333334	0.9583333333333334
PF25764	0.9230769230769231	0.4230769230769231	0.9230769230769231
PF08268	0.8958333333333334	0.4166666666666667	0.8541666666666666
PF10114	0.9202453987730062	0.5214723926380368	0.9386503067484663
PF06781	0.9333333333333333	0.45	0.9333333333333333
PF14524	0.952755905511811	0.6220472440944882	0.9291338582677166
PF04494	0.9393939393939394	0.43434343434343436	0.9393939393939394
PF19909	0.9466666666666667	0.5733333333333334	0.9466666666666667
PF02120	0.9444444444444444	0.6172839506172839	0.9382716049382716
PF05901	0.9727272727272728	0.6454545454545455	0.990909090909091
PF22821	0.9782608695652174	0.5	0.9565217391304348
PF19594	0.9183673469387755	0.5306122448979592	0.9183673469387755
PF24513	0.936	0.392	0.896
PF24099	0.9464285714285714	0.6785714285714286	0.9464285714285714
PF24607	0.9895833333333334	0.4166666666666667	0.9791666666666666
PF14632	0.8925619834710744	0.45454545454545453	0.9090909090909091
PF11604	0.9626865671641791	0.6567164179104478	0.9328358208955224
PF08432	0.9629629629629629	0.49382716049382713	0.9382716049382716
PF23034	0.93717277486911	0.4816753926701571	0.9267015706806283
PF01292	1.0	0.9090909090909091	0.961038961038961
PF04203	0.8620689655172413	0.6206896551724138	0.896551724137931
PF03911	0.9693877551020408	0.6020408163265306	0.9489795918367347
PF08567	0.9156626506024096	0.37349397590361444	0.8795180722891566
PF03828	0.958904109589041	0.5205479452054794	0.958904109589041
PF09353	0.9183673469387755	0.3469387755102041	0.9183673469387755
PF07499	0.9166666666666666	0.7083333333333334	0.9166666666666666
PF23735	0.967741935483871	0.5725806451612904	0.9516129032258065
PF00857	0.9649122807017544	0.8245614035087719	0.9298245614035088
PF25780	0.9402985074626866	0.3358208955223881	0.9402985074626866
PF03802	0.9649122807017544	0.40350877192982454	0.9122807017543859
PF25403	0.9411764705882353	0.6666666666666666	0.9215686274509803
PF18140	0.9245283018867925	0.5849056603773585	0.9622641509433962
PF13274	0.953125	0.640625	0.921875
PF02877	0.9130434782608695	0.43478260869565216	0.8985507246376812
PF04070	0.9838709677419355	0.7016129032258065	0.9758064516129032
PF10584	0.9787234042553191	0.851063829787234	0.9574468085106383
PF04977	0.9482758620689655	0.6551724137931034	0.9310344827586207
PF23648	0.9583333333333334	0.5052083333333334	0.9479166666666666
PF25261	0.8795180722891566	0.6987951807228916	0.9036144578313253
PF03100	0.9382022471910112	0.47191011235955055	0.9325842696629213
PF23343	0.946524064171123	0.5828877005347594	0.946524064171123
PF02630	0.9583333333333334	0.5625	0.9375
PF25061	0.91	0.37	0.89
PF12428	0.9245283018867925	0.49056603773584906	0.9245283018867925
PF04385	0.9838709677419355	0.9516129032258065	0.967741935483871
PF22742	0.98	0.42	0.94
PF01242	0.8421052631578947	0.5789473684210527	0.8552631578947368
PF23228	0.927536231884058	0.5942028985507246	0.8985507246376812
PF24266	0.9690721649484536	0.6494845360824743	0.979381443298969
PF23940	0.8733333333333333	0.3265993265993266	0.8922558922558923
PF24968	0.8955223880597015	0.5671641791044776	0.8208955223880597
PF01436	0.9459459459459459	0.7972972972972973	0.9324324324324325
PF05826	0.9285714285714286	0.44642857142857145	0.9107142857142857
PF07099	0.9354838709677419	0.5645161290322581	0.9193548387096774
PF02553	0.961038961038961	0.6623376623376623	0.935064935064935
PF24866	0.9136690647482014	0.5107913669064749	0.9280575539568345
PF13664	0.9183673469387755	0.42857142857142855	0.8979591836734694
PF03962	0.9565217391304348	0.6376811594202898	0.9420289855072463
PF17947	0.9764705882352941	0.5294117647058824	0.9764705882352941
PF24810	0.9056603773584906	0.5283018867924528	0.9056603773584906
PF16476	0.896551724137931	0.5517241379310345	0.896551724137931
PF01843	0.9691358024691358	0.5185185185185185	0.9444444444444444
PF06135	0.9576271186440678	0.5423728813559322	0.9576271186440678
PF19845	0.9459459459459459	0.6216216216216216	0.9459459459459459
PF06632	0.9701492537313433	0.6119402985074627	1.0
PF07905	0.927536231884058	0.5289855072463768	0.927536231884058
PF25806	0.9444444444444444	0.7037037037037037	0.9351851851851852
PF07624	0.9466666666666667	0.52	0.9466666666666667
PF21784	0.9285714285714286	0.5357142857142857	0.9107142857142857
PF22679	0.9583333333333334	0.40625	0.9375
PF24325	0.9411764705882353	0.5294117647058824	0.9294117647058824
PF12666	0.9402985074626866	0.4626865671641791	0.9104477611940298
PF00498	0.9576719576719577	0.7037037037037037	0.9576719576719577
PF11923	0.9304347826086956	0.41739130434782606	0.9217391304347826
PF03683	0.8902439024390244	0.573170731707317	0.8780487804878049
PF13977	0.9555555555555556	0.5555555555555556	0.9444444444444444
PF10014	0.8947368421052632	0.3026315789473684	0.8947368421052632
PF04214	0.9689922480620154	0.6511627906976745	0.937984496124031
PF01529	1.0	0.9154929577464789	0.9014084507042254
PF05746	0.9411764705882353	0.5392156862745098	0.9313725490196079
PF04567	0.9772727272727273	0.6590909090909091	0.9621212121212122
PF19295	0.9090909090909091	0.4935064935064935	0.922077922077922
PF07485	0.9122807017543859	0.42105263157894735	0.9122807017543859
PF01243	0.9647058823529412	0.5529411764705883	0.9294117647058824
PF02585	0.9636363636363636	0.8363636363636363	0.9090909090909091
PF24042	0.9574468085106383	0.3546099290780142	0.9574468085106383
PF14108	0.9041095890410958	0.4520547945205479	0.8904109589041096
PF23647	0.9887640449438202	0.7078651685393258	1.0
PF13603	0.9310344827586207	0.3793103448275862	0.9137931034482759
PF11322	0.9322033898305084	0.4915254237288136	0.9322033898305084
PF20238	0.9120879120879121	0.5274725274725275	0.9120879120879121
PF13733	0.9242424242424242	0.3787878787878788	0.9242424242424242
PF00455	0.9466666666666667	0.52	0.9333333333333333
PF18082	0.9457364341085271	0.5271317829457365	0.937984496124031
PF11852	0.9	0.45	0.9
PF22617	0.9572649572649573	0.7692307692307693	0.9487179487179487
PF07578	0.9565217391304348	0.5942028985507246	1.0
PF21669	0.956989247311828	0.5376344086021505	0.946236559139785
PF13023	0.9354838709677419	0.4032258064516129	0.9354838709677419
PF20093	0.9493670886075949	0.6329113924050633	0.9367088607594937
PF21263	0.9298245614035088	0.45614035087719296	0.9473684210526315
PF13098	0.9333333333333333	0.6933333333333334	0.92
PF24933	0.9270833333333334	0.59375	0.9375
PF05845	0.8571428571428571	0.5	0.875
PF21862	0.9375	0.5416666666666666	0.9375
PF13334	0.9552238805970149	0.5671641791044776	0.9552238805970149
PF20944	0.8181818181818182	0.38181818181818183	0.8545454545454545
PF14771	0.9375	0.6666666666666666	0.9166666666666666
PF21826	0.946969696969697	0.6212121212121212	0.9393939393939394
PF12800	0.9852941176470589	0.8970588235294118	0.9411764705882353
PF04266	0.9473684210526315	0.6052631578947368	0.9605263157894737
PF01322	0.9504950495049505	0.504950495049505	0.9405940594059405
PF25458	0.95	0.4375	0.9
PF06881	0.9578947368421052	0.3684210526315789	0.9368421052631579
PF13655	0.9342105263157895	0.5789473684210527	0.9473684210526315
PF17875	1.0	0.7258064516129032	0.967741935483871
PF21601	0.9622641509433962	0.32075471698113206	0.9433962264150944
PF21989	0.9491525423728814	0.423728813559322	0.940677966101695
PF08790	0.9166666666666666	0.7083333333333334	0.9583333333333334
PF22086	0.92	0.52	0.9333333333333333
PF09534	0.855072463768116	0.36231884057971014	0.8695652173913043
PF11871	0.9453125	0.578125	0.9140625
PF24201	0.8863636363636364	0.42045454545454547	0.8863636363636364
PF09604	0.95	0.8166666666666667	0.8666666666666667
PF18557	0.9587628865979382	0.6288659793814433	0.9381443298969072
PF14712	0.90625	0.59375	0.9375
PF04718	0.9099099099099099	0.4774774774774775	0.9279279279279279
PF00784	0.9457831325301205	0.4819277108433735	0.9457831325301205
PF19314	0.8955223880597015	0.5671641791044776	0.8955223880597015
PF23384	0.9824561403508771	0.5964912280701754	0.9824561403508771
PF11911	0.9338842975206612	0.5537190082644629	0.9008264462809917
PF04153	0.967741935483871	0.5548387096774193	0.9548387096774194
PF09717	0.9357798165137615	0.6146788990825688	0.944954128440367
PF07713	0.9672131147540983	0.7377049180327869	0.9180327868852459
PF07372	0.875	0.5	0.9375
PF13012	0.9685863874345549	0.418848167539267	0.9738219895287958
PF00907	0.9647058823529412	0.4470588235294118	0.9294117647058824
PF13431	0.9617486338797814	0.8306010928961749	0.9398907103825137
PF23604	0.9655172413793104	0.46551724137931033	0.9482758620689655
PF05652	0.941747572815534	0.47572815533980584	0.9611650485436893
PF07974	0.9791666666666666	0.7708333333333334	0.9583333333333334
PF03446	0.9083333333333333	0.4583333333333333	0.9083333333333333
PF01390	0.9490445859872612	0.4713375796178344	0.9426751592356688
PF07717	0.9259259259259259	0.5925925925925926	0.9444444444444444
PF21307	0.9847328244274809	0.7862595419847328	0.9847328244274809
PF10587	0.9807692307692307	0.7692307692307693	0.9807692307692307
PF22969	0.904	0.536	0.92
PF17748	0.875	0.4375	0.8541666666666666
PF03193	0.9122807017543859	0.47368421052631576	0.9473684210526315
PF12130	0.9137931034482759	0.5172413793103449	0.9482758620689655
PF00091	0.9411764705882353	0.5176470588235295	0.9411764705882353
PF12833	0.9739583333333334	0.71875	0.9739583333333334
PF00240	0.9122807017543859	0.6140350877192983	0.9122807017543859
PF08478	1.0	0.7397260273972602	0.9452054794520548
PF08808	0.930635838150289	0.5317919075144508	0.9132947976878613
PF05078	0.9	0.4625	0.925
PF24335	0.9454545454545454	0.6181818181818182	0.9454545454545454
PF24138	0.9378238341968912	0.5077720207253886	0.927461139896373
PF23928	0.9411764705882353	0.49019607843137253	0.9215686274509803
PF23039	0.9818181818181818	0.32727272727272727	0.9636363636363636
PF01257	0.9230769230769231	0.38461538461538464	0.9038461538461539
PF21846	0.9	0.6111111111111112	0.9
PF13749	0.9180327868852459	0.5409836065573771	0.9344262295081968
PF16135	0.8958333333333334	0.4375	0.8958333333333334
PF24926	0.9493670886075949	0.7721518987341772	0.9493670886075949
PF22614	0.9387755102040817	0.4897959183673469	0.9489795918367347
PF13275	0.9560439560439561	0.6703296703296703	0.9120879120879121
PF18977	0.9591836734693877	0.7346938775510204	0.9591836734693877
PF06739	1.0	0.84	0.94
PF08069	0.9514563106796117	0.6893203883495146	0.941747572815534
PF13374	0.9436619718309859	0.7676056338028169	0.8873239436619719
PF04647	0.9361702127659575	0.6170212765957447	0.9219858156028369
PF01138	0.917910447761194	0.5	0.8880597014925373
PF24522	0.9666666666666667	0.5	0.95
PF01624	0.8958333333333334	0.25	0.875
PF13567	0.9509803921568627	0.7549019607843137	0.9313725490196079
PF23738	0.9433962264150944	0.5849056603773585	0.9433962264150944
PF17962	0.9387755102040817	0.6122448979591837	0.9387755102040817
PF09463	0.9824561403508771	0.7368421052631579	0.9824561403508771
PF13630	0.9882352941176471	0.7058823529411765	0.9764705882352941
PF05232	0.9854014598540146	0.5693430656934306	0.9635036496350365
PF25543	0.9530201342281879	0.7046979865771812	0.9530201342281879
PF17850	0.9298245614035088	0.7192982456140351	0.9473684210526315
PF00630	0.9666666666666667	0.8083333333333333	0.95
PF08996	0.9316239316239316	0.4358974358974359	0.9230769230769231
PF24752	0.9636363636363636	0.4727272727272727	0.9454545454545454
PF23229	0.979381443298969	0.7835051546391752	0.979381443298969
PF15447	0.9629629629629629	0.6296296296296297	1.0
PF00408	0.96	0.8	0.94
PF02170	0.9210526315789473	0.4631578947368421	0.9210526315789473
PF01393	0.9436619718309859	0.6197183098591549	0.8873239436619719
PF19937	0.9316770186335404	0.422360248447205	0.9130434782608695
PF24962	0.9466666666666667	0.47333333333333333	0.94
PF02754	0.9636363636363636	0.45454545454545453	0.9454545454545454
PF21135	0.9274193548387096	0.3467741935483871	0.9274193548387096
PF01878	0.9236641221374046	0.5038167938931297	0.9465648854961832
PF25586	0.8842105263157894	0.7578947368421053	0.8947368421052632
PF25158	0.9523809523809523	0.6984126984126984	0.9523809523809523
PF11327	0.9448275862068966	0.31724137931034485	0.9241379310344827
PF24875	0.9607843137254902	0.6470588235294118	0.9607843137254902
PF19380	0.9583333333333334	0.6875	0.9375
PF22943	0.9277777777777778	0.5722222222222222	0.9277777777777778
PF08636	1.0	0.7285714285714285	0.9714285714285714
PF25511	0.9484536082474226	0.4020618556701031	0.9175257731958762
PF25812	0.8709677419354839	0.45161290322580644	0.8870967741935484
PF12686	0.9574468085106383	0.7127659574468085	0.925531914893617
PF04386	0.9425287356321839	0.367816091954023	0.9425287356321839
PF11897	0.917098445595855	0.5284974093264249	0.9067357512953368
PF08502	0.9591836734693877	0.4897959183673469	0.9591836734693877
PF15377	0.8870967741935484	0.3387096774193548	0.8870967741935484
PF04759	0.9090909090909091	0.42424242424242425	0.9393939393939394
PF04074	0.96	0.5142857142857142	0.9428571428571428
PF20008	0.9473684210526315	0.5263157894736842	0.9473684210526315
PF21849	0.9038461538461539	0.5769230769230769	0.9230769230769231
PF20075	0.9772727272727273	0.38636363636363635	0.9545454545454546
PF05773	0.9553571428571429	0.5535714285714286	0.9285714285714286
PF24245	0.9536423841059603	0.5827814569536424	0.9470198675496688
PF13925	0.9298245614035088	0.42105263157894735	0.9298245614035088
PF12539	0.9206349206349206	0.4126984126984127	0.9206349206349206
PF07729	0.971830985915493	0.9295774647887324	0.9507042253521126
PF13391	0.9166666666666666	0.625	0.9375
PF12668	0.9444444444444444	0.6481481481481481	0.9074074074074074
PF12936	0.9537037037037037	0.5648148148148148	0.9629629629629629
PF07686	0.8269230769230769	0.75	0.8461538461538461
PF08402	0.9887640449438202	0.8314606741573034	0.9662921348314607
PF03694	0.8974358974358975	0.42735042735042733	0.905982905982906
PF03392	0.8869565217391304	0.48695652173913045	0.9043478260869565
PF16205	0.9444444444444444	0.7592592592592593	0.8888888888888888
PF10069	0.921875	0.265625	0.921875
PF13291	0.975	0.6375	0.9875
PF20296	0.8666666666666667	0.4666666666666667	0.85
PF08463	0.9354838709677419	0.45806451612903226	0.9290322580645162
PF21745	0.9602649006622517	0.41721854304635764	0.9668874172185431
PF08341	0.9292929292929293	0.6464646464646465	0.9292929292929293
PF02780	0.9230769230769231	0.48717948717948717	0.9358974358974359
PF17898	0.9390243902439024	0.32926829268292684	0.9390243902439024
PF08151	0.9259259259259259	0.5740740740740741	0.8888888888888888
PF22294	0.8783783783783784	0.7202797202797203	0.8601398601398601
PF11292	0.8985507246376812	0.3188405797101449	0.8695652173913043
PF07335	0.9473684210526315	0.5263157894736842	0.9473684210526315
PF08438	0.9338842975206612	0.39669421487603307	0.9421487603305785
PF13667	0.9393939393939394	0.509090909090909	0.9454545454545454
PF14114	0.9393939393939394	0.5	0.9242424242424242
PF22023	0.9555555555555556	0.5333333333333333	0.9555555555555556
PF02809	0.9904761904761905	0.7904761904761904	0.9809523809523809
PF08953	0.9347826086956522	0.5217391304347826	0.9347826086956522
PF23332	0.954954954954955	0.5135135135135135	0.954954954954955
PF12828	0.9726027397260274	0.3835616438356164	0.9452054794520548
PF25542	0.9888888888888889	0.6777777777777778	0.9666666666666667
PF12588	0.9342105263157895	0.3684210526315789	0.9473684210526315
PF08817	0.9603960396039604	0.4752475247524752	0.9405940594059405
PF00651	0.9629629629629629	0.6419753086419753	0.9629629629629629
PF08783	0.9090909090909091	0.5454545454545454	0.8888888888888888
PF21832	0.9354838709677419	0.5645161290322581	0.9193548387096774
PF25206	0.9629629629629629	0.6666666666666666	0.9444444444444444
PF03297	0.9833333333333333	0.5333333333333333	0.9833333333333333
PF02291	0.8690476190476191	0.44047619047619047	0.8690476190476191
PF19407	0.95	0.74375	0.93125
PF08447	0.9658119658119658	0.6068376068376068	0.9230769230769231
PF22619	0.9447852760736196	0.4233128834355828	0.950920245398773
PF24760	0.9491525423728814	0.4745762711864407	0.940677966101695
PF24828	0.9591836734693877	0.6122448979591837	0.9591836734693877
PF17881	0.957983193277311	0.5798319327731093	0.957983193277311
PF11812	0.9322033898305084	0.5084745762711864	0.9322033898305084
PF13484	0.9675324675324676	0.551948051948052	0.961038961038961
PF25398	0.9523809523809523	0.4523809523809524	0.9761904761904762
PF09745	0.9553571428571429	0.39285714285714285	0.9553571428571429
PF13711	0.9545454545454546	0.5606060606060606	0.9696969696969697
PF20920	0.978021978021978	0.5714285714285714	0.989010989010989
PF05022	0.9333333333333333	0.5866666666666667	0.9333333333333333
PF24492	0.927536231884058	0.5869565217391305	0.9347826086956522
PF09836	0.9495798319327731	0.5882352941176471	0.9243697478991597
PF10411	0.9197530864197531	0.4567901234567901	0.9320987654320988
PF08752	0.923728813559322	0.4661016949152542	0.923728813559322
PF07047	0.952755905511811	0.5669291338582677	0.9133858267716536
PF13646	0.9787234042553191	0.851063829787234	0.9680851063829787
PF00021	0.90625	0.390625	0.90625
PF05179	0.9487179487179487	0.48717948717948717	0.9316239316239316
PF13363	0.9278350515463918	0.44329896907216493	0.9175257731958762
PF19320	0.9523809523809523	0.3492063492063492	0.9523809523809523
PF01012	0.9428571428571428	0.5523809523809524	0.9523809523809523
PF00068	0.9607843137254902	0.6274509803921569	0.9215686274509803
PF02748	0.9553571428571429	0.7053571428571429	0.9375
PF16200	0.9318181818181818	0.553030303030303	0.946969696969697
PF04300	0.9019607843137255	0.2549019607843137	0.9019607843137255
PF07417	0.891566265060241	0.8313253012048193	0.8795180722891566
PF21828	0.9807692307692307	0.75	0.9807692307692307
PF00867	0.9306930693069307	0.5643564356435643	0.9405940594059405
PF01294	0.967391304347826	0.3804347826086957	0.9456521739130435
PF16448	0.96875	0.390625	0.953125
PF19303	0.9285714285714286	0.4365079365079365	0.9206349206349206
PF04410	0.9315789473684211	0.4105263157894737	0.9368421052631579
PF13195	0.921875	0.421875	0.921875
PF12465	0.945054945054945	0.6373626373626373	0.8681318681318682
PF21413	0.9594594594594594	0.44594594594594594	0.9324324324324325
PF07853	0.9672131147540983	0.8087431693989071	0.9453551912568307
PF09239	0.9833333333333333	0.4166666666666667	0.9833333333333333
PF20056	0.9621212121212122	0.5378787878787878	0.9393939393939394
PF21739	0.875	0.48214285714285715	0.875
PF18791	0.9705882352941176	0.5294117647058824	0.9852941176470589
PF18517	0.934640522875817	0.6209150326797386	0.954248366013072
PF08880	0.9603960396039604	0.6633663366336634	0.9603960396039604
PF20153	0.9047619047619048	0.5523809523809524	0.8952380952380953
PF09494	0.9850746268656716	0.6119402985074627	0.9402985074626866
PF12621	0.965034965034965	0.5104895104895105	0.951048951048951
PF01789	0.9264705882352942	0.25	0.9264705882352942
PF14012	0.9607843137254902	0.5098039215686274	0.9803921568627451
PF20777	0.948051948051948	0.6883116883116883	0.922077922077922
PF13624	0.8888888888888888	0.5213675213675214	0.8803418803418803
PF16508	0.9285714285714286	0.4714285714285714	0.9571428571428572
PF08226	0.96875	0.59375	0.9375
PF24294	0.9291338582677166	0.7086614173228346	0.9291338582677166
PF13838	0.9411764705882353	0.39215686274509803	0.9411764705882353
PF18115	0.9607843137254902	0.5294117647058824	0.9215686274509803
PF10116	0.9647058823529412	0.4235294117647059	0.9647058823529412
PF13501	0.9444444444444444	0.49206349206349204	0.9444444444444444
PF19908	0.9387755102040817	0.46938775510204084	0.9183673469387755
PF11791	0.9743589743589743	0.5213675213675214	0.9658119658119658
PF14309	0.9424460431654677	0.460431654676259	0.9424460431654677
PF13874	0.9705882352941176	0.43137254901960786	0.9313725490196079
PF20065	0.9156626506024096	0.6626506024096386	0.9036144578313253
PF00457	0.9419354838709677	0.4838709677419355	0.9290322580645162
PF24420	0.9545454545454546	0.3484848484848485	0.9242424242424242
PF25373	0.9743589743589743	0.4358974358974359	0.9871794871794872
PF24514	0.9411764705882353	0.5882352941176471	0.9327731092436975
PF00679	0.9428571428571428	0.7142857142857143	0.9523809523809523
PF02791	0.9689922480620154	0.5503875968992248	0.9922480620155039
PF01417	0.8909090909090909	0.36363636363636365	0.8909090909090909
PF23197	0.9019607843137255	0.4117647058823529	0.9215686274509803
PF23050	0.9397590361445783	0.6746987951807228	0.9518072289156626
PF23640	0.9411764705882353	0.7843137254901961	0.9607843137254902
PF21654	0.9509803921568627	0.47058823529411764	0.9509803921568627
PF23305	0.9523809523809523	0.42063492063492064	0.9365079365079365
PF12242	0.9256198347107438	0.5289256198347108	0.9090909090909091
PF00042	0.9436619718309859	0.4788732394366197	0.9577464788732394
PF08656	0.9791666666666666	0.4166666666666667	0.9375
PF09358	0.9632352941176471	0.6985294117647058	0.9485294117647058
PF25305	0.9636363636363636	0.5272727272727272	0.9090909090909091
PF14782	0.9465648854961832	0.42748091603053434	0.916030534351145
PF16503	0.9152542372881356	0.7457627118644068	0.8983050847457628
PF05942	0.9230769230769231	0.5076923076923077	0.9846153846153847
PF00059	0.9375	0.5625	0.9583333333333334
PF11919	0.9375	0.575	0.9375
PF25353	0.9207920792079208	0.39603960396039606	0.900990099009901
PF07892	0.9401709401709402	0.5384615384615384	0.9316239316239316
PF07855	0.925531914893617	0.425531914893617	0.9574468085106383
PF17292	0.9615384615384616	0.3974358974358974	0.9230769230769231
PF14760	0.9852941176470589	0.6764705882352942	0.8970588235294118
PF15411	0.95	0.49166666666666664	0.9416666666666667
PF14221	0.9387755102040817	0.5102040816326531	0.8979591836734694
PF11155	0.963855421686747	0.5783132530120482	0.9759036144578314
PF13300	0.8947368421052632	0.43859649122807015	0.8947368421052632
PF12752	0.9609375	0.6015625	0.9375
PF25444	0.9375	0.7291666666666666	0.9375
PF17745	0.9444444444444444	0.4351851851851852	0.9444444444444444
PF01565	0.9478260869565217	0.6	0.9478260869565217
PF18289	0.94	0.66	0.92
PF04119	0.9620253164556962	0.5063291139240507	0.9367088607594937
PF24801	0.9340659340659341	0.33516483516483514	0.9230769230769231
PF23894	0.9838709677419355	0.532258064516129	0.9838709677419355
PF07254	1.0	0.43548387096774194	1.0
PF04355	0.9859154929577465	0.5211267605633803	0.9295774647887324
PF22059	0.8769230769230769	0.4	0.9076923076923077
PF18346	0.9076923076923077	0.5538461538461539	0.9230769230769231
PF23669	0.9383561643835616	0.4452054794520548	0.952054794520548
PF04968	0.9607843137254902	0.45098039215686275	0.9477124183006536
PF12807	0.9603174603174603	0.30952380952380953	0.9523809523809523
PF21028	0.92	0.56	0.9
PF23949	0.9726027397260274	0.7808219178082192	0.958904109589041
PF10998	0.9230769230769231	0.5230769230769231	0.9384615384615385
PF18029	0.979381443298969	0.5360824742268041	0.979381443298969
PF13367	0.9814814814814815	0.37037037037037035	0.9814814814814815
PF19769	0.8545454545454545	0.23636363636363636	0.8545454545454545
PF23398	0.9090909090909091	0.4696969696969697	0.8939393939393939
PF19742	0.9487179487179487	0.5384615384615384	0.9615384615384616
PF17989	0.9411764705882353	0.5686274509803921	0.9215686274509803
PF18425	0.9605263157894737	0.4605263157894737	0.9473684210526315
PF03598	0.92	0.36	0.94
PF00086	0.910958904109589	0.410958904109589	0.9178082191780822
PF13886	0.9421487603305785	0.32231404958677684	0.9504132231404959
PF19630	0.9256198347107438	0.5454545454545454	0.9173553719008265
PF12855	0.9482758620689655	0.3793103448275862	0.9310344827586207
PF24919	0.8727272727272727	0.43636363636363634	0.8727272727272727
PF13369	0.922077922077922	0.42857142857142855	0.922077922077922
PF13891	0.927536231884058	0.36231884057971014	0.9130434782608695
PF03736	0.9580838323353293	0.5149700598802395	0.9461077844311377
PF02464	0.9215686274509803	0.7450980392156863	0.9215686274509803
PF25343	0.9245283018867925	0.4339622641509434	0.9056603773584906
PF03227	0.9315068493150684	0.4452054794520548	0.9452054794520548
PF12669	0.967741935483871	0.7661290322580645	0.9354838709677419
PF24368	0.8928571428571429	0.35714285714285715	0.875
PF25540	0.9508196721311475	0.4426229508196721	0.9672131147540983
PF13566	0.9588235294117647	0.3411764705882353	0.9705882352941176
PF14102	0.9183673469387755	0.46938775510204084	0.9387755102040817
PF14321	0.9850746268656716	0.5223880597014925	0.9402985074626866
PF02911	0.9666666666666667	0.7166666666666667	0.9666666666666667
PF10363	0.9181818181818182	0.5909090909090909	0.9181818181818182
PF02874	0.963302752293578	0.4954128440366973	0.9724770642201835
PF14718	0.9166666666666666	0.5833333333333334	0.9375
PF08147	0.95	0.46	0.95
PF13237	0.8775510204081632	0.8163265306122449	0.8571428571428571
PF11808	0.9137931034482759	0.5689655172413793	0.9137931034482759
PF22927	0.9866666666666667	0.3466666666666667	0.9866666666666667
PF24913	0.9575757575757575	0.44242424242424244	0.9636363636363636
PF22073	0.9254658385093167	0.4968944099378882	0.9254658385093167
PF01466	0.943502824858757	0.711864406779661	0.943502824858757
PF04751	0.9473684210526315	0.4824561403508772	0.9473684210526315
PF23091	0.9487179487179487	0.7051282051282052	0.9358974358974359
PF07818	0.9753086419753086	0.4567901234567901	0.9382716049382716
PF00618	0.9387755102040817	0.8571428571428571	0.8775510204081632
PF18894	0.8852459016393442	0.47540983606557374	0.8688524590163934
PF16457	0.9649122807017544	0.42105263157894735	0.9649122807017544
PF01928	0.8979591836734694	0.4897959183673469	0.8571428571428571
PF04019	0.958904109589041	0.4931506849315068	0.9452054794520548
PF04050	0.9108910891089109	0.39603960396039606	0.9207920792079208
PF07571	0.9504950495049505	0.46534653465346537	0.9405940594059405
PF04398	0.9251336898395722	0.45989304812834225	0.9090909090909091
PF16543	0.9325842696629213	0.5842696629213483	0.9325842696629213
PF01782	0.9468085106382979	0.7127659574468085	0.925531914893617
PF19451	0.9508196721311475	0.5327868852459017	0.9672131147540983
PF16898	0.9850746268656716	0.8880597014925373	0.9402985074626866
PF01681	0.9479166666666666	0.4791666666666667	0.9375
PF24886	0.9444444444444444	0.6481481481481481	0.9629629629629629
PF21800	0.9534883720930233	0.38372093023255816	0.9534883720930233
PF20622	0.9629629629629629	0.5061728395061729	0.9259259259259259
PF20063	0.9705882352941176	0.6029411764705882	0.9411764705882353
PF06868	0.9166666666666666	0.4583333333333333	0.9375
PF21811	0.9347826086956522	0.29347826086956524	0.9456521739130435
PF21144	0.9649122807017544	0.6491228070175439	0.9473684210526315
PF24880	0.925	0.6	0.925
PF07985	0.943089430894309	0.4146341463414634	0.943089430894309
PF22235	0.9333333333333333	0.5333333333333333	0.9666666666666667
PF25485	0.9555555555555556	0.4222222222222222	0.9333333333333333
PF09838	0.95	0.61	0.96
PF05517	0.9444444444444444	0.5370370370370371	0.9444444444444444
PF03714	0.9514563106796117	0.4854368932038835	0.941747572815534
PF04432	0.94	0.48	0.9466666666666667
PF09560	0.9797979797979798	0.43434343434343436	0.9696969696969697
PF09821	0.8974358974358975	0.44871794871794873	0.9102564102564102
PF10099	0.9527027027027027	0.5405405405405406	0.9324324324324325
PF18296	0.9340659340659341	0.2967032967032967	0.9340659340659341
PF10545	0.9137931034482759	0.7931034482758621	0.8620689655172413
PF04696	0.963855421686747	0.5060240963855421	0.963855421686747
PF06904	0.9622641509433962	0.4339622641509434	0.9622641509433962
PF09440	0.9468085106382979	0.5212765957446809	0.925531914893617
PF23069	0.9393939393939394	0.4090909090909091	0.9318181818181818
PF03501	0.9230769230769231	0.38461538461538464	0.8923076923076924
PF12867	0.9512195121951219	0.8658536585365854	0.9390243902439024
PF20023	0.9464285714285714	0.6071428571428571	0.9642857142857143
PF15477	0.9402985074626866	0.5522388059701493	0.9552238805970149
PF06624	0.9615384615384616	0.5576923076923077	0.9615384615384616
PF10558	0.9859154929577465	0.5633802816901409	0.971830985915493
PF14213	0.9322033898305084	0.7627118644067796	0.9491525423728814
PF13739	0.9454545454545454	0.8	0.9636363636363636
PF01185	0.93717277486911	0.4973821989528796	0.9424083769633508
PF11274	0.9473684210526315	0.3473684210526316	0.9578947368421052
PF23358	0.9578947368421052	0.42105263157894735	0.9263157894736842
PF23793	0.9420289855072463	0.6086956521739131	0.927536231884058
PF24611	0.96	0.52	0.96
PF23460	0.9315068493150684	0.547945205479452	0.9178082191780822
PF10066	0.9166666666666666	0.4027777777777778	0.9027777777777778
PF16492	0.9381443298969072	0.5979381443298969	0.8969072164948454
PF25502	0.9122807017543859	0.45614035087719296	0.9298245614035088
PF01777	0.9473684210526315	0.4342105263157895	0.9473684210526315
PF08523	0.9320388349514563	0.6019417475728155	0.912621359223301
PF11258	0.9439252336448598	0.48598130841121495	0.9345794392523364
PF19113	0.9183673469387755	0.40816326530612246	0.9183673469387755
PF19609	0.9393939393939394	0.35858585858585856	0.9242424242424242
PF06032	0.9470198675496688	0.47019867549668876	0.9271523178807947
PF04774	0.8923076923076924	0.5384615384615384	0.9076923076923077
PF06964	0.9343434343434344	0.494949494949495	0.9242424242424242
PF25324	0.9512195121951219	0.5203252032520326	0.943089430894309
PF10120	0.9405940594059405	0.46534653465346537	0.9603960396039604
PF10384	0.9076923076923077	0.5846153846153846	0.9076923076923077
PF02290	0.9230769230769231	0.49572649572649574	0.9230769230769231
PF18423	0.9259259259259259	0.6111111111111112	0.9444444444444444
PF17032	0.9583333333333334	0.5	0.9583333333333334
PF02149	0.9466666666666667	0.6533333333333333	0.9466666666666667
PF10193	0.9172932330827067	0.3684210526315789	0.9022556390977443
PF22779	0.9078947368421053	0.618421052631579	0.9078947368421053
PF18784	0.9384615384615385	0.7384615384615385	0.9692307692307692
PF12716	0.9666666666666667	0.75	0.8833333333333333
PF07344	0.8873239436619719	0.3380281690140845	0.8873239436619719
PF12397	0.9701492537313433	0.5	0.9626865671641791
PF22794	0.9438775510204082	0.3877551020408163	0.9438775510204082
PF07707	0.8421052631578947	0.5263157894736842	0.8421052631578947
PF18844	0.9826086956521739	0.43478260869565216	0.9739130434782609
PF19589	0.9514563106796117	0.5825242718446602	0.9320388349514563
PF02467	0.95	0.6666666666666666	0.9666666666666667
PF03358	0.9384615384615385	0.49230769230769234	0.9538461538461539
PF13450	0.9465648854961832	0.549618320610687	0.9465648854961832
PF23876	0.9454545454545454	0.7090909090909091	0.9454545454545454
PF00547	0.9626865671641791	0.6044776119402985	0.9552238805970149
PF14111	0.8461538461538461	0.40384615384615385	0.8653846153846154
PF09578	0.9324324324324325	0.6216216216216216	0.9054054054054054
PF24587	0.951048951048951	0.3776223776223776	0.951048951048951
PF08485	0.9833333333333333	0.65	0.95
PF23290	0.9646017699115044	0.584070796460177	0.9557522123893806
PF25813	0.974025974025974	0.7142857142857143	0.961038961038961
PF02663	0.9084507042253521	0.4225352112676056	0.9154929577464789
PF16924	0.9240506329113924	0.6708860759493671	0.8987341772151899
PF18604	0.9206349206349206	0.5238095238095238	0.8888888888888888
PF19238	0.9146341463414634	0.573170731707317	0.9390243902439024
PF01422	0.9574468085106383	0.8829787234042553	0.9468085106382979
PF24896	0.9661016949152542	0.5847457627118644	0.9576271186440678
PF04576	0.8909090909090909	0.6727272727272727	0.9272727272727272
PF24548	0.9859154929577465	0.5633802816901409	0.9859154929577465
PF08623	0.8666666666666667	0.4111111111111111	0.9
PF25479	0.953125	0.671875	0.921875
PF24008	0.9464285714285714	0.6428571428571429	0.9553571428571429
PF04246	0.9657534246575342	0.5684931506849316	0.9657534246575342
PF13786	0.9772727272727273	0.6704545454545454	0.9545454545454546
PF06485	0.9655172413793104	0.5172413793103449	0.9482758620689655
PF01287	0.8958333333333334	0.5	0.875
PF22491	0.9056603773584906	0.39622641509433965	0.9056603773584906
PF00046	0.9701492537313433	0.753731343283582	0.9701492537313433
PF04280	0.9661016949152542	0.3559322033898305	0.9661016949152542
PF19531	0.9183673469387755	0.4897959183673469	0.9183673469387755
PF09734	0.8867924528301887	0.5660377358490566	0.8867924528301887
PF08238	0.9876543209876543	0.8950617283950617	0.9629629629629629
PF17767	0.9253731343283582	0.6119402985074627	0.9552238805970149
PF06228	0.9322033898305084	0.4406779661016949	0.9322033898305084
PF08336	0.9342105263157895	0.4144736842105263	0.9407894736842105
PF10382	0.9305555555555556	0.5972222222222222	0.9305555555555556
PF23571	0.9396551724137931	0.5086206896551724	0.9224137931034483
PF21351	0.9066666666666666	0.3466666666666667	0.96
PF18388	0.9038461538461539	0.4230769230769231	0.8846153846153846
PF13444	0.8888888888888888	0.3055555555555556	0.8796296296296297
PF03752	0.956140350877193	0.5964912280701754	0.9385964912280702
PF24458	0.9263157894736842	0.7157894736842105	0.9157894736842105
PF24627	0.8979591836734694	0.6122448979591837	0.9387755102040817
PF11640	0.9761904761904762	0.47619047619047616	0.9404761904761905
PF23423	0.9122807017543859	0.7719298245614035	0.9473684210526315
PF12915	0.9482758620689655	0.3103448275862069	0.9655172413793104
PF14541	0.9814814814814815	0.4074074074074074	0.9629629629629629
PF02212	0.9558823529411765	0.5147058823529411	0.9558823529411765
PF19287	0.946969696969697	0.5833333333333334	0.9242424242424242
PF19777	0.9041095890410958	0.4246575342465753	0.9315068493150684
PF19889	0.9272727272727272	0.45454545454545453	0.8909090909090909
PF14016	0.9489795918367347	0.5408163265306123	0.9285714285714286
PF08489	0.9148936170212766	0.46808510638297873	0.9042553191489362
PF04471	0.967741935483871	0.5268817204301075	0.956989247311828
PF21639	0.9607843137254902	0.6470588235294118	0.9215686274509803
PF12854	0.9685534591194969	0.8427672955974843	0.9748427672955975
PF16982	0.8846153846153846	0.4807692307692308	0.8846153846153846
PF10335	0.9180327868852459	0.47540983606557374	0.9344262295081968
PF16573	0.9375	0.515625	0.921875
PF02734	0.9636363636363636	0.5636363636363636	0.9636363636363636
PF23153	0.9299363057324841	0.5477707006369427	0.9554140127388535
PF13385	0.9418604651162791	0.7441860465116279	0.9534883720930233
PF13185	0.9602272727272727	0.7215909090909091	0.9431818181818182
PF22944	0.9661016949152542	0.4745762711864407	0.9491525423728814
PF12945	0.9708029197080292	0.6204379562043796	0.9635036496350365
PF03456	0.9606299212598425	0.6535433070866141	0.9606299212598425
PF24911	1.0	0.5606060606060606	1.0
PF23567	0.9733333333333334	0.41333333333333333	0.9733333333333334
PF09273	0.9174311926605505	0.8165137614678899	0.926605504587156
PF19875	0.8961038961038961	0.4155844155844156	0.8831168831168831
PF21149	0.9375	0.5625	0.9166666666666666
PF10006	0.946236559139785	0.6451612903225806	0.9247311827956989
PF18435	1.0	0.62	0.96
PF17048	0.9576271186440678	0.4322033898305085	0.9661016949152542
PF25045	0.9	0.425	0.925
PF11167	1.0	0.7857142857142857	0.9642857142857143
PF00188	1.0	0.967032967032967	0.967032967032967
PF22091	0.9540229885057471	0.5977011494252874	0.9310344827586207
PF24654	0.9298245614035088	0.5614035087719298	0.9298245614035088
PF13510	0.956989247311828	0.4946236559139785	0.956989247311828
PF06744	0.9425287356321839	0.5057471264367817	0.9310344827586207
PF13202	0.975	0.8625	0.95
PF20882	0.9466666666666667	0.5666666666666667	0.94
PF13438	0.9705882352941176	0.7279411764705882	0.9705882352941176
PF07683	0.9513888888888888	0.6527777777777778	0.9583333333333334
PF13840	0.9553571428571429	0.5178571428571429	0.9107142857142857
PF03477	0.976	0.696	0.952
PF21543	0.9264705882352942	0.6470588235294118	0.9558823529411765
PF05360	0.9072164948453608	0.6391752577319587	0.8969072164948454
PF11001	0.975609756097561	0.5487804878048781	0.9878048780487805
PF14327	0.9090909090909091	0.5113636363636364	0.9318181818181818
PF01214	0.930379746835443	0.4873417721518987	0.9430379746835443
PF00817	0.9411764705882353	0.5441176470588235	0.9117647058823529
PF12650	0.8983050847457628	0.6779661016949152	0.9152542372881356
PF04770	0.875	0.75	0.9375
PF03270	0.9636363636363636	0.3090909090909091	0.9454545454545454
PF09954	0.9247311827956989	0.5053763440860215	0.946236559139785
PF01826	0.9565217391304348	0.75	0.9347826086956522
PF19593	0.9615384615384616	0.6153846153846154	0.9230769230769231
PF04073	0.9629629629629629	0.7407407407407407	0.9259259259259259
PF01699	0.8977272727272727	0.5227272727272727	0.9090909090909091
PF01213	0.9726027397260274	0.7123287671232876	0.958904109589041
PF04911	0.9807692307692307	0.8269230769230769	0.9423076923076923
PF20154	0.9468085106382979	0.6276595744680851	0.9574468085106383
PF20119	0.9572649572649573	0.6068376068376068	0.9316239316239316
PF22786	0.9565217391304348	0.36231884057971014	0.927536231884058
PF09720	0.9576271186440678	0.6864406779661016	0.9491525423728814
PF24624	0.9714285714285714	0.5571428571428572	0.9714285714285714
PF10400	0.9523809523809523	0.5476190476190477	0.9583333333333334
PF20242	0.9415204678362573	0.5789473684210527	0.9181286549707602
PF03942	0.9251700680272109	0.4557823129251701	0.9319727891156463
PF17849	0.9393939393939394	0.7272727272727273	0.9696969696969697
PF21672	0.9230769230769231	0.6615384615384615	0.8923076923076924
PF07798	0.8518518518518519	0.3333333333333333	0.9012345679012346
PF06695	0.9457364341085271	0.4806201550387597	0.9612403100775194
PF02311	0.9285714285714286	0.625	0.9464285714285714
PF25376	0.9655172413793104	0.39080459770114945	0.9655172413793104
PF18911	0.90625	0.5104166666666666	0.90625
PF22292	0.967741935483871	0.5645161290322581	0.9516129032258065
PF21174	0.9787234042553191	0.425531914893617	0.9574468085106383
PF07973	0.956989247311828	0.6182795698924731	0.9623655913978495
PF01922	0.9301075268817204	0.46774193548387094	0.9301075268817204
PF00028	0.9056603773584906	0.7924528301886793	0.8867924528301887
PF12895	0.9154929577464789	0.647887323943662	0.8732394366197183
PF01520	0.9454545454545454	0.7636363636363637	0.9636363636363636
PF14374	0.963855421686747	0.5301204819277109	0.9397590361445783
PF00800	0.9315068493150684	0.6164383561643836	0.8904109589041096
PF12251	0.9272727272727272	0.34545454545454546	0.9272727272727272
PF25805	0.9431818181818182	0.6818181818181818	0.9318181818181818
PF05168	0.9324324324324325	0.6081081081081081	0.918918918918919
PF07564	0.9425287356321839	0.7011494252873564	0.9425287356321839
PF25179	0.9516129032258065	0.5161290322580645	0.9032258064516129
PF02045	0.8461538461538461	0.6538461538461539	0.8653846153846154
PF01233	0.9252336448598131	0.5046728971962616	0.897196261682243
PF08348	0.9318181818181818	0.5	0.9090909090909091
PF14747	0.9516129032258065	0.5645161290322581	0.967741935483871
PF06857	0.9439252336448598	0.3644859813084112	0.9252336448598131
PF02206	0.9386503067484663	0.5828220858895705	0.9325153374233128
PF22931	0.8986486486486487	0.5472972972972973	0.9054054054054054
PF03110	0.9117647058823529	0.45588235294117646	0.9264705882352942
PF08577	0.921875	0.53125	0.90625
PF05127	0.925531914893617	0.5	0.9361702127659575
PF01119	0.9494949494949495	0.6565656565656566	0.9595959595959596
PF12400	0.9595959595959596	0.47474747474747475	0.9393939393939394
PF02829	0.9354838709677419	0.5290322580645161	0.9290322580645162
PF03450	0.9452054794520548	0.410958904109589	0.958904109589041
PF23321	0.8771929824561403	0.47368421052631576	0.8771929824561403
PF04004	0.9310344827586207	0.3620689655172414	0.9137931034482759
PF11022	0.9428571428571428	0.5714285714285714	0.9285714285714286
PF07887	0.8823529411764706	0.21568627450980393	0.8823529411764706
PF04179	0.9207920792079208	0.4752475247524752	0.9108910891089109
PF07879	0.9411764705882353	0.6666666666666666	0.9411764705882353
PF04844	0.937007874015748	0.6535433070866141	0.8976377952755905
PF22277	0.95	0.6166666666666667	0.95
PF00219	0.9316770186335404	0.5093167701863354	0.9130434782608695
PF17969	0.9344262295081968	0.47540983606557374	0.9344262295081968
PF18317	0.9738562091503268	0.8104575163398693	0.954248366013072
PF13437	1.0	0.7	0.96
PF14666	0.9666666666666667	0.5444444444444444	0.9333333333333333
PF21781	0.9565217391304348	0.7536231884057971	0.9420289855072463
PF06130	0.9304347826086956	0.4782608695652174	0.9391304347826087
PF09391	0.9298245614035088	0.45614035087719296	0.9122807017543859
PF24985	0.92	0.5	0.94
PF14707	0.8767123287671232	0.4383561643835616	0.8767123287671232
PF03992	0.926829268292683	0.6219512195121951	0.9146341463414634
PF12080	0.9622641509433962	0.49056603773584906	0.9811320754716981
PF19834	0.907563025210084	0.5966386554621849	0.9243697478991597
PF08736	0.9074074074074074	0.5	0.9444444444444444
PF02737	0.9807692307692307	0.6538461538461539	0.9615384615384616
PF19754	0.9363636363636364	0.5909090909090909	0.9181818181818182
PF16015	0.9047619047619048	0.36507936507936506	0.9047619047619048
PF20009	0.9935483870967742	0.8903225806451613	0.9806451612903225
PF03455	0.9838709677419355	0.6532258064516129	0.9596774193548387
PF14021	0.978021978021978	0.5164835164835165	0.967032967032967
PF08940	0.9818181818181818	0.6727272727272727	0.9272727272727272
PF24812	0.96	0.5	0.94
PF13083	0.9509803921568627	0.5882352941176471	0.9607843137254902
PF24526	0.9444444444444444	0.6481481481481481	0.9074074074074074
PF21821	0.9814814814814815	0.6203703703703703	0.9444444444444444
PF22266	0.936	0.4	0.92
PF13173	0.9490445859872612	0.5923566878980892	0.9554140127388535
PF09339	0.9459459459459459	0.8513513513513513	0.918918918918919
PF25212	0.949685534591195	0.39622641509433965	0.949685534591195
PF03770	0.9215686274509803	0.46078431372549017	0.9117647058823529
PF09774	0.9014084507042254	0.36619718309859156	0.9154929577464789
PF00388	0.9578947368421052	0.49473684210526314	0.9789473684210527
PF08869	0.945054945054945	0.5494505494505495	0.9340659340659341
PF07529	0.9787234042553191	0.574468085106383	0.9432624113475178
PF03448	0.945054945054945	0.5934065934065934	0.9560439560439561
PF06507	0.9516129032258065	0.532258064516129	0.9193548387096774
PF06206	0.9245283018867925	0.4339622641509434	0.8679245283018868
PF17674	0.963855421686747	0.7590361445783133	0.9518072289156626
PF08571	0.9736842105263158	0.47368421052631576	0.9868421052631579
PF02732	0.9594594594594594	0.5337837837837838	0.9459459459459459
PF14326	0.9468085106382979	0.46808510638297873	0.9361702127659575
PF20578	0.9553072625698324	0.5586592178770949	0.9664804469273743
PF09415	0.9459459459459459	0.5945945945945946	0.8918918918918919
PF10133	0.9852941176470589	0.5735294117647058	1.0
PF13020	0.9642857142857143	0.5357142857142857	0.9107142857142857
PF05717	0.9745762711864406	0.5084745762711864	0.9745762711864406
PF07862	0.9680851063829787	0.6382978723404256	0.9893617021276596
PF05227	0.9506172839506173	0.6666666666666666	0.9506172839506173
PF19964	0.9620253164556962	0.8860759493670886	0.8987341772151899
PF03647	0.93717277486911	0.5654450261780105	0.9214659685863874
PF13855	0.864406779661017	0.8135593220338984	0.7966101694915254
PF13858	0.9576271186440678	0.559322033898305	0.9322033898305084
PF11964	0.9148936170212766	0.6028368794326241	0.900709219858156
PF07718	0.9130434782608695	0.463768115942029	0.8695652173913043
PF02495	0.9137931034482759	0.5689655172413793	0.9310344827586207
PF19094	0.9117647058823529	0.5	0.8921568627450981
PF24997	0.9298245614035088	0.6842105263157895	0.9473684210526315
PF12597	0.96	0.32	0.96
PF23763	0.8991596638655462	0.453781512605042	0.9159663865546218
PF12277	0.9795918367346939	0.6224489795918368	0.9591836734693877
PF21019	0.9642857142857143	0.5982142857142857	0.9553571428571429
PF15711	0.9751552795031055	0.4720496894409938	0.9503105590062112
PF23310	0.9230769230769231	0.5384615384615384	0.9423076923076923
PF23147	0.9720670391061452	0.6703910614525139	0.9832402234636871
PF18323	0.9349593495934959	0.6097560975609756	0.9349593495934959
PF24930	0.9375	0.7083333333333334	0.9375
PF23166	0.9263803680981595	0.4601226993865031	0.9263803680981595
PF15341	0.96	0.536	0.96
PF18175	0.9645390070921985	0.6028368794326241	0.9432624113475178
PF13954	0.9772727272727273	0.5454545454545454	0.9545454545454546
PF24282	0.9642857142857143	0.625	0.9107142857142857
PF14289	0.9726775956284153	0.5901639344262295	0.9617486338797814
PF06445	0.8852459016393442	0.639344262295082	0.8688524590163934
PF24558	1.0	0.5967741935483871	0.9838709677419355
PF11965	0.9122807017543859	0.3508771929824561	0.9298245614035088
PF22098	0.9405940594059405	0.6138613861386139	0.9108910891089109
PF24865	0.9310344827586207	0.47126436781609193	0.9195402298850575
PF14579	0.9702380952380952	0.6369047619047619	0.9404761904761905
PF20179	0.9560439560439561	0.5384615384615384	0.9120879120879121
PF16589	0.9666666666666667	0.5666666666666667	0.9466666666666667
PF04640	0.92	0.5	0.92
PF21352	0.9649122807017544	0.7426900584795322	0.9707602339181286
PF08240	0.9512195121951219	0.7398373983739838	0.9186991869918699
PF10685	0.9642857142857143	0.7142857142857143	0.8928571428571429
PF00071	0.9482758620689655	0.5517241379310345	0.9827586206896551
PF20308	0.93	0.62	0.92
PF23353	0.9142857142857143	0.5047619047619047	0.9333333333333333
PF03472	0.8769230769230769	0.5230769230769231	0.8923076923076924
PF18676	0.9385964912280702	0.8421052631578947	0.9824561403508771
PF13715	0.9850746268656716	0.835820895522388	0.9552238805970149
PF00435	0.9102564102564102	0.48717948717948717	0.9102564102564102
PF05020	0.9402985074626866	0.47761194029850745	0.9104477611940298
PF02753	0.9625	0.725	0.9625
PF07152	0.8924731182795699	0.34408602150537637	0.9032258064516129
PF13785	0.9206349206349206	0.5555555555555556	0.9523809523809523
PF25049	0.9125	0.4625	0.925
PF06505	0.9375	0.5625	0.8958333333333334
PF07572	0.9122807017543859	0.47368421052631576	0.9122807017543859
PF07510	0.9107142857142857	0.6428571428571429	0.9285714285714286
PF03707	0.9481865284974094	0.6632124352331606	0.9378238341968912
PF13443	0.967741935483871	0.5967741935483871	0.967741935483871
PF25453	0.9795918367346939	0.5306122448979592	0.9795918367346939
PF06827	0.9253731343283582	0.7611940298507462	0.9402985074626866
PF00615	0.8775510204081632	0.4897959183673469	0.8775510204081632
PF21607	0.96	0.64	0.944
PF14126	0.8857142857142857	0.44285714285714284	0.8857142857142857
PF00187	0.9642857142857143	0.7071428571428572	0.9642857142857143
PF01873	0.9194630872483222	0.3959731543624161	0.9194630872483222
PF07837	0.9541984732824428	0.4961832061068702	0.9236641221374046
PF03885	0.963855421686747	0.3132530120481928	0.963855421686747
PF07194	0.9655172413793104	0.4942528735632184	0.9425287356321839
PF10025	0.9403973509933775	0.44370860927152317	0.9470198675496688
PF12081	0.9375	0.28125	0.9375
PF06812	0.9	0.5333333333333333	0.9222222222222223
PF25066	0.9396551724137931	0.31896551724137934	0.9310344827586207
PF21928	0.8620689655172413	0.4482758620689655	0.8620689655172413
PF04046	0.926829268292683	0.6097560975609756	0.926829268292683
PF24471	0.9319727891156463	0.5578231292517006	0.9319727891156463
PF05400	0.8888888888888888	0.7619047619047619	0.873015873015873
PF17920	0.9375	0.671875	0.9375
PF16282	0.9473684210526315	0.5263157894736842	0.9578947368421052
PF12014	0.9560439560439561	0.6593406593406593	0.967032967032967
PF01453	0.9548387096774194	0.6580645161290323	0.9548387096774194
PF05437	0.9473684210526315	0.5614035087719298	0.9210526315789473
PF20741	0.9649122807017544	0.631578947368421	0.8947368421052632
PF22934	0.9769230769230769	0.7307692307692307	0.9769230769230769
PF01383	0.9263157894736842	0.49473684210526314	0.9263157894736842
PF24135	0.9512195121951219	0.4146341463414634	0.9512195121951219
PF00191	0.9591836734693877	0.6326530612244898	0.9387755102040817
PF08510	0.968503937007874	0.5590551181102362	0.968503937007874
PF22560	0.9824561403508771	0.6666666666666666	0.9473684210526315
PF00197	0.9456521739130435	0.41304347826086957	0.9565217391304348
PF16495	0.9411764705882353	0.45098039215686275	0.9215686274509803
PF09860	0.9333333333333333	0.6833333333333333	0.9166666666666666
PF19775	0.9083333333333333	0.4666666666666667	0.9333333333333333
PF18381	0.9215686274509803	0.4117647058823529	0.9607843137254902
PF12220	0.9666666666666667	0.49166666666666664	0.9333333333333333
PF13650	0.9629629629629629	0.8055555555555556	0.9259259259259259
PF08356	0.9545454545454546	0.5757575757575758	0.9696969696969697
PF25381	0.9361702127659575	0.3829787234042553	0.9148936170212766
PF22798	0.9558823529411765	0.5294117647058824	0.9558823529411765
PF00892	0.9896907216494846	0.8041237113402062	0.9484536082474226
PF03311	0.9142857142857143	0.4	0.9142857142857143
PF14670	0.9647058823529412	0.7176470588235294	0.9764705882352941
PF22075	0.9367088607594937	0.4936708860759494	0.9113924050632911
PF09605	0.9555555555555556	0.34444444444444444	0.9555555555555556
PF23956	0.8977272727272727	0.5113636363636364	0.9090909090909091
PF13863	0.9315068493150684	0.5	0.9246575342465754
PF03556	0.9532163742690059	0.49707602339181284	0.9532163742690059
PF02271	0.92	0.44	0.9
PF06512	0.9285714285714286	0.44642857142857145	0.9464285714285714
PF07200	0.9264705882352942	0.38235294117647056	0.9338235294117647
PF24426	0.9636363636363636	0.8181818181818182	0.9636363636363636
PF01655	0.9849624060150376	0.49624060150375937	0.9849624060150376
PF08574	0.9310344827586207	0.5747126436781609	0.9080459770114943
PF15884	0.8771929824561403	0.6491228070175439	0.8421052631578947
PF14863	0.9814814814814815	0.3888888888888889	0.9629629629629629
PF19671	0.9166666666666666	0.6041666666666666	0.9375
PF18335	0.9642857142857143	0.7678571428571429	0.9523809523809523
PF11213	0.9651162790697675	0.7558139534883721	0.9418604651162791
PF05285	0.9292929292929293	0.37373737373737376	0.9090909090909091
PF09835	0.9423076923076923	0.5256410256410257	0.9166666666666666
PF18595	0.96875	0.53125	0.9453125
PF23255	0.9672131147540983	0.6229508196721312	0.9672131147540983
PF13380	0.967032967032967	0.44505494505494503	0.9395604395604396
PF03722	0.9402985074626866	0.40298507462686567	0.9104477611940298
PF13623	0.9111111111111111	0.43703703703703706	0.8962962962962963
PF08701	0.8869565217391304	0.43478260869565216	0.8869565217391304
PF13186	0.950354609929078	0.7375886524822695	0.9574468085106383
PF16093	0.9514563106796117	0.5145631067961165	0.941747572815534
PF25008	0.9333333333333333	0.38666666666666666	0.96
PF13468	0.8958333333333334	0.5416666666666666	0.8958333333333334
PF02755	0.9464285714285714	0.6964285714285714	0.9285714285714286
PF24671	0.9596774193548387	0.6129032258064516	0.9596774193548387
PF19404	0.975	0.80625	0.95
PF18398	0.9038461538461539	0.5961538461538461	0.9038461538461539
PF24596	0.9358974358974359	0.7051282051282052	0.9230769230769231
PF24486	0.967741935483871	0.2903225806451613	0.967741935483871
PF04034	0.9430379746835443	0.5	0.9493670886075949
PF13607	0.9666666666666667	0.625	0.9583333333333334
PF23429	0.967741935483871	0.45161290322580644	0.967741935483871
PF16369	0.9852941176470589	0.7941176470588235	0.9705882352941176
PF24584	1.0	0.5538461538461539	0.9692307692307692
PF23439	0.935064935064935	0.42857142857142855	0.948051948051948
PF22302	0.9245283018867925	0.6415094339622641	0.9245283018867925
PF09414	0.9384615384615385	0.46153846153846156	0.9153846153846154
PF14070	0.9577464788732394	0.5915492957746479	0.9154929577464789
PF11953	0.958041958041958	0.6083916083916084	0.958041958041958
PF02371	0.9836065573770492	0.6885245901639344	0.9672131147540983
PF12790	0.9482758620689655	0.3793103448275862	0.9310344827586207
PF25430	0.9130434782608695	0.5	0.9202898550724637
PF21157	0.9300699300699301	0.5874125874125874	0.9300699300699301
PF25532	0.9791666666666666	0.5833333333333334	0.9166666666666666
PF24655	0.963855421686747	0.7228915662650602	0.9397590361445783
PF17753	0.9837837837837838	0.6270270270270271	0.9837837837837838
PF01609	0.9325842696629213	0.5168539325842697	0.9213483146067416
PF02501	0.9230769230769231	0.5256410256410257	0.9230769230769231
PF21839	0.9605263157894737	0.7236842105263158	0.9736842105263158
PF17187	0.9711538461538461	0.4230769230769231	0.9615384615384616
PF20912	0.974025974025974	0.5584415584415584	0.935064935064935
PF23667	0.9682539682539683	0.6349206349206349	0.9470899470899471
PF06177	0.9135802469135802	0.4691358024691358	0.9197530864197531
PF20503	0.9464285714285714	0.5535714285714286	0.9464285714285714
PF13817	0.9478260869565217	0.6347826086956522	0.9217391304347826
PF08297	0.9672131147540983	0.5245901639344263	0.9508196721311475
PF05251	0.9530201342281879	0.5436241610738255	0.9328859060402684
PF22965	0.9611650485436893	0.44660194174757284	0.9320388349514563
PF23572	0.9545454545454546	0.3787878787878788	0.9318181818181818
PF24637	0.9642857142857143	0.4880952380952381	0.9523809523809523
PF25357	0.9491525423728814	0.6610169491525424	0.9491525423728814
PF07898	0.9302325581395349	0.29457364341085274	0.9302325581395349
PF08343	0.9270833333333334	0.40625	0.9270833333333334
PF24101	0.9401709401709402	0.48717948717948717	0.905982905982906
PF25599	0.9310344827586207	0.4827586206896552	0.9137931034482759
PF24461	0.9558823529411765	0.5735294117647058	0.9558823529411765
PF04011	0.9583333333333334	0.5833333333333334	0.9583333333333334
PF06013	0.9253731343283582	0.6119402985074627	0.9104477611940298
PF13602	0.912621359223301	0.5436893203883495	0.8932038834951457
PF25080	0.9577464788732394	0.704225352112676	0.9577464788732394
PF04607	0.9176470588235294	0.4	0.9294117647058824
PF02566	1.0	0.6781609195402298	0.9770114942528736
PF25768	0.9574468085106383	0.3617021276595745	0.9574468085106383
PF20058	0.9482758620689655	0.5431034482758621	0.9137931034482759
PF24934	0.9263157894736842	0.5578947368421052	0.9368421052631579
PF14715	0.9365079365079365	0.6904761904761905	0.9523809523809523
PF22398	0.8596491228070176	0.38596491228070173	0.8947368421052632
PF24645	0.95	0.5	0.95
PF10198	0.918918918918919	0.3783783783783784	0.9459459459459459
PF12572	0.925	0.3875	0.925
PF12430	0.9032258064516129	0.3064516129032258	0.8870967741935484
PF10495	0.9444444444444444	0.5555555555555556	0.9444444444444444
PF18755	0.9459459459459459	0.47297297297297297	0.8918918918918919
PF22899	0.9506172839506173	0.4074074074074074	0.9506172839506173
PF11236	0.935064935064935	0.4675324675324675	0.922077922077922
PF00746	0.9736842105263158	0.6710526315789473	0.9210526315789473
PF09808	0.9298245614035088	0.45614035087719296	0.9122807017543859
PF04010	0.9615384615384616	0.5	0.9230769230769231
PF13542	0.9385964912280702	0.6140350877192983	0.9210526315789473
PF25459	0.9212598425196851	0.25984251968503935	0.9212598425196851
PF17092	0.9555555555555556	0.5277777777777778	0.9444444444444444
PF20587	0.9655172413793104	0.29310344827586204	0.9827586206896551
PF08595	0.9464285714285714	0.2857142857142857	0.9285714285714286
PF04028	0.9292929292929293	0.7171717171717171	0.9292929292929293
PF04452	0.95	0.425	0.95
PF15868	0.9351851851851852	0.48148148148148145	0.9444444444444444
PF07228	0.9133333333333333	0.4866666666666667	0.92
PF23424	0.9058823529411765	0.32941176470588235	0.8823529411764706
PF14720	0.9396551724137931	0.4482758620689655	0.9482758620689655
PF03442	0.9137931034482759	0.5862068965517241	0.9310344827586207
PF07303	0.9036144578313253	0.5180722891566265	0.9036144578313253
PF08152	0.9137931034482759	0.41379310344827586	0.9137931034482759
PF04542	0.9538461538461539	0.6615384615384615	0.9538461538461539
PF09324	0.9333333333333333	0.4111111111111111	0.9444444444444444
PF00074	0.9007633587786259	0.4580152671755725	0.9236641221374046
PF23394	0.9719626168224299	0.2897196261682243	0.9626168224299065
PF01485	0.9612903225806452	0.7806451612903226	0.9612903225806452
PF20136	0.9285714285714286	0.38095238095238093	0.9285714285714286
PF03749	0.9776119402985075	0.5746268656716418	0.9776119402985075
PF06392	0.9354838709677419	0.7258064516129032	0.9354838709677419
PF20976	0.9726027397260274	0.5616438356164384	0.958904109589041
PF14019	0.927536231884058	0.5362318840579711	0.927536231884058
PF25298	0.9327731092436975	0.6386554621848739	0.9411764705882353
PF21205	0.900709219858156	0.5602836879432624	0.8865248226950354
PF22067	0.9393939393939394	0.7121212121212122	0.9090909090909091
PF11896	0.9637681159420289	0.463768115942029	0.9565217391304348
PF18439	0.9402985074626866	0.7761194029850746	0.9552238805970149
PF12502	0.9473684210526315	0.42105263157894735	0.9605263157894737
PF20115	0.9456521739130435	0.5760869565217391	0.9565217391304348
PF22518	0.9495798319327731	0.3697478991596639	0.9327731092436975
PF00334	0.9428571428571428	0.6095238095238096	0.9428571428571428
PF08771	0.9615384615384616	0.38461538461538464	0.9615384615384616
PF18947	0.9512195121951219	0.5853658536585366	0.959349593495935
PF05920	0.9821428571428571	0.6071428571428571	0.9821428571428571
PF22937	0.9642857142857143	0.6071428571428571	0.9464285714285714
PF21917	0.9759036144578314	0.6867469879518072	0.963855421686747
PF21000	0.9032258064516129	0.6236559139784946	0.8924731182795699
PF09936	0.9428571428571428	0.4	0.9428571428571428
PF24746	0.9444444444444444	0.5277777777777778	0.9444444444444444
PF03941	0.9411764705882353	0.5392156862745098	0.9607843137254902
PF24356	0.9583333333333334	0.5833333333333334	0.9583333333333334
PF10559	0.9705882352941176	0.6862745098039216	0.9215686274509803
PF08722	0.9560439560439561	0.6593406593406593	0.9560439560439561
PF00882	0.9586776859504132	0.5785123966942148	0.9586776859504132
PF01955	0.9626168224299065	0.4672897196261682	0.9532710280373832
PF11221	0.8783783783783784	0.5540540540540541	0.918918918918919
PF07443	0.9183673469387755	0.673469387755102	0.9183673469387755
PF23046	0.9552238805970149	0.5223880597014925	0.9701492537313433
PF10237	0.9344262295081968	0.4016393442622951	0.9098360655737705
PF17403	0.943089430894309	0.37398373983739835	0.9024390243902439
PF21527	0.9230769230769231	0.6263736263736264	0.945054945054945
PF25034	0.9425287356321839	0.40229885057471265	0.9195402298850575
PF08327	1.0	0.684931506849315	0.9726027397260274
PF05610	0.9651162790697675	0.6162790697674418	0.9651162790697675
PF03351	0.8928571428571429	0.42857142857142855	0.8928571428571429
PF05036	0.9770992366412213	0.8854961832061069	0.9541984732824428
PF21822	0.9576271186440678	0.4576271186440678	0.9491525423728814
PF24081	0.9078014184397163	0.49645390070921985	0.9148936170212766
PF18085	0.9574468085106383	0.4787234042553192	0.9468085106382979
PF21666	0.956989247311828	0.5806451612903226	0.956989247311828
PF12409	0.9603174603174603	0.3968253968253968	0.9285714285714286
PF20061	0.9834710743801653	0.6115702479338843	0.9669421487603306
PF01900	0.9617486338797814	0.48633879781420764	0.9562841530054644
PF25277	0.8970588235294118	0.45588235294117646	0.9264705882352942
PF00213	0.9904761904761905	0.4857142857142857	0.9809523809523809
PF00633	0.9176470588235294	0.7058823529411765	0.9176470588235294
PF06995	0.9508196721311475	0.5081967213114754	0.9344262295081968
PF09280	0.9625	0.6125	0.975
PF13864	0.9690721649484536	0.5979381443298969	0.9484536082474226
PF12063	0.922077922077922	0.4155844155844156	0.948051948051948
PF23065	0.9310344827586207	0.9540229885057471	0.9425287356321839
PF09785	0.9375	0.3	0.95
PF03435	0.8961038961038961	0.4025974025974026	0.935064935064935
PF00992	0.9333333333333333	0.41333333333333333	0.92
PF04760	0.9753086419753086	0.7530864197530864	0.9876543209876543
PF13807	0.9193548387096774	0.5483870967741935	0.9354838709677419
PF24798	0.9807692307692307	0.46153846153846156	0.9615384615384616
PF07127	0.9777777777777777	0.6333333333333333	0.9555555555555556
PF18203	0.9444444444444444	0.8333333333333334	0.9814814814814815
PF09669	0.9210526315789473	0.5	0.9342105263157895
PF18294	0.8888888888888888	0.7592592592592593	0.8518518518518519
PF23109	0.9615384615384616	0.4461538461538462	0.9461538461538461
PF18829	0.9401709401709402	0.5811965811965812	0.9401709401709402
PF22036	0.9878048780487805	0.4268292682926829	0.975609756097561
PF13716	0.8571428571428571	0.5306122448979592	0.8571428571428571
PF14056	0.967741935483871	0.6612903225806451	0.967741935483871
PF21817	0.9401709401709402	0.6581196581196581	0.9487179487179487
PF05811	0.9411764705882353	0.5294117647058824	0.9215686274509803
PF21979	0.940677966101695	0.4915254237288136	0.940677966101695
PF01562	0.9526627218934911	0.5798816568047337	0.9289940828402367
PF13877	0.9629629629629629	0.5740740740740741	0.9444444444444444
PF13734	0.9193548387096774	0.7419354838709677	0.9193548387096774
PF13648	0.9489795918367347	0.7448979591836735	0.9183673469387755
PF01599	0.9245283018867925	0.660377358490566	0.9245283018867925
PF09768	0.9464285714285714	0.5535714285714286	0.9464285714285714
PF12353	0.9468085106382979	0.5638297872340425	0.9468085106382979
PF24841	0.9461077844311377	0.5089820359281437	0.9461077844311377
PF19785	0.9807692307692307	0.5576923076923077	0.9903846153846154
PF11698	0.963302752293578	0.44954128440366975	0.963302752293578
PF22504	0.935064935064935	0.4805194805194805	0.8961038961038961
PF08521	0.9401709401709402	0.452991452991453	0.9572649572649573
PF25221	0.9354838709677419	0.45161290322580644	0.9193548387096774
PF04818	0.9468085106382979	0.5585106382978723	0.9202127659574468
PF05207	0.9433962264150944	0.5849056603773585	0.9245283018867925
PF00193	0.9319727891156463	0.36054421768707484	0.9387755102040817
PF00874	0.9629629629629629	0.7592592592592593	0.9691358024691358
PF11849	0.890625	0.59375	0.890625
PF24589	0.9213483146067416	0.4606741573033708	0.9550561797752809
PF23024	0.9466666666666667	0.52	0.92
PF21078	0.9146341463414634	0.7195121951219512	0.9024390243902439
PF22066	0.9102564102564102	0.5128205128205128	0.8974358974358975
PF25362	0.9016393442622951	0.47540983606557374	0.9098360655737705
PF18845	0.9420289855072463	0.36231884057971014	0.927536231884058
PF13197	0.8805970149253731	0.6119402985074627	0.8805970149253731
PF03732	0.8679245283018868	0.4716981132075472	0.8867924528301887
PF09454	0.9368421052631579	0.5157894736842106	0.9578947368421052
PF19450	0.9333333333333333	0.5428571428571428	0.9428571428571428
PF24055	0.8796992481203008	0.5488721804511278	0.8421052631578947
PF18916	0.9387755102040817	0.5306122448979592	0.9081632653061225
PF00787	0.9206349206349206	0.5873015873015873	0.9365079365079365
PF22572	0.9855072463768116	0.5942028985507246	0.9855072463768116
PF14509	0.9444444444444444	0.5	0.9444444444444444
PF20250	0.875	0.5454545454545454	0.8636363636363636
PF13364	0.9166666666666666	0.4666666666666667	0.9333333333333333
PF25434	0.8775510204081632	0.40816326530612246	0.8775510204081632
PF01363	0.9285714285714286	0.6507936507936508	0.9285714285714286
PF23110	0.9104477611940298	0.5223880597014925	0.9253731343283582
PF08496	0.9393939393939394	0.4393939393939394	0.9090909090909091
PF05205	0.9078947368421053	0.5657894736842105	0.9078947368421053
PF19121	0.9622641509433962	0.6226415094339622	0.9245283018867925
PF25790	0.9130434782608695	0.5279503105590062	0.9006211180124224
PF16571	0.9183673469387755	0.3877551020408163	0.9183673469387755
PF25422	0.9452054794520548	0.3287671232876712	0.9657534246575342
PF02782	0.9245283018867925	0.4339622641509434	0.8679245283018868
PF14292	0.8688524590163934	0.45901639344262296	0.9016393442622951
PF25133	0.967391304347826	0.532608695652174	0.9565217391304348
PF09388	0.9743589743589743	0.7948717948717948	0.9572649572649573
PF11798	0.9508196721311475	0.8360655737704918	0.9508196721311475
PF04825	0.9591836734693877	0.46938775510204084	0.9591836734693877
PF13263	0.9411764705882353	0.6617647058823529	0.9411764705882353
PF17205	0.9113924050632911	0.569620253164557	0.8987341772151899
PF24603	0.9407894736842105	0.4473684210526316	0.9342105263157895
PF09336	0.9646017699115044	0.6017699115044248	0.9557522123893806
PF02558	0.9466666666666667	0.5866666666666667	0.96
PF19765	0.9651162790697675	0.4069767441860465	0.9418604651162791
PF13271	0.9384615384615385	0.6153846153846154	0.9384615384615385
PF22461	0.953757225433526	0.5549132947976878	0.9190751445086706
PF21965	0.9489795918367347	0.4489795918367347	0.9591836734693877
PF21113	0.9387755102040817	0.32653061224489793	0.9183673469387755
PF06858	0.9302325581395349	0.5658914728682171	0.9534883720930233
PF04155	0.9069767441860465	0.5	0.9186046511627907
PF07474	0.8846153846153846	0.46153846153846156	0.9423076923076923
PF13636	0.9759036144578314	0.7469879518072289	0.9759036144578314
PF13205	0.88	0.66	0.88
PF01321	0.9594594594594594	0.8378378378378378	0.9594594594594594
PF10979	0.9594594594594594	0.527027027027027	0.9594594594594594
PF05233	0.9516129032258065	0.6774193548387096	0.9516129032258065
PF01258	0.9454545454545454	0.8090909090909091	0.9090909090909091
PF13448	1.0	0.6274509803921569	0.9803921568627451
PF07196	0.9285714285714286	0.5476190476190477	0.9047619047619048
PF24064	0.9438202247191011	0.6179775280898876	0.9213483146067416
PF00307	0.9322033898305084	0.5423728813559322	0.9152542372881356
PF25339	0.91	0.4	0.9
PF08335	0.927536231884058	0.5362318840579711	0.927536231884058
PF01814	0.9513513513513514	0.6486486486486487	0.9513513513513514
PF03730	0.9552238805970149	0.47761194029850745	0.9402985074626866
PF18553	0.9866666666666667	0.7066666666666667	0.9466666666666667
PF22950	0.9682539682539683	0.6666666666666666	0.9365079365079365
PF07904	0.9423076923076923	0.5192307692307693	0.9230769230769231
PF04983	0.9454545454545454	0.44545454545454544	0.9545454545454546
PF09066	0.891566265060241	0.4578313253012048	0.9036144578313253
PF17954	0.9473684210526315	0.7157894736842105	0.9157894736842105
PF23914	0.9343065693430657	0.44525547445255476	0.927007299270073
PF20479	0.9014084507042254	0.4225352112676056	0.9014084507042254
PF08043	0.86	0.86	0.84
PF02620	0.8636363636363636	0.5454545454545454	0.9090909090909091
PF09830	0.9421965317919075	0.5606936416184971	0.9421965317919075
PF25386	0.9636363636363636	0.8909090909090909	0.9272727272727272
PF11931	0.984375	0.6875	0.96875
PF00578	0.963855421686747	0.6506024096385542	0.963855421686747
PF02142	0.946969696969697	0.5	0.9393939393939394
PF08546	0.9705882352941176	0.7205882352941176	0.9558823529411765
PF24385	0.9558011049723757	0.48066298342541436	0.9613259668508287
PF09056	0.9444444444444444	0.6296296296296297	0.9259259259259259
PF06294	0.9312977099236641	0.32061068702290074	0.9541984732824428
PF15277	0.9591836734693877	0.5204081632653061	0.9387755102040817
PF02469	0.9411764705882353	0.46218487394957986	0.9327731092436975
PF19131	0.9516129032258065	0.43548387096774194	0.9516129032258065
PF17996	0.94	0.52	0.94
PF09725	0.8979591836734694	0.3673469387755102	0.8775510204081632
PF23070	0.910828025477707	0.5095541401273885	0.9044585987261147
PF03013	0.9295774647887324	0.6619718309859155	0.9436619718309859
PF03934	0.9270833333333334	0.75	0.9166666666666666
PF14316	0.9571428571428572	0.5714285714285714	0.9714285714285714
PF14544	0.88	0.44	0.9
PF24779	1.0	0.8653846153846154	0.9807692307692307
PF13690	0.9655172413793104	0.5862068965517241	0.9482758620689655
PF22879	0.9577464788732394	0.4014084507042254	0.9436619718309859
PF08625	0.9477611940298507	0.48507462686567165	0.9552238805970149
PF13560	0.9753086419753086	0.8395061728395061	0.9259259259259259
PF25476	0.98	0.49	0.98
PF21198	0.8958333333333334	0.5208333333333334	0.9166666666666666
PF05553	0.9508196721311475	0.5081967213114754	0.9508196721311475
PF18731	0.9444444444444444	0.4444444444444444	0.9259259259259259
PF06017	0.9363057324840764	0.42038216560509556	0.9235668789808917
PF23361	0.9193548387096774	0.4838709677419355	0.9354838709677419
PF06892	0.9651162790697675	0.43023255813953487	0.9651162790697675
PF21941	0.9548872180451128	0.45112781954887216	0.9473684210526315
PF11026	0.9300699300699301	0.4755244755244755	0.916083916083916
PF01157	0.9926470588235294	0.6470588235294118	0.9852941176470589
PF11222	0.9848484848484849	0.6060606060606061	0.9545454545454546
PF07491	0.896551724137931	0.6781609195402298	0.9195402298850575
PF17406	0.9105691056910569	0.43902439024390244	0.9349593495934959
PF24769	0.967032967032967	0.6153846153846154	0.945054945054945
PF22727	0.9652173913043478	0.7391304347826086	0.9217391304347826
PF09918	0.9591836734693877	0.5510204081632653	0.9591836734693877
PF23709	0.9464285714285714	0.8214285714285714	0.9285714285714286
PF08514	0.9368421052631579	0.5157894736842106	0.9368421052631579
PF01206	0.9568965517241379	0.75	0.9396551724137931
PF22629	0.9117647058823529	0.4411764705882353	0.9264705882352942
PF20906	0.9533333333333334	0.43333333333333335	0.9533333333333334
PF01472	0.9418604651162791	0.5697674418604651	0.9534883720930233
PF13176	0.9722222222222222	0.8472222222222222	0.9583333333333334
PF01849	0.9432989690721649	0.6288659793814433	0.9175257731958762
PF07143	0.9285714285714286	0.41836734693877553	0.9285714285714286
PF24406	0.9454545454545454	0.8	0.8727272727272727
PF06955	0.9529411764705882	0.6058823529411764	0.9588235294117647
PF12456	0.8985507246376812	0.4492753623188406	0.8985507246376812
PF01509	0.9615384615384616	0.5961538461538461	0.9743589743589743
PF21039	0.9137931034482759	0.5689655172413793	0.9224137931034483
PF04287	0.9074074074074074	0.5925925925925926	0.8888888888888888
PF19842	0.9457364341085271	0.7054263565891473	0.9689922480620154
PF09302	0.9822485207100592	0.8579881656804734	0.9881656804733728
PF20037	0.9236111111111112	0.75	0.9444444444444444
PF01437	0.9347826086956522	0.6521739130434783	0.9021739130434783
PF00061	0.9539473684210527	0.4407894736842105	0.9342105263157895
PF01493	0.9782608695652174	0.47101449275362317	0.9492753623188406
PF23038	0.9342105263157895	0.7368421052631579	0.9078947368421053
PF12254	0.9540229885057471	0.5517241379310345	0.9425287356321839
PF18560	0.9423076923076923	0.5961538461538461	0.9230769230769231
PF21203	0.963855421686747	0.5301204819277109	0.9518072289156626
PF19028	0.9696969696969697	0.8333333333333334	0.9393939393939394
PF21038	0.959731543624161	0.436241610738255	0.9530201342281879
PF07603	0.9384615384615385	0.5692307692307692	0.9384615384615385
PF21103	0.9508196721311475	0.4426229508196721	0.9344262295081968
PF25151	0.9308176100628931	0.44025157232704404	0.9182389937106918
PF16657	0.8877551020408163	0.5510204081632653	0.9081632653061225
PF08609	0.9318181818181818	0.2727272727272727	0.9090909090909091
PF18372	0.9345794392523364	0.6542056074766355	0.9252336448598131
PF24043	0.968503937007874	0.6614173228346457	0.9212598425196851
PF08990	0.9651162790697675	0.8197674418604651	0.9534883720930233
PF05964	0.9553571428571429	0.6607142857142857	0.9285714285714286
PF07311	0.9493670886075949	0.5506329113924051	0.9556962025316456
PF23044	0.9387755102040817	0.42857142857142855	0.9183673469387755
PF05662	0.971830985915493	0.8028169014084507	0.971830985915493
PF02319	0.9487179487179487	0.5897435897435898	0.9615384615384616
PF19763	0.9438202247191011	0.4157303370786517	0.9775280898876404
PF10080	0.8148148148148148	0.4074074074074074	0.8333333333333334
PF19102	0.9423076923076923	0.7115384615384616	0.9711538461538461
PF13628	0.9705882352941176	0.6029411764705882	0.9411764705882353
PF08982	0.9047619047619048	0.36507936507936506	0.9047619047619048
PF18970	0.9306930693069307	0.693069306930693	0.900990099009901
PF12836	0.9726027397260274	0.5	0.958904109589041
PF01505	0.9649122807017544	0.6052631578947368	0.9385964912280702
PF00239	0.96	0.65	0.96
PF17760	0.9491525423728814	0.7796610169491526	0.9661016949152542
PF21525	0.9215686274509803	0.7647058823529411	0.9019607843137255
PF13753	0.92	0.42	0.92
PF09348	0.9152542372881356	0.3050847457627119	0.9152542372881356
PF03319	0.9139072847682119	0.5298013245033113	0.9139072847682119
PF04309	0.9369369369369369	0.44144144144144143	0.918918918918919
PF02203	0.9508196721311475	0.29508196721311475	0.9508196721311475
PF18137	0.9444444444444444	0.7962962962962963	0.9814814814814815
PF13005	0.9512195121951219	0.5853658536585366	0.943089430894309
PF05011	0.9186991869918699	0.4715447154471545	0.9186991869918699
PF09636	0.9	0.7	0.88
PF23991	0.9210526315789473	0.5526315789473685	0.881578947368421
PF14699	0.954954954954955	0.44144144144144143	0.954954954954955
PF02840	0.922077922077922	0.44155844155844154	0.922077922077922
PF12928	0.9262295081967213	0.5409836065573771	0.9344262295081968
PF24418	0.967032967032967	0.6043956043956044	0.945054945054945
PF08421	0.9900990099009901	0.6534653465346535	0.9306930693069307
PF16983	0.9496402877697842	0.6115107913669064	0.920863309352518
PF24095	0.9423076923076923	0.3076923076923077	0.9230769230769231
PF10046	0.9215686274509803	0.35294117647058826	0.9019607843137255
PF02252	0.98	0.48	0.98
PF21818	0.896551724137931	0.5	0.896551724137931
PF24167	0.95	0.3625	0.9625
PF13665	0.9272727272727272	0.41818181818181815	0.9272727272727272
PF08922	0.9439252336448598	0.5794392523364486	0.9345794392523364
PF00581	0.9854014598540146	0.8978102189781022	0.9781021897810219
PF12678	0.9016393442622951	0.5409836065573771	0.8688524590163934
PF03966	0.9253731343283582	0.6865671641791045	0.9552238805970149
PF12672	0.967741935483871	0.5290322580645161	0.967741935483871
PF22985	0.9078947368421053	0.5526315789473685	0.9078947368421053
PF10280	0.875	0.3	0.9125
PF07890	0.937984496124031	0.4263565891472868	0.937984496124031
PF18327	0.940677966101695	0.6610169491525424	0.9491525423728814
PF12108	0.9387755102040817	0.6122448979591837	0.9387755102040817
PF00574	0.8333333333333334	0.55	0.8833333333333333
PF24048	0.9365079365079365	0.5396825396825397	0.9682539682539683
PF02183	0.8953488372093024	0.5930232558139535	0.8604651162790697
PF20116	0.928	0.424	0.936
PF22042	0.9375	0.5125	0.9375
PF24318	0.9397590361445783	0.46987951807228917	0.9397590361445783
PF20067	0.9523809523809523	0.7301587301587301	0.9523809523809523
PF13290	0.9135802469135802	0.49382716049382713	0.9012345679012346
PF08038	0.9411764705882353	0.7450980392156863	0.9411764705882353
PF25550	0.9379310344827586	0.3931034482758621	0.9448275862068966
PF04558	0.9553571428571429	0.4642857142857143	0.9285714285714286
PF01794	0.976	0.568	0.968
PF18142	0.9083333333333333	0.5	0.9166666666666666
PF15566	0.9540816326530612	0.7091836734693877	0.9591836734693877
PF17866	0.9620253164556962	0.759493670886076	0.9620253164556962
PF07162	0.9217391304347826	0.45217391304347826	0.8869565217391304
PF23524	0.9407407407407408	0.5555555555555556	0.9481481481481482
PF20568	0.9420289855072463	0.3695652173913043	0.9492753623188406
PF13638	0.961038961038961	0.5064935064935064	0.948051948051948
PF17660	0.9575757575757575	0.5757575757575758	0.9575757575757575
PF21266	0.9411764705882353	0.6535947712418301	0.954248366013072
PF24852	0.9	0.5125	0.9125
PF25513	0.9	0.38333333333333336	0.8666666666666667
PF06825	0.9629629629629629	0.5925925925925926	0.9074074074074074
PF06150	0.9047619047619048	0.5396825396825397	0.9047619047619048
PF18651	0.9215686274509803	0.35294117647058826	0.9019607843137255
PF19104	0.9433962264150944	0.39622641509433965	0.9245283018867925
PF06886	0.9583333333333334	0.6388888888888888	0.9305555555555556
PF25593	0.9813664596273292	0.5714285714285714	0.9813664596273292
PF01225	0.917910447761194	0.41044776119402987	0.9477611940298507
PF20901	0.9420289855072463	0.6086956521739131	0.9130434782608695
PF09479	0.96875	0.7135416666666666	0.9635416666666666
PF14826	0.9465648854961832	0.4198473282442748	0.9083969465648855
PF01966	0.9407894736842105	0.5855263157894737	0.9473684210526315
PF25090	0.916083916083916	0.42657342657342656	0.9020979020979021
PF22010	0.9333333333333333	0.4121212121212121	0.9272727272727272
PF08321	0.926605504587156	0.45871559633027525	0.8990825688073395
PF01282	0.9444444444444444	0.5185185185185185	0.9351851851851852
PF02218	0.9814814814814815	0.7037037037037037	0.9444444444444444
PF01479	0.9473684210526315	0.7017543859649122	0.9473684210526315
PF05119	0.9487179487179487	0.47435897435897434	0.9487179487179487
PF24431	0.9375	0.6875	0.921875
PF19534	0.9791666666666666	0.875	0.9166666666666666
PF04957	0.9594594594594594	0.7837837837837838	0.9459459459459459
PF06073	0.9692307692307692	0.4307692307692308	0.9692307692307692
PF15779	0.9491525423728814	0.576271186440678	0.9661016949152542
PF24738	0.9538461538461539	0.5538461538461539	0.9230769230769231
PF18174	0.9824561403508771	0.43859649122807015	0.9298245614035088
PF01948	0.9510869565217391	0.46195652173913043	0.9565217391304348
PF06657	0.9452054794520548	0.5616438356164384	0.9452054794520548
PF14542	0.9612903225806452	0.632258064516129	0.9612903225806452
PF24345	0.9411764705882353	0.43137254901960786	0.934640522875817
PF14063	0.9166666666666666	0.4166666666666667	0.9333333333333333
PF23021	0.9493670886075949	0.34810126582278483	0.9430379746835443
PF00389	0.9027777777777778	0.5138888888888888	0.9166666666666666
PF05093	0.9074074074074074	0.5185185185185185	0.9259259259259259
PF00117	0.9772727272727273	0.5568181818181818	0.9659090909090909
PF05620	0.9280575539568345	0.4244604316546763	0.935251798561151
PF02577	0.9481865284974094	0.48704663212435234	0.9378238341968912
PF03944	0.9230769230769231	0.5897435897435898	0.9230769230769231
PF20147	0.9371428571428572	0.7485714285714286	0.9428571428571428
PF20549	0.9423076923076923	0.6538461538461539	0.9615384615384616
PF25554	0.890625	0.484375	0.90625
PF03956	0.9513888888888888	0.4791666666666667	0.9583333333333334
PF21404	0.9555555555555556	0.5777777777777777	0.9629629629629629
PF08561	0.9452054794520548	0.589041095890411	0.9726027397260274
PF03829	0.9107142857142857	0.5	0.9285714285714286
PF24100	0.9594594594594594	0.3783783783783784	0.9594594594594594
PF11648	0.9811320754716981	0.41509433962264153	0.9811320754716981
PF14810	0.9117647058823529	0.45588235294117646	0.9117647058823529
PF14076	0.945054945054945	0.6043956043956044	0.9560439560439561
PF00098	0.987012987012987	0.7532467532467533	0.974025974025974
PF14474	0.967741935483871	0.3225806451612903	0.956989247311828
PF07370	0.8958333333333334	0.4166666666666667	0.8958333333333334
PF25118	0.9285714285714286	0.5595238095238095	0.9107142857142857
PF10338	0.9852941176470589	0.8088235294117647	0.9705882352941176
PF00703	1.0	0.9256198347107438	0.9421487603305785
PF14204	0.9538461538461539	0.6538461538461539	0.9384615384615385
PF09793	0.9883720930232558	0.5116279069767442	0.9767441860465116
PF05421	0.96	0.36	0.94
PF11154	0.984375	0.796875	0.90625
PF25548	0.9019607843137255	0.35294117647058826	0.9215686274509803
PF13782	0.9583333333333334	0.3472222222222222	0.9722222222222222
PF08819	0.94	0.56	0.92
PF04678	0.9333333333333333	0.36	0.96
PF21546	0.8977272727272727	0.3181818181818182	0.8977272727272727
PF23352	0.912621359223301	0.4854368932038835	0.9223300970873787
PF14377	0.9580838323353293	0.6606060606060606	0.9333333333333333
PF11821	0.8666666666666667	0.29333333333333333	0.88
PF16575	0.9166666666666666	0.5	0.9305555555555556
PF07655	0.8823529411764706	0.43137254901960786	0.8823529411764706
PF07110	0.92	0.74	0.9
PF13353	0.9795918367346939	0.5918367346938775	0.9387755102040817
PF20548	0.9122807017543859	0.5087719298245614	0.9473684210526315
PF08905	0.9577464788732394	0.676056338028169	0.9436619718309859
PF06146	0.9319371727748691	0.518324607329843	0.9162303664921466
PF23581	0.9508196721311475	0.48360655737704916	0.9508196721311475
PF12656	0.9183673469387755	0.4897959183673469	0.9387755102040817
PF13384	0.9752066115702479	0.8347107438016529	0.9504132231404959
PF12757	0.92	0.41333333333333333	0.9066666666666666
PF05848	0.9078947368421053	0.5657894736842105	0.9078947368421053
PF12350	0.896551724137931	0.5517241379310345	0.896551724137931
PF13606	0.9936305732484076	0.8726114649681529	0.9808917197452229
PF02238	0.9733333333333334	0.56	0.96
PF22624	0.9298245614035088	0.6491228070175439	0.8771929824561403
PF09250	0.9195402298850575	0.5632183908045977	0.9080459770114943
PF01994	0.9117647058823529	0.5735294117647058	0.9117647058823529
PF21985	0.9473684210526315	0.6491228070175439	0.9824561403508771
PF17135	0.9491525423728814	0.5084745762711864	0.9491525423728814
PF14599	0.9368421052631579	0.6105263157894737	0.9263157894736842
PF02310	0.9324324324324325	0.6486486486486487	0.9594594594594594
PF08401	0.9647058823529412	0.5529411764705883	0.9529411764705882
PF22352	0.9130434782608695	0.5217391304347826	0.8840579710144928
PF20711	0.9516129032258065	0.4596774193548387	0.9596774193548387
PF23982	0.859375	0.5	0.859375
PF12513	0.9583333333333334	0.6458333333333334	0.9166666666666666
PF00823	0.9298245614035088	0.3508771929824561	0.9298245614035088
PF14251	0.9154929577464789	0.5633802816901409	0.9295774647887324
PF13413	0.9411764705882353	0.7294117647058823	0.9529411764705882
PF23988	0.95	0.5	0.9666666666666667
PF16258	0.948051948051948	0.4675324675324675	0.948051948051948
PF16561	0.9358974358974359	0.5769230769230769	0.9358974358974359
PF13548	0.9357798165137615	0.3761467889908257	0.9174311926605505
PF00710	0.9560439560439561	0.5164835164835165	0.967032967032967
PF08373	0.9074074074074074	0.5740740740740741	0.8703703703703703
PF17804	0.9452054794520548	0.4931506849315068	0.9315068493150684
PF17948	0.8888888888888888	0.42592592592592593	0.8888888888888888
PF12670	0.9483870967741935	0.5806451612903226	0.9419354838709677
PF00881	0.9833333333333333	0.85	0.9666666666666667
PF15430	0.9487179487179487	0.47435897435897434	0.9358974358974359
PF01300	0.9368421052631579	0.6947368421052632	0.9157894736842105
PF19871	0.9411764705882353	0.7843137254901961	0.9411764705882353
PF09581	0.9420289855072463	0.6086956521739131	0.9565217391304348
PF13307	0.9444444444444444	0.4583333333333333	0.9722222222222222
PF07943	1.0	0.5789473684210527	1.0
PF11767	0.9464285714285714	0.42857142857142855	0.9464285714285714
PF01158	0.9583333333333334	0.7083333333333334	0.9166666666666666
PF12917	0.9054054054054054	0.527027027027027	0.918918918918919
PF23406	1.0	0.4583333333333333	0.9791666666666666
PF02951	0.9438775510204082	0.4489795918367347	0.9489795918367347
PF15879	0.9571428571428572	0.5714285714285714	0.9428571428571428
PF23493	0.9537037037037037	0.7407407407407407	0.9444444444444444
PF02255	0.9548387096774194	0.6516129032258065	0.9419354838709677
PF09722	0.9712230215827338	0.6402877697841727	0.9712230215827338
PF23736	0.9090909090909091	0.3068181818181818	0.9090909090909091
PF24882	0.9512195121951219	0.5691056910569106	0.943089430894309
PF10739	0.9047619047619048	0.4126984126984127	0.9047619047619048
PF08149	0.9574468085106383	0.5	0.9574468085106383
PF11728	0.9423076923076923	0.38461538461538464	0.9615384615384616
PF06197	0.9122807017543859	0.543859649122807	0.9122807017543859
PF25387	0.8985507246376812	0.36231884057971014	0.9130434782608695
PF11152	0.92	0.18	0.9
PF03724	0.9836065573770492	0.7049180327868853	0.9836065573770492
PF23976	0.896551724137931	0.29310344827586204	0.8793103448275862
PF07441	0.97	0.56	0.95
PF18694	0.8524590163934426	0.47540983606557374	0.8688524590163934
PF01159	0.9365079365079365	0.5079365079365079	0.9523809523809523
PF02049	0.9518716577540107	0.5775401069518716	0.9572192513368984
PF14821	0.9517241379310345	0.5517241379310345	0.9448275862068966
PF01480	0.967391304347826	0.4782608695652174	0.967391304347826
PF10604	0.8941176470588236	0.5294117647058824	0.8705882352941177
PF19956	0.8701298701298701	0.6363636363636364	0.8961038961038961
PF02426	0.8620689655172413	0.5862068965517241	0.9137931034482759
PF23601	0.9508196721311475	0.6557377049180327	0.9344262295081968
PF07845	0.9838709677419355	0.3548387096774194	0.9838709677419355
PF08234	0.9672131147540983	0.639344262295082	0.9508196721311475
PF24588	0.9354838709677419	0.3741935483870968	0.9290322580645162
PF08566	0.9393939393939394	0.30303030303030304	0.9242424242424242
PF04722	0.9693877551020408	0.5714285714285714	0.9693877551020408
PF12557	0.9838709677419355	0.7419354838709677	0.967741935483871
PF12701	0.9577464788732394	0.704225352112676	0.9436619718309859
PF03871	0.937007874015748	0.5196850393700787	0.9133858267716536
PF22990	0.90625	0.515625	0.9140625
PF03364	0.956989247311828	0.5161290322580645	0.956989247311828
PF05132	0.9545454545454546	0.564935064935065	0.9545454545454546
PF04545	0.95	0.69	0.95
PF03152	0.925531914893617	0.43617021276595747	0.925531914893617
PF23651	0.8783783783783784	0.5675675675675675	0.8648648648648649
PF08606	0.971830985915493	0.5352112676056338	0.9154929577464789
PF09107	0.9379310344827586	0.6689655172413793	0.9448275862068966
PF02023	0.9463087248322147	0.5234899328859061	0.9530201342281879
PF22734	0.96	0.44	0.94
PF24347	1.0	0.6666666666666666	0.9583333333333334
PF20569	0.9574468085106383	0.39361702127659576	0.9468085106382979
PF02928	0.9540229885057471	0.5229885057471264	0.9597701149425287
PF18798	0.9649122807017544	0.5789473684210527	0.9298245614035088
PF05228	0.9629629629629629	0.7037037037037037	0.9351851851851852
PF13426	0.9803921568627451	0.7941176470588235	0.9705882352941176
PF25170	0.9701492537313433	0.6119402985074627	0.9701492537313433
PF08265	0.9707602339181286	0.6666666666666666	0.9473684210526315
PF08648	0.9726027397260274	0.589041095890411	0.9726027397260274
PF21762	0.9565217391304348	0.3115942028985507	0.9710144927536232
PF20921	0.9620253164556962	0.35443037974683544	0.9493670886075949
PF11211	0.9811320754716981	0.4716981132075472	0.9622641509433962
PF09447	0.8979591836734694	0.4489795918367347	0.8979591836734694
PF25306	0.8985507246376812	0.36231884057971014	0.8985507246376812
PF12440	0.9327731092436975	0.3865546218487395	0.9411764705882353
PF05443	0.9007633587786259	0.3435114503816794	0.9083969465648855
PF03703	0.9230769230769231	0.6923076923076923	0.9010989010989011
PF03235	0.9532163742690059	0.7660818713450293	0.9298245614035088
PF04096	0.9390243902439024	0.4146341463414634	0.9451219512195121
PF20638	0.9408284023668639	0.5443786982248521	0.9585798816568047
PF04800	0.9508196721311475	0.45081967213114754	0.9508196721311475
PF08740	0.9390862944162437	0.39593908629441626	0.9390862944162437
PF03330	0.9759036144578314	0.4819277108433735	0.9518072289156626
PF22827	0.9352941176470588	0.6176470588235294	0.9352941176470588
PF21202	0.95	0.6375	0.93125
PF20405	0.9690721649484536	0.6597938144329897	0.9690721649484536
PF24767	0.9655172413793104	0.5862068965517241	0.9310344827586207
PF11938	0.8833333333333333	0.2833333333333333	0.8833333333333333
PF08418	0.9866666666666667	0.6666666666666666	0.9733333333333334
PF04874	0.9278350515463918	0.5463917525773195	0.9381443298969072
PF07810	0.9571428571428572	0.4857142857142857	0.9285714285714286
PF07527	0.9358974358974359	0.6666666666666666	0.9615384615384616
PF24537	0.9562043795620438	0.7737226277372263	0.927007299270073
PF20465	0.9518716577540107	0.5668449197860963	0.9518716577540107
PF23560	0.9261744966442953	0.4966442953020134	0.912751677852349
PF11273	0.9655172413793104	0.5689655172413793	0.9655172413793104
PF24463	0.9146341463414634	0.6341463414634146	0.8780487804878049
PF12320	0.9548022598870056	0.5875706214689266	0.9209039548022598
PF13442	0.9396551724137931	0.6206896551724138	0.9137931034482759
PF17956	0.8923076923076924	0.6923076923076923	0.9384615384615385
PF01776	0.9534883720930233	0.5116279069767442	0.9534883720930233
PF04541	0.9375	0.2916666666666667	0.9166666666666666
PF19886	0.9272727272727272	0.6545454545454545	0.9272727272727272
PF07409	0.96	0.5066666666666667	0.9866666666666667
PF07391	0.9565217391304348	0.8804347826086957	0.9021739130434783
PF22061	0.9672131147540983	0.7786885245901639	0.9672131147540983
PF02210	0.937007874015748	0.5354330708661418	0.9448818897637795
PF05017	0.946236559139785	0.9032258064516129	0.946236559139785
PF24567	0.95	0.45	0.95
PF04347	0.965034965034965	0.6083916083916084	0.951048951048951
PF06757	0.8970588235294118	0.36764705882352944	0.8382352941176471
PF16732	0.9259259259259259	0.7407407407407407	0.9259259259259259
PF07626	0.9538461538461539	0.5384615384615384	0.9538461538461539
PF24621	0.9393939393939394	0.5	0.9090909090909091
PF10057	0.9583333333333334	0.5	0.9583333333333334
PF07007	0.984375	0.6953125	0.9765625
PF03445	0.9322033898305084	0.5423728813559322	0.8983050847457628
PF03764	0.9833333333333333	0.31666666666666665	0.9833333333333333
PF10937	0.9411764705882353	0.5882352941176471	0.9411764705882353
PF11701	0.9333333333333333	0.5222222222222223	0.9222222222222223
PF24590	0.9306930693069307	0.44554455445544555	0.9207920792079208
PF09368	0.9534883720930233	0.6511627906976745	0.9418604651162791
PF16586	0.9516129032258065	0.5645161290322581	0.9193548387096774
PF14238	0.9344262295081968	0.7213114754098361	0.9836065573770492
PF16078	0.9388888888888889	0.5777777777777777	0.9444444444444444
PF18719	0.9574468085106383	0.648936170212766	0.9361702127659575
PF00014	0.9896907216494846	0.7422680412371134	0.979381443298969
PF09350	0.9127906976744186	0.5348837209302325	0.8953488372093024
PF13875	0.9066666666666666	0.37333333333333335	0.92
PF13523	0.9463087248322147	0.5503355704697986	0.912751677852349
PF18946	0.9705882352941176	0.8676470588235294	0.9411764705882353
PF20127	0.8823529411764706	0.2647058823529412	0.8823529411764706
PF02769	0.9829059829059829	0.452991452991453	0.9743589743589743
PF05922	0.9852941176470589	0.6029411764705882	0.9705882352941176
PF16694	0.9629629629629629	0.37037037037037035	0.9629629629629629
PF19912	0.9487179487179487	0.47435897435897434	0.9230769230769231
PF01850	0.9603960396039604	0.6831683168316832	0.9504950495049505
PF04176	0.9596774193548387	0.46774193548387094	0.9516129032258065
PF21280	0.9154929577464789	0.4225352112676056	0.8732394366197183
PF07521	0.9620253164556962	0.7341772151898734	0.9746835443037974
PF24036	0.9369369369369369	0.5135135135135135	0.9279279279279279
PF14769	0.96	0.52	0.94
PF04403	0.9222797927461139	0.41968911917098445	0.9067357512953368
PF00216	0.9456521739130435	0.7934782608695652	0.9130434782608695
PF22618	0.9385964912280702	0.5175438596491229	0.9385964912280702
PF02145	0.9119170984455959	0.37305699481865284	0.917098445595855
PF23662	0.9137931034482759	0.6724137931034483	0.9137931034482759
PF12878	1.0	0.359375	1.0
PF04079	0.9418604651162791	0.5	0.9418604651162791
PF21885	0.9655172413793104	0.6206896551724138	0.9482758620689655
PF25330	0.978021978021978	0.5274725274725275	0.978021978021978
PF01761	0.9436619718309859	0.49295774647887325	0.9436619718309859
PF25393	0.944954128440367	0.5871559633027523	0.9174311926605505
PF13913	0.9767441860465116	0.6627906976744186	0.9883720930232558
PF14608	0.9577464788732394	0.7887323943661971	0.971830985915493
PF23209	0.9324324324324325	0.49324324324324326	0.9256756756756757
PF11762	0.8936170212765957	0.4148936170212766	0.8936170212765957
PF19302	0.8970588235294118	0.5735294117647058	0.9117647058823529
PF19686	0.9649122807017544	0.5087719298245614	0.9473684210526315
PF25826	0.9504132231404959	0.5619834710743802	0.9504132231404959
PF06849	0.9206349206349206	0.4444444444444444	0.9365079365079365
PF25205	0.9659090909090909	0.5340909090909091	0.9431818181818182
PF02344	0.9225352112676056	0.7622950819672131	0.9180327868852459
PF23713	0.9322033898305084	0.5254237288135594	0.9322033898305084
PF20120	0.9583333333333334	0.5277777777777778	0.9722222222222222
PF20109	0.9375	0.671875	0.9453125
PF02297	0.8727272727272727	0.7090909090909091	0.8909090909090909
PF12345	0.9387755102040817	0.5714285714285714	0.9183673469387755
PF25435	0.9324324324324325	0.3108108108108108	0.9324324324324325
PF22946	0.9615384615384616	0.40384615384615385	0.9615384615384616
PF24479	0.9632352941176471	0.7132352941176471	0.9558823529411765
PF04083	0.9795918367346939	0.46938775510204084	0.9795918367346939
PF08122	0.9333333333333333	0.5466666666666666	0.9466666666666667
PF23300	0.9313725490196079	0.43137254901960786	0.9509803921568627
PF08768	0.9606299212598425	0.4015748031496063	0.9606299212598425
PF18126	0.9304347826086956	0.46956521739130436	0.9217391304347826
PF00570	0.9787234042553191	0.7553191489361702	0.9574468085106383
PF19099	0.9101123595505618	0.5617977528089888	0.9101123595505618
PF03734	0.9625	0.74375	0.95625
PF11298	0.9705882352941176	0.5441176470588235	0.9852941176470589
PF01096	0.9659090909090909	0.7159090909090909	0.9318181818181818
PF10298	0.9285714285714286	0.5714285714285714	0.9107142857142857
PF04438	0.9634146341463414	0.7195121951219512	0.9512195121951219
PF23664	0.9605263157894737	0.4934210526315789	0.9736842105263158
PF22554	0.8813559322033898	0.5423728813559322	0.8813559322033898
PF01248	1.0	0.4375	0.9791666666666666
PF08578	0.95	0.3875	0.95
PF24891	0.8823529411764706	0.6274509803921569	0.8823529411764706
PF09210	0.91	0.56	0.91
PF00254	0.967741935483871	0.6129032258064516	0.9758064516129032
PF05630	0.9212598425196851	0.3779527559055118	0.9291338582677166
PF06522	0.9047619047619048	0.5079365079365079	0.9206349206349206
PF02939	0.9894736842105263	0.5157894736842106	0.968421052631579
PF22733	0.9424460431654677	0.5899280575539568	0.9136690647482014
PF10636	0.9538461538461539	0.6307692307692307	0.9538461538461539
PF04359	0.9366197183098591	0.4647887323943662	0.9436619718309859
PF18087	0.9710144927536232	0.42028985507246375	0.9565217391304348
PF05046	0.9153846153846154	0.5153846153846153	0.9461538461538461
PF00689	0.9541984732824428	0.732824427480916	0.9694656488549618
PF20228	0.9615384615384616	0.6153846153846154	0.9230769230769231
PF09996	0.9344262295081968	0.5081967213114754	0.9180327868852459
PF14742	0.944	0.424	0.944
PF01194	0.9438202247191011	0.550561797752809	0.9550561797752809
PF13299	0.9285714285714286	0.5	0.9047619047619048
PF13331	0.9455782312925171	0.6258503401360545	0.9387755102040817
PF01087	0.95	0.4	0.95
PF21934	0.9452054794520548	0.5616438356164384	0.9041095890410958
PF11066	0.8961038961038961	0.5324675324675324	0.8571428571428571
PF25100	0.935672514619883	0.5029239766081871	0.935672514619883
PF03057	0.96	0.73	0.96
PF01191	0.984375	0.5546875	0.96875
PF25481	0.9495798319327731	0.46218487394957986	0.9243697478991597
PF20167	0.9145299145299145	0.5726495726495726	0.9230769230769231
PF04927	0.9493670886075949	0.4936708860759494	0.9367088607594937
PF00179	0.8870967741935484	0.45161290322580644	0.8870967741935484
PF08552	0.9076923076923077	0.3230769230769231	0.8923076923076924
PF14520	0.9559748427672956	0.7735849056603774	0.9433962264150944
PF25057	0.9361702127659575	0.375886524822695	0.9574468085106383
PF12423	0.9230769230769231	0.6730769230769231	0.9615384615384616
PF03836	0.9326923076923077	0.5480769230769231	0.9326923076923077
PF07411	0.9731543624161074	0.6375838926174496	0.959731543624161
PF24630	0.9333333333333333	0.4533333333333333	0.9333333333333333
PF22951	0.9752066115702479	0.4793388429752066	0.9421487603305785
PF02882	0.9726027397260274	0.4246575342465753	0.9726027397260274
PF01749	0.9423076923076923	0.44871794871794873	0.9423076923076923
PF24813	0.9444444444444444	0.5185185185185185	0.9444444444444444
PF08539	0.9411764705882353	0.5588235294117647	0.9411764705882353
PF06988	0.8846153846153846	0.5769230769230769	0.9423076923076923
PF04934	0.9444444444444444	0.4722222222222222	0.9444444444444444
PF20084	0.9555555555555556	0.4777777777777778	0.9666666666666667
PF10346	0.9477611940298507	0.6865671641791045	0.9402985074626866
PF18777	0.9512195121951219	0.8048780487804879	0.9146341463414634
PF14552	0.9230769230769231	0.46153846153846156	0.9038461538461539
PF05240	0.890625	0.546875	0.890625
PF05545	0.9807692307692307	0.5	0.9423076923076923
PF04993	0.9404761904761905	0.47619047619047616	0.9404761904761905
PF10031	0.9661016949152542	0.711864406779661	0.9152542372881356
PF07202	0.9545454545454546	0.6666666666666666	0.9545454545454546
PF01522	0.9242424242424242	0.5909090909090909	0.9090909090909091
PF21016	0.9694656488549618	0.7099236641221374	0.9694656488549618
PF00280	0.9428571428571428	0.5714285714285714	0.9428571428571428
PF25421	0.9528301886792453	0.5377358490566038	0.9433962264150944
PF15456	0.9113924050632911	0.34177215189873417	0.8860759493670886
PF20498	0.9636363636363636	0.5636363636363636	0.9636363636363636
PF08239	0.9545454545454546	0.7727272727272727	0.9454545454545454
PF11626	0.9264705882352942	0.6470588235294118	0.9411764705882353
PF05656	0.9545454545454546	0.7727272727272727	0.9363636363636364
PF14376	0.9848484848484849	0.3787878787878788	0.9696969696969697
PF08512	0.9213483146067416	0.47191011235955055	0.9101123595505618
PF25304	0.9393939393939394	0.5378787878787878	0.9545454545454546
PF08066	0.9508196721311475	0.45081967213114754	0.9344262295081968
PF00350	0.8852459016393442	0.39344262295081966	0.8852459016393442
PF14177	0.9496402877697842	0.2949640287769784	0.9568345323741008
PF00134	0.9555555555555556	0.45555555555555555	0.9444444444444444
PF14683	0.9243697478991597	0.37815126050420167	0.9243697478991597
PF18592	0.9858156028368794	0.6312056737588653	0.9716312056737588
PF04795	0.863013698630137	0.4246575342465753	0.8493150684931506
PF25059	0.8666666666666667	0.5333333333333333	0.8857142857142857
PF21096	0.9663865546218487	0.7226890756302521	0.9663865546218487
PF01973	0.8888888888888888	0.5370370370370371	0.8703703703703703
PF24581	0.9461538461538461	0.5153846153846153	0.9307692307692308
PF24054	0.9645390070921985	0.4326241134751773	0.9574468085106383
PF02351	0.9245283018867925	0.4339622641509434	0.9433962264150944
PF21302	0.967741935483871	0.7419354838709677	0.967741935483871
PF19827	0.94	0.34	0.88
PF25783	0.9016393442622951	0.29508196721311475	0.8852459016393442
PF22200	0.9482758620689655	0.3620689655172414	0.9137931034482759
PF25071	0.9298245614035088	0.3684210526315789	0.8947368421052632
PF16547	0.9629629629629629	0.48148148148148145	0.9259259259259259
PF19583	0.9426229508196722	0.38524590163934425	0.9590163934426229
PF21528	0.9065420560747663	0.7289719626168224	0.9626168224299065
PF24703	0.9150943396226415	0.5094339622641509	0.9056603773584906
PF20974	0.9519230769230769	0.5384615384615384	0.9519230769230769
PF05001	0.9090909090909091	0.8051948051948052	0.9090909090909091
PF18004	0.987012987012987	0.45454545454545453	0.935064935064935
PF23287	0.984375	0.578125	0.984375
PF04925	0.8727272727272727	0.6545454545454545	0.8727272727272727
PF05299	0.9393939393939394	0.3333333333333333	0.9696969696969697
PF08315	0.9067796610169492	0.5338983050847458	0.940677966101695
PF25637	0.946236559139785	0.4838709677419355	0.9408602150537635
PF08063	0.9142857142857143	0.5714285714285714	0.9285714285714286
PF12585	0.961038961038961	0.5714285714285714	0.948051948051948
PF23003	0.925	0.5625	0.95
PF04037	0.9393939393939394	0.5909090909090909	0.9242424242424242
PF17207	0.949438202247191	0.5786516853932584	0.949438202247191
PF00263	0.9736842105263158	0.618421052631579	0.9605263157894737
PF00289	0.9753086419753086	0.7160493827160493	0.9259259259259259
PF24925	0.9305555555555556	0.5138888888888888	0.9166666666666666
PF07209	0.8983050847457628	0.4745762711864407	0.8983050847457628
PF03199	0.9347826086956522	0.375	0.9239130434782609
PF22298	0.9210526315789473	0.39473684210526316	0.9210526315789473
PF03888	0.9746835443037974	0.3037974683544304	0.9746835443037974
PF20146	0.9565217391304348	0.6739130434782609	0.9347826086956522
PF23094	0.9380530973451328	0.5132743362831859	0.9380530973451328
PF04686	0.9259259259259259	0.5061728395061729	0.9382716049382716
PF23627	0.9476439790575916	0.7486910994764397	0.9267015706806283
PF18698	0.9367088607594937	0.46835443037974683	0.9113924050632911
PF03485	0.978494623655914	0.7311827956989247	0.967741935483871
PF14345	0.891566265060241	0.5662650602409639	0.8795180722891566
PF00072	0.96	0.86	0.92
PF14912	0.953125	0.46875	0.921875
PF17050	0.9239130434782609	0.5217391304347826	0.8804347826086957
PF23097	0.9764705882352941	0.7294117647058823	0.9764705882352941
PF12248	0.9	0.44	0.92
PF09792	0.868421052631579	0.47368421052631576	0.868421052631579
PF24991	0.9230769230769231	0.44871794871794873	0.9358974358974359
PF04658	0.9035087719298246	0.47368421052631576	0.9122807017543859
PF20637	0.9540229885057471	0.5172413793103449	0.9310344827586207
PF20174	0.9351851851851852	0.5462962962962963	0.9351851851851852
PF12643	0.875	0.375	0.875
PF19746	0.9	0.6	0.9222222222222223
PF04068	0.9682539682539683	0.6507936507936508	0.9523809523809523
PF19733	0.9340659340659341	0.5934065934065934	0.9120879120879121
PF16837	0.9696969696969697	0.5075757575757576	0.9696969696969697
PF10371	0.9716981132075472	0.6981132075471698	0.9622641509433962
PF04930	0.9903846153846154	0.5192307692307693	0.9711538461538461
PF20543	0.9259259259259259	0.4567901234567901	0.9012345679012346
PF01929	0.952	0.488	0.952
PF11377	0.9176470588235294	0.4588235294117647	0.9294117647058824
PF23351	0.9791666666666666	0.6666666666666666	0.9375
PF06884	0.9473684210526315	0.37894736842105264	0.9473684210526315
PF21370	0.9473684210526315	0.6447368421052632	0.9473684210526315
PF10290	0.9333333333333333	0.5222222222222223	0.9333333333333333
PF08278	0.9508196721311475	0.4016393442622951	0.9426229508196722
PF20660	0.8831168831168831	0.6753246753246753	0.8701298701298701
PF10105	0.9583333333333334	0.4895833333333333	0.9583333333333334
PF06480	0.9539473684210527	0.8157894736842105	0.9078947368421053
PF17727	0.968421052631579	0.5578947368421052	0.9578947368421052
PF09759	0.96	0.5333333333333333	0.9733333333333334
PF14209	0.9285714285714286	0.6428571428571429	0.9142857142857143
PF13604	0.95	0.3125	0.95
PF08388	0.971830985915493	0.676056338028169	0.9859154929577465
PF16978	0.9545454545454546	0.4090909090909091	0.9659090909090909
PF12543	0.9230769230769231	0.5384615384615384	0.9076923076923077
PF20704	0.9390243902439024	0.5121951219512195	0.9390243902439024
PF02627	0.94375	0.5125	0.95
PF16891	0.946524064171123	0.6363636363636364	0.9251336898395722
PF08603	0.9461538461538461	0.36153846153846153	0.9307692307692308
PF24724	0.9272727272727272	0.2909090909090909	0.9272727272727272
PF04784	0.9593023255813954	0.4418604651162791	0.9534883720930233
PF24160	0.9310344827586207	0.3620689655172414	0.9310344827586207
PF09696	0.8983050847457628	0.4915254237288136	0.9152542372881356
PF21077	0.8780487804878049	0.6707317073170732	0.9146341463414634
PF15519	0.9259259259259259	0.5555555555555556	0.9135802469135802
PF11297	0.8867924528301887	0.660377358490566	0.9245283018867925
PF08522	0.9647887323943662	0.5563380281690141	0.9366197183098591
PF02441	0.9358974358974359	0.5128205128205128	0.9615384615384616
PF22531	0.9351851851851852	0.37037037037037035	0.9259259259259259
PF25535	0.9558823529411765	0.5294117647058824	0.9558823529411765
PF24377	0.8627450980392157	0.5882352941176471	0.8627450980392157
PF10263	0.9183673469387755	0.42857142857142855	0.9183673469387755
PF23254	0.9539473684210527	0.6578947368421053	0.9407894736842105
PF14311	0.9523809523809523	0.7006802721088435	0.9251700680272109
PF08295	0.9523809523809523	0.6071428571428571	0.9285714285714286
PF16922	0.9705882352941176	0.5441176470588235	0.9558823529411765
PF13181	0.9662921348314607	0.8764044943820225	0.9438202247191011
PF17774	0.8518518518518519	0.48148148148148145	0.8888888888888888
PF01816	0.9629629629629629	0.8333333333333334	0.9074074074074074
PF18726	0.94	0.5	0.96
PF24575	0.9425287356321839	0.41379310344827586	0.9655172413793104
PF02816	0.9230769230769231	0.41025641025641024	0.9166666666666666
PF01113	0.9578947368421052	0.4105263157894737	0.9473684210526315
PF13707	0.9431818181818182	0.5227272727272727	0.9204545454545454
PF13330	0.9607843137254902	0.5686274509803921	0.9705882352941176
PF02470	0.959349593495935	0.6178861788617886	0.9512195121951219
PF03989	0.9789473684210527	0.7210526315789474	0.9631578947368421
PF05493	0.9230769230769231	0.46153846153846156	0.9230769230769231
PF10785	1.0	0.5352112676056338	1.0
PF11716	0.9423076923076923	0.6346153846153846	0.8653846153846154
PF17802	0.9534883720930233	0.7790697674418605	0.9302325581395349
PF14306	0.8909090909090909	0.2545454545454545	0.8727272727272727
PF01858	0.8235294117647058	0.43137254901960786	0.8235294117647058
PF00169	0.944954128440367	0.7614678899082569	0.926605504587156
PF21317	0.8958333333333334	0.3125	0.8958333333333334
PF12323	0.961038961038961	0.5324675324675324	0.961038961038961
PF07496	0.9772727272727273	0.49242424242424243	0.9696969696969697
PF04361	0.8985507246376812	0.4492753623188406	0.8840579710144928
PF00173	0.9102564102564102	0.46153846153846156	0.9358974358974359
PF11007	0.96	0.688	0.952
PF14899	0.9375	0.5208333333333334	0.9166666666666666
PF05347	0.95625	0.56875	0.94375
PF18092	0.9104477611940298	0.4925373134328358	0.9253731343283582
PF01412	0.918918918918919	0.6666666666666666	0.9279279279279279
PF04072	0.9325842696629213	0.3258426966292135	0.898876404494382
PF03741	1.0	0.5094339622641509	0.9811320754716981
PF13852	0.9239130434782609	0.41304347826086957	0.8913043478260869
PF21274	0.9017857142857143	0.6785714285714286	0.8928571428571429
PF10181	0.9545454545454546	0.5909090909090909	0.9318181818181818
PF00660	0.9272727272727272	0.4727272727272727	0.9454545454545454
PF22337	0.9541284403669725	0.6038647342995169	0.893719806763285
PF22947	0.9272727272727272	0.5272727272727272	0.9363636363636364
PF19762	0.9619047619047619	0.5142857142857142	0.9428571428571428
PF08837	0.9315068493150684	0.4520547945205479	0.9178082191780822
PF05026	0.9651162790697675	0.5813953488372093	0.9534883720930233
PF05486	0.9431818181818182	0.625	0.9659090909090909
PF05166	1.0	0.7962962962962963	0.9814814814814815
PF03468	0.953125	0.453125	0.953125
PF20981	0.9431818181818182	0.4318181818181818	0.9545454545454546
PF13482	0.9038461538461539	0.40384615384615385	0.9038461538461539
PF08544	0.9907407407407407	0.9166666666666666	0.9722222222222222
PF11452	0.9230769230769231	0.46153846153846156	0.9384615384615385
PF00270	0.9553072625698324	0.5307262569832403	0.9441340782122905
PF00953	0.9591836734693877	0.7959183673469388	0.9387755102040817
PF24905	0.9516129032258065	0.5	0.9193548387096774
PF06971	0.9774011299435028	0.5480225988700564	0.9717514124293786
PF19807	0.9552238805970149	0.5671641791044776	0.9701492537313433
PF17318	0.92	0.7	0.92
PF17855	0.9814814814814815	0.6111111111111112	0.8703703703703703
PF23722	0.975609756097561	0.6829268292682927	0.926829268292683
PF19586	0.9333333333333333	0.6	0.8833333333333333
PF13778	0.8833333333333333	0.48333333333333334	0.8666666666666667
PF23857	0.9375	0.48214285714285715	0.9375
PF08611	1.0	0.3673469387755102	1.0
PF09409	0.9090909090909091	0.5454545454545454	0.8831168831168831
PF04603	0.9230769230769231	0.5299145299145299	0.9145299145299145
PF18922	0.970873786407767	0.7087378640776699	0.941747572815534
PF08534	0.9387755102040817	0.4489795918367347	0.9183673469387755
PF11818	0.9754098360655737	0.5245901639344263	0.9754098360655737
PF23132	0.9469026548672567	0.504424778761062	0.9380530973451328
PF19809	0.9922480620155039	0.5658914728682171	0.9689922480620154
PF18953	0.96	0.63	0.94
PF06699	0.9342105263157895	0.3157894736842105	0.9342105263157895
PF09340	0.9491525423728814	0.5677966101694916	0.923728813559322
PF00781	0.9306930693069307	0.504950495049505	0.9306930693069307
PF09597	0.9315068493150684	0.4931506849315068	0.9315068493150684
PF18718	0.9669421487603306	0.45454545454545453	0.9669421487603306
PF13562	0.875	0.625	0.875
PF05591	0.9634146341463414	0.2804878048780488	0.9390243902439024
PF14801	0.968421052631579	0.6684210526315789	0.9578947368421052
PF06775	0.8918918918918919	0.3153153153153153	0.8918918918918919
PF13386	0.9344262295081968	0.4098360655737705	0.9344262295081968
PF11387	0.9019607843137255	0.5686274509803921	0.9411764705882353
PF25095	0.98	0.86	0.94
PF04364	0.9254658385093167	0.42857142857142855	0.9254658385093167
PF23704	0.948051948051948	0.5324675324675324	0.948051948051948
PF19673	0.9393939393939394	0.3838383838383838	0.9494949494949495
PF24384	0.9238095238095239	0.8761904761904762	0.9333333333333333
PF02814	0.9166666666666666	0.6333333333333333	0.9166666666666666
PF25461	0.9565217391304348	0.6413043478260869	0.9130434782608695
PF24093	0.9259259259259259	0.5370370370370371	0.8888888888888888
PF25280	0.9166666666666666	0.4791666666666667	0.9375
PF15891	0.9714285714285714	0.45714285714285713	0.9571428571428572
PF07061	0.9629629629629629	0.2962962962962963	0.9259259259259259
PF22615	0.9655172413793104	0.7379310344827587	0.9793103448275862
PF10775	0.9	0.44285714285714284	0.9
PF03572	0.9339622641509434	0.42452830188679247	0.9245283018867925
PF20478	0.9183673469387755	0.46938775510204084	0.8979591836734694
PF25164	0.9526627218934911	0.8461538461538461	0.9467455621301775
PF23148	0.9515151515151515	0.6424242424242425	0.9333333333333333
PF06223	0.9042553191489362	0.5957446808510638	0.925531914893617
PF09997	0.9230769230769231	0.48717948717948717	0.8974358974358975
PF18602	0.9727272727272728	0.8363636363636363	0.9727272727272728
PF14824	0.961038961038961	0.7272727272727273	0.948051948051948
PF12325	0.918918918918919	0.47297297297297297	0.918918918918919
PF13538	0.9629629629629629	0.6111111111111112	0.9444444444444444
PF16331	0.875	0.5208333333333334	0.875
PF13679	0.9122807017543859	0.21052631578947367	0.9122807017543859
PF07947	0.9454545454545454	0.6363636363636364	0.9272727272727272
PF08375	0.9824561403508771	0.7719298245614035	0.9649122807017544
PF05669	0.9850746268656716	0.40298507462686567	0.9701492537313433
PF10568	0.9609375	0.4453125	0.9453125
PF13239	0.9603960396039604	0.693069306930693	0.9801980198019802
PF24642	0.8736842105263158	0.37894736842105264	0.8631578947368421
PF23654	0.950354609929078	0.5035460992907801	0.9574468085106383
PF20014	0.9	0.4625	0.925
PF10197	0.9727272727272728	0.6454545454545455	0.9545454545454546
PF14018	0.8833333333333333	0.4666666666666667	0.8833333333333333
PF23138	0.935064935064935	0.5064935064935064	0.922077922077922
PF19360	0.9375	0.5125	0.9375
PF00605	0.9272727272727272	0.34545454545454546	0.9636363636363636
PF20032	0.96	0.46	0.96
PF13689	0.9292929292929293	0.5959595959595959	0.9393939393939394
PF21788	0.9290322580645162	0.41935483870967744	0.896774193548387
PF05050	0.9777777777777777	0.6888888888888889	0.9333333333333333
PF23602	0.9405940594059405	0.5841584158415841	0.9405940594059405
PF03621	0.9769230769230769	0.6692307692307692	0.9384615384615385
PF22763	0.9746835443037974	0.6708860759493671	0.9493670886075949
PF13808	0.9157894736842105	0.5368421052631579	0.9368421052631579
PF01345	0.9473684210526315	0.8421052631578947	0.9473684210526315
PF12667	0.9795918367346939	0.6530612244897959	0.9183673469387755
PF14522	0.9305555555555556	0.4444444444444444	0.9027777777777778
PF23603	0.9651162790697675	0.7093023255813954	0.9418604651162791
PF16541	0.9090909090909091	0.32727272727272727	0.9454545454545454
PF07989	0.9305555555555556	0.5416666666666666	0.9305555555555556
PF00827	0.8961038961038961	0.4805194805194805	0.8701298701298701
PF13041	0.9719101123595506	0.702247191011236	0.9606741573033708
PF03665	0.8918918918918919	0.44594594594594594	0.8918918918918919
PF14230	0.9259259259259259	0.5370370370370371	0.9259259259259259
PF10724	0.9701492537313433	0.43283582089552236	0.9701492537313433
PF25092	0.9333333333333333	0.6166666666666667	0.9333333333333333
PF12223	0.9795918367346939	0.4897959183673469	0.9387755102040817
PF09769	0.968421052631579	0.28421052631578947	0.9578947368421052
PF10342	0.9508196721311475	0.5737704918032787	0.9672131147540983
PF09394	0.989010989010989	0.7472527472527473	0.9560439560439561
PF09783	0.9315068493150684	0.4246575342465753	0.9041095890410958
PF24649	0.9473684210526315	0.7631578947368421	0.9605263157894737
PF02820	0.9581151832460733	0.43455497382198954	0.9476439790575916
PF24994	0.9558823529411765	0.4852941176470588	0.9117647058823529
PF17186	0.9387755102040817	0.5510204081632653	0.8775510204081632
PF22258	0.9416058394160584	0.5693430656934306	0.927007299270073
PF23631	0.9146341463414634	0.45121951219512196	0.9390243902439024
PF14105	0.9253731343283582	0.7313432835820896	0.9104477611940298
PF03206	0.9642857142857143	0.7857142857142857	0.9464285714285714
PF09148	0.9606741573033708	0.8595505617977528	0.9662921348314607
PF04239	0.9428571428571428	0.4095238095238095	0.9428571428571428
PF22919	0.9789473684210527	0.5263157894736842	0.9578947368421052
PF02604	0.9636363636363636	0.7090909090909091	0.9818181818181818
PF11612	0.9206349206349206	0.5238095238095238	0.9047619047619048
PF19078	0.8823529411764706	0.5882352941176471	0.8627450980392157
PF06676	0.935064935064935	0.4155844155844156	0.935064935064935
PF08293	0.9693877551020408	0.6020408163265306	0.9489795918367347
PF04676	0.9206349206349206	0.46825396825396826	0.9047619047619048
PF02109	0.91	0.49	0.92
PF01423	0.9272727272727272	0.6	0.9181818181818182
PF20438	0.9457364341085271	0.3875968992248062	0.9457364341085271
PF13188	0.9736842105263158	0.8842105263157894	0.9578947368421052
PF25791	0.9466666666666667	0.4	0.9333333333333333
PF09182	0.9104477611940298	0.6119402985074627	0.8955223880597015
PF23759	0.9552238805970149	0.373134328358209	0.9701492537313433
PF04446	0.9548387096774194	0.47096774193548385	0.967741935483871
PF09087	0.9661016949152542	0.4745762711864407	0.9152542372881356
PF19133	0.9382716049382716	0.5555555555555556	0.9259259259259259
PF23996	0.9411764705882353	0.5294117647058824	0.9215686274509803
PF08064	0.9719626168224299	0.5700934579439252	0.9626168224299065
PF24914	0.9175257731958762	0.7731958762886598	0.9175257731958762
PF09468	0.9875	0.5875	0.975
PF11028	0.9113924050632911	0.4810126582278481	0.9240506329113924
PF06458	0.951048951048951	0.6293706293706294	0.9300699300699301
PF16752	0.8703703703703703	0.42592592592592593	0.8333333333333334
PF14856	0.8953488372093024	0.5	0.872093023255814
PF21896	0.8666666666666667	0.5666666666666667	0.8666666666666667
PF22905	0.9142857142857143	0.24285714285714285	0.9
PF00359	0.9733333333333334	0.8133333333333334	0.9333333333333333
PF25218	0.9393939393939394	0.42424242424242425	0.9494949494949495
PF11662	0.9583333333333334	0.6666666666666666	0.9791666666666666
PF02704	0.9577464788732394	0.5211267605633803	0.9577464788732394
PF03382	0.9444444444444444	0.7777777777777778	0.8703703703703703
PF23708	0.9452054794520548	0.3013698630136986	0.9726027397260274
PF07799	1.0	0.5964912280701754	0.9824561403508771
PF14246	0.9818181818181818	0.5454545454545454	0.9818181818181818
PF08167	0.9024390243902439	0.35365853658536583	0.9146341463414634
PF25498	0.944	0.584	0.936
PF04969	0.859375	0.46875	0.890625
PF14231	0.9402985074626866	0.5671641791044776	0.9552238805970149
PF09811	0.9259259259259259	0.5925925925925926	0.9259259259259259
PF21342	0.928	0.536	0.872
PF09190	0.9180327868852459	0.7540983606557377	0.9508196721311475
PF12104	0.8536585365853658	0.7757009345794392	0.9158878504672897
PF21099	0.9310344827586207	0.3448275862068966	0.896551724137931
PF11174	0.9259259259259259	0.7407407407407407	0.9259259259259259
PF23057	0.9333333333333333	0.6666666666666666	0.9333333333333333
PF23421	0.9764705882352941	0.4235294117647059	0.9764705882352941
PF06210	0.9380530973451328	0.6283185840707964	0.9557522123893806
PF03899	0.9166666666666666	0.625	0.9305555555555556
PF23233	0.90625	0.46875	0.89375
PF01284	0.8953488372093024	0.5	0.8953488372093024
PF21787	0.940677966101695	0.3813559322033898	0.9491525423728814
PF06973	0.9387755102040817	0.2653061224489796	0.9591836734693877
PF06568	0.9411764705882353	0.7294117647058823	0.9294117647058824
PF24416	0.9411764705882353	0.4852941176470588	0.9705882352941176
PF13513	0.9572649572649573	0.7094017094017094	0.9401709401709402
PF10780	0.9625	0.3625	0.95
PF14369	0.9433962264150944	0.5849056603773585	0.9622641509433962
PF10163	0.9767441860465116	0.5116279069767442	0.9767441860465116
PF00122	0.9259259259259259	0.6296296296296297	0.9444444444444444
PF18053	0.9271523178807947	0.5099337748344371	0.9139072847682119
PF22782	0.9368421052631579	0.5789473684210527	0.9315789473684211
PF21315	0.9322033898305084	0.7288135593220338	0.9491525423728814
PF19148	0.953125	0.59375	0.953125
PF01658	0.9065420560747663	0.4672897196261682	0.8878504672897196
PF05051	0.9764705882352941	0.5764705882352941	0.9647058823529412
PF08743	0.9393939393939394	0.42424242424242425	0.9333333333333333
PF23043	0.9807692307692307	0.5192307692307693	0.9615384615384616
PF10233	0.9444444444444444	0.3472222222222222	0.9444444444444444
PF18129	0.9292929292929293	0.5959595959595959	0.9393939393939394
PF17832	0.9807692307692307	0.7307692307692307	0.9807692307692307
PF03493	0.9310344827586207	0.3620689655172414	0.9310344827586207
PF17751	0.9193548387096774	0.3709677419354839	0.8870967741935484
PF18938	0.96875	0.609375	0.984375
PF11321	0.9259259259259259	0.35185185185185186	0.8518518518518519
PF18810	0.921875	0.515625	0.890625
PF04990	0.9230769230769231	0.4	0.9230769230769231
PF06911	0.9361702127659575	0.3829787234042553	0.9680851063829787
PF04557	0.9838709677419355	0.5	0.967741935483871
PF00452	0.9770992366412213	0.5877862595419847	0.9770992366412213
PF03951	0.9807692307692307	0.49038461538461536	0.9807692307692307
PF11412	0.9733333333333334	0.6266666666666667	0.9333333333333333
PF21996	0.9539473684210527	0.5657894736842105	0.9473684210526315
PF04138	0.9148936170212766	0.7446808510638298	0.925531914893617
PF24488	0.9661016949152542	0.4067796610169492	0.9491525423728814
PF09286	0.9620253164556962	0.3924050632911392	0.9240506329113924
PF07676	0.9875	0.8	0.95
PF13654	0.9477124183006536	0.38562091503267976	0.9477124183006536
PF04504	0.90625	0.4375	0.90625
PF17931	0.9154929577464789	0.5211267605633803	0.9295774647887324
PF19657	0.9014084507042254	0.3380281690140845	0.9014084507042254
PF24922	0.9516129032258065	0.5483870967741935	0.9516129032258065
PF13824	0.9577464788732394	0.5633802816901409	0.9577464788732394
PF01835	0.9516129032258065	0.3870967741935484	0.9193548387096774
PF07739	0.9692307692307692	0.48205128205128206	0.958974358974359
PF13635	0.984251968503937	0.4409448818897638	0.952755905511811
PF17938	0.9161290322580645	0.4064516129032258	0.9032258064516129
PF23526	0.9385964912280702	0.6140350877192983	0.9298245614035088
PF00754	0.9662921348314607	0.5337078651685393	0.9550561797752809
PF01694	0.9107142857142857	0.5892857142857143	0.9285714285714286
PF05973	0.9591836734693877	0.5714285714285714	0.9591836734693877
PF23615	0.9622641509433962	0.4591194968553459	0.9811320754716981
PF23292	0.9230769230769231	0.4461538461538462	0.9230769230769231
PF18860	0.9607843137254902	0.5490196078431373	0.9215686274509803
PF17883	0.9710144927536232	0.6666666666666666	0.9420289855072463
PF19189	0.967741935483871	0.6935483870967742	0.9838709677419355
PF14256	0.9056603773584906	0.39622641509433965	0.8679245283018868
PF06594	0.9572649572649573	0.7094017094017094	0.9316239316239316
PF00620	0.975	0.55	0.975
PF17116	0.9523809523809523	0.47619047619047616	0.9523809523809523
PF23120	0.9433962264150944	0.5943396226415094	0.9339622641509434
PF08825	0.9583333333333334	0.4583333333333333	0.9416666666666667
PF11464	0.9759036144578314	0.6265060240963856	0.9518072289156626
PF25596	0.9612903225806452	0.49032258064516127	0.9548387096774194
PF04573	0.9186046511627907	0.5348837209302325	0.9069767441860465
PF03350	0.9365079365079365	0.4365079365079365	0.9206349206349206
PF09496	0.9074074074074074	0.3333333333333333	0.9074074074074074
PF24315	0.9591836734693877	0.6938775510204082	0.9387755102040817
PF12542	0.9714285714285714	0.3904761904761905	0.9619047619047619
PF07744	0.9387755102040817	0.3469387755102041	0.9387755102040817
PF16770	0.95	0.5833333333333334	0.95
PF17765	0.9473684210526315	0.543859649122807	0.9415204678362573
PF02320	0.9807692307692307	0.46153846153846156	0.9807692307692307
PF10003	0.859375	0.4375	0.890625
PF22960	0.981651376146789	0.43119266055045874	0.963302752293578
PF01989	0.9397590361445783	0.5662650602409639	0.927710843373494
PF01661	0.9113924050632911	0.45569620253164556	0.9113924050632911
PF21687	0.9666666666666667	0.5888888888888889	0.9777777777777777
PF25325	0.9810126582278481	0.5316455696202531	0.9620253164556962
PF23194	0.92	0.6133333333333333	0.9333333333333333
PF04279	0.9344262295081968	0.3442622950819672	0.9016393442622951
PF13765	0.9651162790697675	0.7441860465116279	0.9186046511627907
PF20171	0.9642857142857143	0.45535714285714285	0.9642857142857143
PF12034	0.890625	0.5	0.890625
PF02659	0.9607843137254902	0.6078431372549019	0.9215686274509803
PF04135	0.9238095238095239	0.6095238095238096	0.9238095238095239
PF24314	0.92	0.32	0.88
PF01857	0.9264705882352942	0.45588235294117646	0.9558823529411765
PF04926	0.9139784946236559	0.4731182795698925	0.9139784946236559
PF23997	0.9375	0.6458333333333334	0.9375
PF10056	0.935064935064935	0.38961038961038963	0.922077922077922
PF11068	0.9454545454545454	0.43636363636363634	0.9272727272727272
PF24551	0.9390243902439024	0.6951219512195121	0.9146341463414634
PF23858	0.9603174603174603	0.6666666666666666	0.9523809523809523
PF09299	0.9418604651162791	0.7674418604651163	0.9186046511627907
PF06749	0.9140625	0.46875	0.921875
PF01092	0.945054945054945	0.5604395604395604	0.945054945054945
PF14668	0.9418604651162791	0.5930232558139535	0.9069767441860465
PF25026	0.9012345679012346	0.5925925925925926	0.9629629629629629
PF17944	0.96	0.74	0.94
PF23182	0.946969696969697	0.6893939393939394	0.9242424242424242
PF12654	0.9065420560747663	0.4392523364485981	0.9252336448598131
PF08349	0.96	0.544	0.96
PF05128	0.96	0.4533333333333333	0.92
PF24539	0.9672131147540983	0.45901639344262296	0.9672131147540983
PF13695	0.9351851851851852	0.5648148148148148	0.9351851851851852
PF08207	0.9776119402985075	0.4552238805970149	0.9626865671641791
PF00385	0.9367088607594937	0.5822784810126582	0.9240506329113924
PF20105	0.8983050847457628	0.3050847457627119	0.9152542372881356
PF21820	0.9497206703910615	0.48044692737430167	0.9553072625698324
PF16835	0.9375	0.525	0.925
PF06179	0.9795918367346939	0.6326530612244898	0.9591836734693877
PF03166	0.9411764705882353	0.6029411764705882	0.8970588235294118
PF14317	0.9711538461538461	0.8365384615384616	0.9615384615384616
PF13302	0.9573170731707317	0.7012195121951219	0.9573170731707317
PF21168	0.9622641509433962	0.5849056603773585	0.9433962264150944
PF10602	0.9215686274509803	0.4117647058823529	0.9215686274509803
PF23428	0.9107142857142857	0.3392857142857143	0.9642857142857143
PF05270	0.9178082191780822	0.4520547945205479	0.9041095890410958
PF25610	0.9259259259259259	0.32098765432098764	0.9259259259259259
PF12927	0.9156626506024096	0.4819277108433735	0.9156626506024096
PF07836	0.9791666666666666	0.6041666666666666	0.9583333333333334
PF12156	0.8360655737704918	0.5081967213114754	0.8852459016393442
PF21984	0.897196261682243	0.29906542056074764	0.9065420560747663
PF20319	0.8653846153846154	0.34615384615384615	0.8653846153846154
PF04716	0.9615384615384616	0.6730769230769231	0.9807692307692307
PF13861	0.9173553719008265	0.49586776859504134	0.9256198347107438
PF16470	0.9333333333333333	0.4857142857142857	0.9333333333333333
PF14155	0.9634146341463414	0.35365853658536583	0.9512195121951219
PF06645	0.952	0.512	0.928
PF07081	0.9	0.5375	0.925
PF21117	0.9669421487603306	0.5867768595041323	0.9586776859504132
PF10273	0.9492753623188406	0.47101449275362317	0.9565217391304348
PF09179	0.9723756906077348	0.7182320441988951	0.9668508287292817
PF14276	0.9701492537313433	0.6268656716417911	0.9402985074626866
PF11781	0.9384615384615385	0.6153846153846154	0.9230769230769231
PF09917	0.96875	0.48125	0.95
PF12499	0.9150943396226415	0.42452830188679247	0.9150943396226415
PF11137	0.9807692307692307	0.38461538461538464	0.9230769230769231
PF02403	0.958904109589041	0.6027397260273972	0.9315068493150684
PF22076	0.9767441860465116	0.5	0.9767441860465116
PF01342	0.9215686274509803	0.35294117647058826	0.9019607843137255
PF13564	0.9636363636363636	0.6181818181818182	0.9272727272727272
PF25823	0.8813559322033898	0.559322033898305	0.847457627118644
PF22593	0.9344262295081968	0.29508196721311475	0.9180327868852459
PF17771	0.9538461538461539	0.7846153846153846	0.9538461538461539
PF04729	0.9032258064516129	0.45161290322580644	0.9032258064516129
PF25323	0.8163265306122449	0.3877551020408163	0.8367346938775511
PF12675	0.945054945054945	0.6703296703296703	0.9340659340659341
PF25785	0.9538461538461539	0.5692307692307692	0.9435897435897436
PF01545	0.9615384615384616	0.6923076923076923	0.9423076923076923
PF04351	0.8641975308641975	0.345679012345679	0.8641975308641975
PF19794	0.9322033898305084	0.576271186440678	0.9152542372881356
PF04267	0.8787878787878788	0.3939393939393939	0.8939393939393939
PF07634	0.9710144927536232	0.7681159420289855	0.9710144927536232
PF18018	0.9285714285714286	0.6285714285714286	0.9285714285714286
PF14299	0.9186046511627907	0.38372093023255816	0.9186046511627907
PF13455	0.978494623655914	0.6021505376344086	0.956989247311828
PF07009	0.9879518072289156	0.7108433734939759	0.9759036144578314
PF16381	0.9038461538461539	0.5192307692307693	0.9615384615384616
PF06337	0.9541984732824428	0.549618320610687	0.9541984732824428
PF03127	0.9797297297297297	0.4864864864864865	0.9594594594594594
PF13018	0.9736842105263158	0.7894736842105263	0.9868421052631579
PF12843	0.9420289855072463	0.5797101449275363	0.9855072463768116
PF23475	0.9552238805970149	0.6417910447761194	0.9402985074626866
PF13276	0.952054794520548	0.7671232876712328	0.9315068493150684
PF02026	0.9764705882352941	0.6	0.9411764705882353
PF23563	0.9254658385093167	0.6149068322981367	0.9192546583850931
PF19621	0.9666666666666667	0.7	0.9333333333333333
PF01202	0.8888888888888888	0.4583333333333333	0.9166666666666666
PF05676	0.9402985074626866	0.6417910447761194	0.9253731343283582
PF24964	0.9166666666666666	0.5208333333333334	0.9375
PF22240	0.91	0.44	0.92
PF00919	0.978021978021978	0.6483516483516484	0.9340659340659341
PF13342	0.9632352941176471	0.6176470588235294	0.9338235294117647
PF00993	0.96	0.5333333333333333	0.9466666666666667
PF07976	0.9214285714285714	0.4357142857142857	0.9214285714285714
PF02861	0.9752066115702479	0.7024793388429752	0.9504132231404959
PF25327	0.9465648854961832	0.5877862595419847	0.9541984732824428
PF11141	0.96	0.54	0.96
PF17820	0.9482758620689655	0.8103448275862069	0.9655172413793104
PF16158	0.9457364341085271	0.4263565891472868	0.9302325581395349
PF24410	0.9824561403508771	0.8333333333333334	0.956140350877193
PF07534	0.9021739130434783	0.45652173913043476	0.9130434782608695
PF14413	0.9058823529411765	0.3058823529411765	0.9294117647058824
PF25378	0.9166666666666666	0.5833333333333334	0.9444444444444444
PF02883	0.956989247311828	0.3870967741935484	0.9354838709677419
PF00293	0.9435483870967742	0.6693548387096774	0.9516129032258065
PF00683	0.9611111111111111	0.5888888888888889	0.9555555555555556
PF23314	0.9649122807017544	0.40350877192982454	0.9649122807017544
PF13377	0.9454545454545454	0.6	0.8909090909090909
PF23942	0.9366197183098591	0.4377224199288256	0.9288256227758007
PF24616	0.9774436090225563	0.44360902255639095	0.9774436090225563
PF22570	0.96875	0.8958333333333334	0.96875
PF06252	0.9830508474576272	0.5423728813559322	0.9491525423728814
PF08785	0.8823529411764706	0.4588235294117647	0.9058823529411765
PF04773	0.972972972972973	0.7972972972972973	0.9324324324324325
PF25078	0.9074074074074074	0.37037037037037035	0.8888888888888888
PF22900	0.9571428571428572	0.5	0.9428571428571428
PF14703	0.9415204678362573	0.5087719298245614	0.9415204678362573
PF23304	0.8867924528301887	0.2641509433962264	0.9056603773584906
PF17871	0.9271523178807947	0.6821192052980133	0.9139072847682119
PF01249	0.9464285714285714	0.42857142857142855	0.9464285714285714
PF08769	0.97	0.52	0.97
PF14441	0.9673202614379085	0.6013071895424836	0.934640522875817
PF18738	0.9122807017543859	0.45614035087719296	0.8771929824561403
PF02600	0.9655172413793104	0.5	0.9482758620689655
PF10537	0.9397590361445783	0.5060240963855421	0.9397590361445783
PF25020	0.9354838709677419	0.5161290322580645	0.9354838709677419
PF25546	0.9076923076923077	0.3384615384615385	0.8923076923076924
PF23268	0.9344262295081968	0.39344262295081966	0.9508196721311475
PF23293	0.9594594594594594	0.44594594594594594	0.9459459459459459
PF01145	0.9818181818181818	0.7818181818181819	0.9818181818181818
PF01060	0.9354838709677419	0.4946236559139785	0.946236559139785
PF22799	0.96	0.48	0.9466666666666667
PF21073	0.9264705882352942	0.5588235294117647	0.8970588235294118
PF18901	0.9864864864864865	0.8648648648648649	0.9594594594594594
PF20139	0.8947368421052632	0.3508771929824561	0.9122807017543859
PF01049	0.9625	0.625	0.925
PF07934	0.92	0.44	0.92
PF11862	0.9607843137254902	0.47058823529411764	0.9019607843137255
PF23446	0.8970588235294118	0.39705882352941174	0.8970588235294118
PF22574	0.9454545454545454	0.6	0.9454545454545454
PF25329	0.945054945054945	0.34615384615384615	0.9340659340659341
PF18888	0.9907407407407407	0.8425925925925926	0.9537037037037037
PF00008	0.9692307692307692	0.9076923076923077	0.9384615384615385
PF18368	0.9	0.4909090909090909	0.9
PF24104	0.9367088607594937	0.34177215189873417	0.9493670886075949
PF25317	0.926829268292683	0.6585365853658537	0.9105691056910569
PF20135	0.9433962264150944	0.6415094339622641	0.9339622641509434
PF06289	0.9629629629629629	0.6814814814814815	0.9481481481481482
PF13771	0.9078947368421053	0.5	0.9342105263157895
PF24474	0.9662921348314607	0.5393258426966292	0.9438202247191011
PF13534	0.9636363636363636	0.4727272727272727	0.9272727272727272
PF11865	0.8979591836734694	0.41836734693877553	0.8979591836734694
PF21471	0.9384615384615385	0.38461538461538464	0.9076923076923077
PF02453	0.9481865284974094	0.43005181347150256	0.9378238341968912
PF12852	0.9090909090909091	0.5303030303030303	0.8787878787878788
PF03067	0.9254658385093167	0.35403726708074534	0.9254658385093167
PF12221	0.9152542372881356	0.6949152542372882	0.8813559322033898
PF24999	0.9090909090909091	0.6212121212121212	0.9393939393939394
PF04295	0.9792746113989638	0.5181347150259067	0.9740932642487047
PF04832	0.9631578947368421	0.49473684210526314	0.9473684210526315
PF10423	0.8888888888888888	0.38095238095238093	0.9206349206349206
PF07179	0.954954954954955	0.5135135135135135	0.918918918918919
PF13541	0.9696969696969697	0.3939393939393939	0.9848484848484849
PF17035	0.9366197183098591	0.6056338028169014	0.9366197183098591
PF02185	0.9808917197452229	0.5796178343949044	0.9745222929936306
PF09925	0.948051948051948	0.6363636363636364	0.961038961038961
PF05099	0.9666666666666667	0.4	0.95
PF08065	0.9104477611940298	0.47761194029850745	0.8955223880597015
PF19306	0.9166666666666666	0.4270833333333333	0.9166666666666666
PF25776	0.9733333333333334	0.5066666666666667	0.9866666666666667
PF22470	0.9302325581395349	0.6744186046511628	0.9302325581395349
PF22399	0.9387755102040817	0.4897959183673469	0.9183673469387755
PF25088	0.9568345323741008	0.5539568345323741	0.9568345323741008
PF04956	0.9320388349514563	0.5825242718446602	0.9320388349514563
PF25259	0.9310344827586207	0.5862068965517241	0.9310344827586207
PF14109	0.9230769230769231	0.5128205128205128	0.9230769230769231
PF20843	0.9032258064516129	0.4032258064516129	0.8870967741935484
PF18856	0.9183673469387755	0.42857142857142855	0.8979591836734694
PF00190	0.9016393442622951	0.3770491803278688	0.9016393442622951
PF09103	0.9726027397260274	0.5342465753424658	0.9726027397260274
PF24728	0.9464285714285714	0.44642857142857145	0.9107142857142857
PF01608	0.9859154929577465	0.5774647887323944	0.9436619718309859
PF07635	0.9423076923076923	0.7307692307692307	0.9615384615384616
PF25423	0.9554140127388535	0.5732484076433121	0.9554140127388535
PF08316	0.9629629629629629	0.6296296296296297	0.9259259259259259
PF10152	0.875	0.4791666666666667	0.9166666666666666
PF24397	0.9315068493150684	0.547945205479452	0.958904109589041
PF17939	0.9136690647482014	0.5323741007194245	0.8776978417266187
PF09110	0.9166666666666666	0.625	0.9166666666666666
PF09127	0.927461139896373	0.5025906735751295	0.9222797927461139
PF24898	0.9431818181818182	0.25	0.9545454545454546
PF20029	0.9672131147540983	0.6229508196721312	0.9344262295081968
PF02670	0.9402985074626866	0.5671641791044776	0.9104477611940298
PF21938	0.9180327868852459	0.39344262295081966	0.8852459016393442
PF15055	0.9338842975206612	0.5619834710743802	0.9338842975206612
PF13558	0.9436619718309859	0.5211267605633803	0.9295774647887324
PF13404	0.9933333333333333	0.8333333333333334	0.98
PF00044	0.9420289855072463	0.6521739130434783	0.9565217391304348
PF00504	0.9225806451612903	0.5161290322580645	0.9354838709677419
PF09346	0.9530201342281879	0.7785234899328859	0.9328859060402684
PF00467	0.9565217391304348	0.7267080745341615	0.9565217391304348
PF22451	0.9166666666666666	0.6666666666666666	0.8916666666666667
PF12253	0.9666666666666667	0.5916666666666667	0.95
PF25312	0.953757225433526	0.3063583815028902	0.9479768786127167
PF02229	0.9315068493150684	0.6506849315068494	0.9383561643835616
PF18395	0.8953488372093024	0.5581395348837209	0.9186046511627907
PF18369	0.9603960396039604	0.693069306930693	0.9702970297029703
PF24086	0.9173553719008265	0.48760330578512395	0.9008264462809917
PF13938	0.9404761904761905	0.5714285714285714	0.9523809523809523
PF25418	0.9622641509433962	0.7735849056603774	0.9622641509433962
PF08593	0.9464285714285714	0.5892857142857143	0.9404761904761905
PF04282	0.9230769230769231	0.49230769230769234	0.9538461538461539
PF01581	0.9491525423728814	0.847457627118644	0.9322033898305084
PF03208	0.937888198757764	0.39751552795031053	0.9316770186335404
PF03460	0.9523809523809523	0.6130952380952381	0.9583333333333334
PF03981	0.896551724137931	0.5	0.9310344827586207
PF20420	0.9491525423728814	0.5254237288135594	0.9661016949152542
PF23251	0.9767441860465116	0.8604651162790697	0.9534883720930233
PF21761	0.9326923076923077	0.3557692307692308	0.9519230769230769
PF23076	0.967479674796748	0.45528455284552843	0.9512195121951219
PF08654	0.94	0.48	0.94
PF17680	0.9431818181818182	0.4431818181818182	0.9318181818181818
PF25029	0.9099099099099099	0.42342342342342343	0.9279279279279279
PF23993	0.92	0.36	0.9733333333333334
PF25529	0.9384615384615385	0.5461538461538461	0.9153846153846154
PF02807	0.9305555555555556	0.5694444444444444	0.9305555555555556
PF23659	0.9333333333333333	0.5	0.9333333333333333
PF07314	0.9041095890410958	0.5616438356164384	0.8904109589041096
PF02597	0.9790209790209791	0.6083916083916084	0.972027972027972
PF13530	0.9492753623188406	0.5507246376811594	0.9492753623188406
PF00607	0.9803921568627451	0.8823529411764706	0.9019607843137255
PF22503	0.9493670886075949	0.45569620253164556	0.9430379746835443
PF00536	0.8958333333333334	0.625	0.9375
PF04475	0.8983050847457628	0.4067796610169492	0.9152542372881356
PF20765	0.9387755102040817	0.673469387755102	0.9183673469387755
PF14198	0.9545454545454546	0.42424242424242425	0.9393939393939394
PF23180	0.95	0.63	0.94
PF15497	0.96	0.62	0.96
PF25352	0.9555555555555556	0.3851851851851852	0.9555555555555556
PF09579	0.9556962025316456	0.5506329113924051	0.9683544303797469
PF20083	0.9438202247191011	0.6123595505617978	0.9325842696629213
PF24771	0.9074074074074074	0.6851851851851852	0.9259259259259259
PF23847	0.96	0.7466666666666667	0.9066666666666666
PF24346	0.9461538461538461	0.5692307692307692	0.9307692307692308
PF23324	0.9464285714285714	0.5654761904761905	0.9345238095238095
PF24434	0.9433962264150944	0.6037735849056604	0.9433962264150944
PF08085	0.9583333333333334	0.8333333333333334	0.875
PF10405	0.9818181818181818	0.45454545454545453	0.9757575757575757
PF19935	0.935064935064935	0.44155844155844154	0.922077922077922
PF02664	0.918918918918919	0.4144144144144144	0.9279279279279279
PF21891	0.8405797101449275	0.4927536231884058	0.8695652173913043
PF25331	0.9389312977099237	0.2595419847328244	0.9465648854961832
PF12089	0.8285714285714286	0.35714285714285715	0.8428571428571429
PF11146	0.9675324675324676	0.6103896103896104	0.974025974025974
PF09361	0.9266666666666666	0.5	0.92
PF08236	0.9144736842105263	0.5328947368421053	0.9210526315789473
PF13233	0.946236559139785	0.5967741935483871	0.9193548387096774
PF03745	0.9724137931034482	0.6482758620689655	0.9448275862068966
PF16805	0.8888888888888888	0.5396825396825397	0.7936507936507936
PF21269	0.9801980198019802	0.40594059405940597	0.9603960396039604
PF25232	0.9083333333333333	0.5333333333333333	0.9
PF09779	0.9878048780487805	0.5	0.9390243902439024
PF12823	0.9390862944162437	0.5786802030456852	0.9390862944162437
PF22697	0.9875	0.5	0.975
PF21105	0.9264705882352942	0.4411764705882353	0.9411764705882353
PF24292	0.9586206896551724	0.5103448275862069	0.9586206896551724
PF07650	0.9752066115702479	0.5702479338842975	0.9504132231404959
PF01190	0.8902439024390244	0.4268292682926829	0.9146341463414634
PF08245	0.9423076923076923	0.6730769230769231	0.9615384615384616
PF14518	0.9439252336448598	0.48598130841121495	0.897196261682243
PF25473	0.92	0.44	0.91
PF11942	0.935064935064935	0.4025974025974026	0.935064935064935
PF13600	0.9555555555555556	0.5703703703703704	0.9481481481481482
PF25575	0.9178082191780822	0.7671232876712328	0.958904109589041
PF08753	0.952054794520548	0.5068493150684932	0.9178082191780822
PF03780	0.9607843137254902	0.5	0.9509803921568627
PF00626	0.9387755102040817	0.5510204081632653	0.8979591836734694
PF03271	0.9618320610687023	0.6717557251908397	0.9389312977099237
PF22437	0.967391304347826	0.6739130434782609	0.9782608695652174
PF01199	0.9156626506024096	0.4457831325301205	0.9036144578313253
PF24446	0.9433962264150944	0.4528301886792453	0.9245283018867925
PF07965	0.9693877551020408	0.47959183673469385	0.9693877551020408
PF06807	0.9495798319327731	0.453781512605042	0.907563025210084
PF24661	0.8962264150943396	0.5377358490566038	0.8679245283018868
PF01399	0.9264705882352942	0.5	0.9117647058823529
PF24068	0.96	0.504	0.96
PF00088	0.9590643274853801	0.672514619883041	0.9532163742690059
PF07784	0.974025974025974	0.4935064935064935	0.974025974025974
PF10391	0.9585798816568047	0.6390532544378699	0.9349112426035503
PF14543	0.9214659685863874	0.5026178010471204	0.9109947643979057
PF00543	0.9841269841269841	0.4603174603174603	0.9841269841269841
PF04063	0.9478260869565217	0.41739130434782606	0.9391304347826087
PF16211	0.9274193548387096	0.6532258064516129	0.9112903225806451
PF24422	0.961038961038961	0.6103896103896104	0.935064935064935
PF20675	1.0	0.5094339622641509	1.0
PF21740	0.9473684210526315	0.3333333333333333	0.9649122807017544
PF07687	0.9479768786127167	0.5260115606936416	0.9479768786127167
PF03918	0.9813084112149533	0.5233644859813084	0.9626168224299065
PF01568	0.9705882352941176	0.5735294117647058	0.9705882352941176
PF16531	0.9041095890410958	0.5068493150684932	0.9452054794520548
PF09377	0.9415204678362573	0.6023391812865497	0.935672514619883
PF20101	0.9682539682539683	0.49206349206349204	0.9047619047619048
PF08511	0.9420289855072463	0.5362318840579711	0.9347826086956522
PF11074	0.9523809523809523	0.42857142857142855	0.9206349206349206
PF22938	0.9548387096774194	0.6645161290322581	0.9419354838709677
PF24494	0.9497206703910615	0.5363128491620112	0.9273743016759777
PF19460	0.9703703703703703	0.4666666666666667	0.9703703703703703
PF20442	0.94	0.28	0.94
PF19939	0.9473684210526315	0.47368421052631576	0.9298245614035088
PF10517	0.9555555555555556	0.4777777777777778	0.9444444444444444
PF25122	1.0	0.74	1.0
PF24803	0.9166666666666666	0.43333333333333335	0.8833333333333333
PF22765	0.9098360655737705	0.38524590163934425	0.9098360655737705
PF17877	0.9655172413793104	0.45689655172413796	0.9741379310344828
PF08938	0.9166666666666666	0.4166666666666667	0.9166666666666666
PF04027	0.8703703703703703	0.5	0.8888888888888888
PF02933	0.9444444444444444	0.5	0.9305555555555556
PF13629	0.9850746268656716	0.6268656716417911	0.9850746268656716
PF12009	0.9345794392523364	0.4672897196261682	0.9345794392523364
PF10050	0.948051948051948	0.37662337662337664	0.935064935064935
PF25347	0.9607843137254902	0.35294117647058826	0.9607843137254902
PF01465	0.8936170212765957	0.46808510638297873	0.8936170212765957
PF02789	0.8870967741935484	0.5483870967741935	0.9032258064516129
PF14287	0.9	0.43333333333333335	0.8666666666666667
PF13410	0.9745762711864406	0.6440677966101694	0.9915254237288136
PF11959	0.9722222222222222	0.4861111111111111	0.9444444444444444
PF08155	0.9459459459459459	0.6351351351351351	0.9324324324324325
PF09966	0.9466666666666667	0.5466666666666666	0.9466666666666667
PF01397	0.9281045751633987	0.2679738562091503	0.9215686274509803
PF00791	0.92	0.52	0.94
PF07928	0.9207920792079208	0.5742574257425742	0.9306930693069307
PF19462	0.967032967032967	0.7802197802197802	0.967032967032967
PF01853	0.9603174603174603	0.46825396825396826	0.9603174603174603
PF08370	0.967479674796748	0.5040650406504065	0.967479674796748
PF07987	0.9746835443037974	0.5189873417721519	0.9620253164556962
PF21835	0.8780487804878049	0.7317073170731707	0.9024390243902439
PF24018	0.8902439024390244	0.573170731707317	0.9024390243902439
PF18576	0.9078947368421053	0.6052631578947368	0.9342105263157895
PF10104	0.9349593495934959	0.3821138211382114	0.943089430894309
PF20097	0.9302325581395349	0.7906976744186046	0.9186046511627907
PF14065	0.97	0.42	0.96
PF09831	0.9230769230769231	0.5384615384615384	0.9038461538461539
PF02362	0.8941176470588236	0.5176470588235295	0.8941176470588236
PF22178	0.9069767441860465	0.5581395348837209	0.9186046511627907
PF04102	0.9370629370629371	0.5944055944055944	0.916083916083916
PF06479	0.935251798561151	0.5611510791366906	0.9280575539568345
PF18427	0.9166666666666666	0.4166666666666667	0.875
PF12797	0.9880239520958084	0.8383233532934131	0.9520958083832335
PF18401	0.912621359223301	0.3883495145631068	0.912621359223301
PF21702	0.9613259668508287	0.4861878453038674	0.9668508287292817
PF02674	0.9583333333333334	0.59375	0.9270833333333334
PF08644	0.9130434782608695	0.4492753623188406	0.927536231884058
PF24704	0.9493670886075949	0.5316455696202531	0.9620253164556962
PF07736	0.9612403100775194	0.5658914728682171	0.9534883720930233
PF02421	0.9010989010989011	0.42857142857142855	0.8791208791208791
PF18846	0.9245283018867925	0.32075471698113206	0.9245283018867925
PF05913	0.9705882352941176	0.6470588235294118	0.9705882352941176
PF12263	0.8333333333333334	0.3333333333333333	0.8166666666666667
PF07584	0.9493670886075949	0.6075949367088608	0.9240506329113924
PF25243	0.9538461538461539	0.5615384615384615	0.9461538461538461
PF20044	0.967741935483871	0.5935483870967742	0.9741935483870968
PF08581	0.8367346938775511	0.5306122448979592	0.8571428571428571
PF11188	0.9193548387096774	0.5483870967741935	0.9193548387096774
PF22116	0.9690721649484536	0.5773195876288659	0.9484536082474226
PF10394	0.948051948051948	0.44805194805194803	0.9155844155844156
PF08881	0.9152542372881356	0.5169491525423728	0.9067796610169492
PF17642	0.953125	0.875	0.9375
PF02957	0.9652173913043478	0.7130434782608696	0.9478260869565217
PF09832	0.9493670886075949	0.5063291139240507	0.9240506329113924
PF00903	0.9625	0.55	0.9875
PF04819	0.9746835443037974	0.3670886075949367	0.9240506329113924
PF09828	0.9206349206349206	0.5555555555555556	0.9682539682539683
PF07176	0.9361702127659575	0.3900709219858156	0.9219858156028369
PF13972	0.9333333333333333	0.48333333333333334	0.9333333333333333
PF12655	0.9206349206349206	0.6666666666666666	0.8968253968253969
PF03894	0.9401709401709402	0.38461538461538464	0.9316239316239316
PF22913	0.9259259259259259	0.5925925925925926	0.9444444444444444
PF07933	0.9514563106796117	0.4174757281553398	0.9514563106796117
PF25417	0.97	0.58	0.95
PF20547	0.9591836734693877	0.5714285714285714	0.9387755102040817
PF02064	0.95	0.5416666666666666	0.9416666666666667
PF21653	0.9920634920634921	0.5555555555555556	1.0
PF03540	0.9245283018867925	0.49056603773584906	0.9245283018867925
PF22952	0.9036144578313253	0.42168674698795183	0.8795180722891566
PF10354	0.927536231884058	0.38405797101449274	0.9202898550724637
PF24365	0.9140625	0.4765625	0.8984375
PF19130	0.9137931034482759	0.5	0.8793103448275862
PF00535	0.9612403100775194	0.7054263565891473	0.9612403100775194
PF22886	0.9516129032258065	0.5806451612903226	0.9516129032258065
PF07955	0.9245283018867925	0.7735849056603774	0.9622641509433962
PF25333	0.967032967032967	0.46153846153846156	0.9340659340659341
PF23156	0.9556962025316456	0.5189873417721519	0.9493670886075949
PF14560	0.9166666666666666	0.4166666666666667	0.9166666666666666
PF02823	0.9588235294117647	0.5470588235294118	0.9529411764705882
PF12451	0.9487179487179487	0.6153846153846154	0.9358974358974359
PF13441	0.9181818181818182	0.6545454545454545	0.9272727272727272
PF24842	0.9468085106382979	0.4787234042553192	0.9574468085106383
PF20437	0.9803921568627451	0.7058823529411765	0.9673202614379085
PF14060	0.9318181818181818	0.5454545454545454	0.9431818181818182
PF17937	0.963855421686747	0.6506024096385542	0.9457831325301205
PF01508	0.9861111111111112	0.4444444444444444	1.0
PF18648	0.9290780141843972	0.49645390070921985	0.9148936170212766
PF07171	0.9693877551020408	0.4489795918367347	0.9489795918367347
PF08670	0.9384615384615385	0.5076923076923077	0.9230769230769231
PF23994	0.9137931034482759	0.5689655172413793	0.896551724137931
PF08518	0.9411764705882353	0.7254901960784313	0.9803921568627451
PF06945	0.951048951048951	0.6153846153846154	0.9440559440559441
PF20601	0.9431818181818182	0.6136363636363636	0.9431818181818182
PF21354	0.9848484848484849	0.5151515151515151	0.9696969696969697
PF02826	0.9444444444444444	0.7222222222222222	0.9761904761904762
PF04167	0.9673202614379085	0.5490196078431373	0.9411764705882353
PF25374	0.9642857142857143	0.32142857142857145	0.9464285714285714
PF09796	0.9651162790697675	0.5232558139534884	0.9302325581395349
PF07875	0.9570552147239264	0.5766871165644172	0.8957055214723927
PF05071	0.9652777777777778	0.4444444444444444	0.9444444444444444
PF25583	0.958974358974359	0.6512820512820513	0.9384615384615385
PF22988	0.9464285714285714	0.5714285714285714	0.9107142857142857
PF00772	0.9523809523809523	0.7210884353741497	0.9523809523809523
PF02140	0.9692307692307692	0.5076923076923077	0.9846153846153847
PF08770	0.9238095238095239	0.5238095238095238	0.9142857142857143
PF09557	0.9545454545454546	0.5227272727272727	0.9393939393939394
PF14772	0.9130434782608695	0.5072463768115942	0.927536231884058
PF03638	0.9653179190751445	0.6127167630057804	0.9595375722543352
PF20522	0.8958333333333334	0.7916666666666666	0.9166666666666666
PF06506	0.864406779661017	0.4576271186440678	0.8305084745762712
PF20680	0.9456521739130435	0.5	0.9347826086956522
PF25091	0.9552238805970149	0.6268656716417911	0.9402985074626866
PF22064	0.9339622641509434	0.44339622641509435	0.9339622641509434
PF07637	1.0	0.7176470588235294	0.9764705882352941
PF20104	0.9774436090225563	0.6090225563909775	0.9699248120300752
PF14711	0.9883720930232558	0.45348837209302323	0.9767441860465116
PF13454	0.9322033898305084	0.5423728813559322	0.9491525423728814
PF07796	0.9655172413793104	0.4367816091954023	0.9655172413793104
PF02666	0.9611650485436893	0.5436893203883495	0.970873786407767
PF17766	0.9594594594594594	0.7635135135135135	0.9527027027027027
PF20072	0.9583333333333334	0.4895833333333333	0.9375
PF12023	0.9056603773584906	0.6226415094339622	0.9245283018867925
PF25449	0.9404761904761905	0.7023809523809523	0.9404761904761905
PF22992	0.967741935483871	0.7983870967741935	0.9758064516129032
PF03709	0.958904109589041	0.4246575342465753	0.958904109589041
PF23871	0.9166666666666666	0.4444444444444444	0.9166666666666666
PF08231	0.9529411764705882	0.43529411764705883	0.9294117647058824
PF13907	0.9534883720930233	0.4418604651162791	0.9418604651162791
PF25349	0.9367088607594937	0.45569620253164556	0.9493670886075949
PF07610	0.9527027027027027	0.5472972972972973	0.9662162162162162
PF25557	0.9541984732824428	0.5572519083969466	0.9618320610687023
PF19848	0.8761904761904762	0.4380952380952381	0.8761904761904762
PF12892	0.9574468085106383	0.5851063829787234	0.9574468085106383
PF20050	0.9523809523809523	0.35714285714285715	0.9404761904761905
PF21531	0.9294117647058824	0.6470588235294118	0.9411764705882353
PF04307	0.975609756097561	0.6219512195121951	0.975609756097561
PF21314	0.9625	0.6375	0.9625
PF07758	0.9230769230769231	0.5230769230769231	0.9230769230769231
PF17148	0.9080459770114943	0.3793103448275862	0.9195402298850575
PF12535	0.9333333333333333	0.8	0.9333333333333333
PF09278	0.9735449735449735	0.5661375661375662	0.9523809523809523
PF17179	0.943502824858757	0.576271186440678	0.943502824858757
PF23033	0.9788359788359788	0.5767195767195767	0.9735449735449735
PF24430	0.9338842975206612	0.49586776859504134	0.9173553719008265
PF24829	0.9230769230769231	0.40384615384615385	0.9038461538461539
PF23617	0.9805825242718447	0.4854368932038835	0.9805825242718447
PF24034	0.9893617021276596	0.7553191489361702	0.9680851063829787
PF23025	0.9090909090909091	0.4462809917355372	0.9338842975206612
PF16186	0.9453125	0.5859375	0.9296875
PF16655	0.9606299212598425	0.6535433070866141	0.9763779527559056
PF00317	0.96875	0.4609375	0.96875
PF05638	0.9333333333333333	0.4583333333333333	0.925
PF22311	0.9367088607594937	0.569620253164557	0.9113924050632911
PF06221	0.9473684210526315	0.543859649122807	0.9473684210526315
PF01907	0.9459459459459459	0.7972972972972973	0.9594594594594594
PF02987	0.9793103448275862	0.6896551724137931	0.9793103448275862
PF17965	0.9433962264150944	0.5094339622641509	0.9622641509433962
PF21056	0.9036144578313253	0.8072289156626506	0.891566265060241
PF16880	0.8867924528301887	0.7169811320754716	0.9245283018867925
PF08915	0.9565217391304348	0.30434782608695654	0.9420289855072463
PF01783	0.9215686274509803	0.6274509803921569	0.9117647058823529
PF11834	0.9487179487179487	0.5	0.9358974358974359
PF06455	0.9459459459459459	0.6081081081081081	0.8918918918918919
PF09135	0.92	0.32	0.9066666666666666
PF07581	0.9722222222222222	0.7777777777777778	0.9629629629629629
PF13515	0.9305555555555556	0.5	0.9166666666666666
PF19916	0.9411764705882353	0.5882352941176471	0.9411764705882353
PF07237	0.9295774647887324	0.5915492957746479	0.9577464788732394
PF08914	0.9649122807017544	0.6842105263157895	0.9824561403508771
PF19452	0.9456521739130435	0.3695652173913043	0.9347826086956522
PF24353	0.9821428571428571	0.5178571428571429	0.9285714285714286
PF10032	0.9176470588235294	0.29411764705882354	0.9058823529411765
PF13964	0.9572649572649573	0.7692307692307693	0.9487179487179487
PF20035	0.9622641509433962	0.5849056603773585	0.9811320754716981
PF07700	0.9166666666666666	0.35833333333333334	0.8916666666666667
PF08174	0.9428571428571428	0.34285714285714286	0.9142857142857143
PF25006	0.9333333333333333	0.4	0.95
PF17775	0.9913793103448276	0.7844827586206896	0.9741379310344828
PF22692	0.934010152284264	0.5583756345177665	0.9137055837563451
PF19560	0.8852459016393442	0.5737704918032787	0.9344262295081968
PF10029	0.9466666666666667	0.4666666666666667	0.9466666666666667
PF03831	0.9797297297297297	0.6486486486486487	0.9662162162162162
PF23296	0.9440559440559441	0.5524475524475524	0.951048951048951
PF13401	0.9264705882352942	0.7205882352941176	0.9117647058823529
PF08350	0.9464285714285714	0.8511904761904762	0.9523809523809523
PF13306	0.9493670886075949	0.740506329113924	0.9430379746835443
PF13336	0.971830985915493	0.3380281690140845	0.9647887323943662
PF08550	0.9583333333333334	0.6583333333333333	0.9333333333333333
PF02581	0.9285714285714286	0.7142857142857143	0.9142857142857143
PF13813	0.9487179487179487	0.5128205128205128	0.9358974358974359
PF11253	0.8870967741935484	0.3548387096774194	0.9354838709677419
PF22967	0.9333333333333333	0.6476190476190476	0.9714285714285714
PF12685	0.9326923076923077	0.4423076923076923	0.9230769230769231
PF21803	0.9076923076923077	0.6434108527131783	0.937984496124031
PF24538	0.9528301886792453	0.5754716981132075	0.9433962264150944
PF06462	0.9435483870967742	0.6693548387096774	0.9274193548387096
PF10677	0.8791208791208791	0.5164835164835165	0.9120879120879121
PF20584	0.9655172413793104	0.4827586206896552	0.9655172413793104
PF03368	0.9358288770053476	0.45989304812834225	0.9411764705882353
PF07685	0.9230769230769231	0.49230769230769234	0.8923076923076924
PF21858	0.9517241379310345	0.5241379310344828	0.9655172413793104
PF18121	0.9479166666666666	0.6041666666666666	0.9375
PF07800	0.8958333333333334	0.3125	0.8958333333333334
PF25779	0.9523809523809523	0.4603174603174603	0.9523809523809523
PF25559	0.9420289855072463	0.36231884057971014	0.9420289855072463
PF00010	0.9694656488549618	0.6259541984732825	0.9770992366412213
PF08658	0.935064935064935	0.4675324675324675	0.935064935064935
PF19299	0.96	0.76	0.92
PF10910	0.9404761904761905	0.5238095238095238	0.9285714285714286
PF12511	0.9375	0.65625	0.9375
PF23054	0.9125	0.6375	0.9
PF21279	0.9245283018867925	0.660377358490566	0.8867924528301887
PF04111	0.9537037037037037	0.46296296296296297	0.9537037037037037
PF00816	0.975609756097561	0.5853658536585366	0.959349593495935
PF23672	0.9354838709677419	0.45161290322580644	0.946236559139785
PF08924	0.9466666666666667	0.48	0.92
PF17966	0.9863013698630136	0.7945205479452054	0.958904109589041
PF14344	0.9591836734693877	0.4489795918367347	0.9489795918367347
PF15463	0.9310344827586207	0.5172413793103449	0.9310344827586207
PF07631	0.96	0.85	0.91
PF07849	0.90625	0.640625	0.921875
PF20811	0.9552238805970149	0.43283582089552236	0.9402985074626866
PF14401	0.9230769230769231	0.4230769230769231	0.9038461538461539
PF01125	0.9558823529411765	0.5	0.9705882352941176
PF04965	0.9058823529411765	0.5588235294117647	0.9235294117647059
PF02565	0.9605263157894737	0.5789473684210527	0.9473684210526315
PF24037	0.9538461538461539	0.6	0.9692307692307692
PF20274	0.9386503067484663	0.4785276073619632	0.9325153374233128
PF23829	0.9636363636363636	0.4727272727272727	0.9636363636363636
PF22653	0.8910891089108911	0.39603960396039606	0.9207920792079208
PF07495	0.9583333333333334	0.625	0.9444444444444444
PF22028	0.9322033898305084	0.4915254237288136	0.940677966101695
PF07866	0.9642857142857143	0.6785714285714286	0.9642857142857143
PF19931	0.963302752293578	0.4954128440366973	0.926605504587156
PF25354	0.9741379310344828	0.5172413793103449	0.9482758620689655
PF08547	0.9166666666666666	0.3541666666666667	0.875
PF00373	0.8979591836734694	0.6530612244897959	0.9183673469387755
PF23362	0.9658119658119658	0.5384615384615384	0.9658119658119658
PF13878	0.9649122807017544	0.7105263157894737	0.9649122807017544
PF14124	0.918918918918919	0.5	0.9324324324324325
PF04133	0.9528301886792453	0.4056603773584906	0.9339622641509434
PF05805	0.8953488372093024	0.5116279069767442	0.8953488372093024
PF07677	0.9320987654320988	0.4074074074074074	0.9320987654320988
PF10073	0.8979591836734694	0.5714285714285714	0.8775510204081632
PF24845	0.9404761904761905	0.5238095238095238	0.9583333333333334
PF08859	0.984375	0.453125	0.96875
PF24321	0.9447513812154696	0.4972375690607735	0.9337016574585635
PF24662	0.9722222222222222	0.6805555555555556	0.9722222222222222
PF21972	0.9154929577464789	0.5211267605633803	0.9295774647887324
PF24920	0.9583333333333334	0.296875	0.9583333333333334
PF13446	0.9673202614379085	0.5882352941176471	0.9673202614379085
PF01734	0.9714285714285714	0.8857142857142857	0.9619047619047619
PF22435	0.9701492537313433	0.5746268656716418	0.9701492537313433
PF01025	1.0	0.7272727272727273	0.9636363636363636
PF04608	0.9264705882352942	0.7058823529411765	0.9117647058823529
PF24433	0.9397590361445783	0.6506024096385542	0.9397590361445783
PF23795	0.9333333333333333	0.6571428571428571	0.9333333333333333
PF25238	0.9897959183673469	0.8367346938775511	0.9489795918367347
PF03234	0.9072164948453608	0.4536082474226804	0.9072164948453608
PF23137	0.9122807017543859	0.7192982456140351	0.9649122807017544
PF06544	0.954248366013072	0.37254901960784315	0.9673202614379085
PF18204	0.9583333333333334	0.8611111111111112	0.9444444444444444
PF14743	0.9866666666666667	0.7466666666666667	0.9733333333333334
PF08355	0.9629629629629629	0.6172839506172839	0.9753086419753086
PF12359	0.8888888888888888	0.7407407407407407	0.8333333333333334
PF05712	0.9411764705882353	0.35294117647058826	0.9411764705882353
PF03830	0.9659090909090909	0.4602272727272727	0.9602272727272727
PF23134	0.9699248120300752	0.706766917293233	0.9473684210526315
PF04311	0.9166666666666666	0.38636363636363635	0.9318181818181818
PF05532	0.9696969696969697	0.5606060606060606	0.9696969696969697
PF01000	0.8947368421052632	0.5087719298245614	0.8771929824561403
PF01868	0.9508196721311475	0.4644808743169399	0.9453551912568307
PF21299	0.925	0.625	0.9125
PF12471	0.9016393442622951	0.3770491803278688	0.9016393442622951
PF09707	0.9491525423728814	0.3898305084745763	0.9661016949152542
PF14819	0.9622641509433962	0.660377358490566	0.9811320754716981
PF12611	0.9384615384615385	0.7076923076923077	0.9230769230769231
PF02656	0.9726775956284153	0.6229508196721312	0.9672131147540983
PF24503	0.9132653061224489	0.42857142857142855	0.923469387755102
PF02589	0.9369369369369369	0.3783783783783784	0.954954954954955
PF00114	0.9253731343283582	0.48507462686567165	0.9104477611940298
PF10528	0.9479768786127167	0.5144508670520231	0.9479768786127167
PF23616	0.946524064171123	0.5026737967914439	0.9411764705882353
PF05305	0.984	0.832	0.936
PF25056	0.9595959595959596	0.6464646464646465	0.9393939393939394
PF18348	0.9622641509433962	0.7547169811320755	0.9528301886792453
PF04681	0.8554216867469879	0.46987951807228917	0.8674698795180723
PF20209	0.9626865671641791	0.5	0.9701492537313433
PF13592	0.9204545454545454	0.5454545454545454	0.9318181818181818
PF11764	0.9375	0.40625	0.953125
PF13240	0.9801324503311258	0.8543046357615894	0.9668874172185431
PF24718	0.8793103448275862	0.5689655172413793	0.9310344827586207
PF00573	0.9514563106796117	0.3883495145631068	0.9320388349514563
PF22721	0.9	0.6333333333333333	0.8333333333333334
PF10435	0.905982905982906	0.37606837606837606	0.905982905982906
PF17242	0.8793103448275862	0.6551724137931034	0.8620689655172413
PF02749	0.9574468085106383	0.6808510638297872	0.9468085106382979
PF00964	0.9375	0.3958333333333333	0.9375
PF08369	0.9339622641509434	0.660377358490566	0.9339622641509434
PF24860	0.9150943396226415	0.4339622641509434	0.8962264150943396
PF11296	0.9423076923076923	0.34615384615384615	0.9230769230769231
PF11833	0.8870967741935484	0.3709677419354839	0.9032258064516129
PF03597	0.959731543624161	0.6174496644295302	0.9530201342281879
PF21780	0.9090909090909091	0.41818181818181815	0.8909090909090909
PF25708	0.9193548387096774	0.6774193548387096	0.9516129032258065
PF03248	0.9351851851851852	0.46296296296296297	0.9351851851851852
PF06267	0.9652173913043478	0.5304347826086957	0.9652173913043478
PF20668	0.9552238805970149	0.26865671641791045	0.9552238805970149
PF12840	0.9491525423728814	0.711864406779661	0.9661016949152542
PF25368	0.9354838709677419	0.5096774193548387	0.9354838709677419
PF05209	0.9455782312925171	0.7551020408163265	0.9523809523809523
PF25500	0.9753086419753086	0.5185185185185185	0.9382716049382716
PF22772	0.9381443298969072	0.41237113402061853	0.9278350515463918
PF07336	0.9476439790575916	0.6020942408376964	0.93717277486911
PF08409	0.9736842105263158	0.5921052631578947	0.9473684210526315
PF00531	0.9166666666666666	0.3958333333333333	0.8958333333333334
PF22802	0.9464285714285714	0.47023809523809523	0.9464285714285714
PF02758	0.9696969696969697	0.5636363636363636	0.9393939393939394
PF14288	0.9833333333333333	0.5333333333333333	0.9833333333333333
PF24243	0.9591836734693877	0.8061224489795918	0.9387755102040817
PF07751	0.9304347826086956	0.4608695652173913	0.9130434782608695
PF18324	0.958904109589041	0.6164383561643836	0.958904109589041
PF24853	0.916083916083916	0.5384615384615384	0.9370629370629371
PF00076	0.9393939393939394	0.8636363636363636	0.9545454545454546
PF17651	0.9662921348314607	0.4044943820224719	0.9775280898876404
PF12358	0.918918918918919	0.2702702702702703	0.9324324324324325
PF03123	0.952	0.656	0.936
PF10615	0.9702380952380952	0.44047619047619047	0.9642857142857143
PF01127	0.9433962264150944	0.6792452830188679	0.9433962264150944
PF13007	0.9495798319327731	0.4957983193277311	0.9327731092436975
PF00445	0.9243243243243243	0.41081081081081083	0.918918918918919
PF23242	0.9351851851851852	0.5277777777777778	0.9351851851851852
PF22014	0.9456521739130435	0.4782608695652174	0.9293478260869565
PF07275	0.9230769230769231	0.36538461538461536	0.9038461538461539
PF23995	0.921875	0.34375	0.890625
PF13093	0.9107142857142857	0.4107142857142857	0.8928571428571429
PF04935	0.9210526315789473	0.40350877192982454	0.9122807017543859
PF23489	0.9478260869565217	0.5826086956521739	0.9391304347826087
PF19374	0.8867924528301887	0.5094339622641509	0.8679245283018868
PF00035	1.0	0.9444444444444444	0.9722222222222222
PF00018	0.9433962264150944	0.7924528301886793	0.9622641509433962
PF22622	0.9468085106382979	0.30851063829787234	0.9361702127659575
PF18339	0.9545454545454546	0.6060606060606061	0.9545454545454546
PF14417	0.9157894736842105	0.5263157894736842	0.9157894736842105
PF24038	0.9515151515151515	0.5333333333333333	0.9393939393939394
PF19304	0.9704142011834319	0.46745562130177515	0.9526627218934911
PF01683	0.9111111111111111	0.6518518518518519	0.9259259259259259
PF21844	0.8909090909090909	0.7272727272727273	0.9090909090909091
PF13424	1.0	0.8256880733944955	0.981651376146789
PF20107	0.9266666666666666	0.5333333333333333	0.9266666666666666
PF01447	0.9210526315789473	0.3684210526315789	0.8947368421052632
PF17125	0.9700598802395209	0.6526946107784432	0.9700598802395209
PF19730	0.9506172839506173	0.8024691358024691	0.9506172839506173
PF23216	0.9802631578947368	0.34210526315789475	0.9605263157894737
PF16760	0.9767441860465116	0.6201550387596899	0.9457364341085271
PF09842	0.9682539682539683	0.36507936507936506	0.9523809523809523
PF05871	0.9606299212598425	0.4881889763779528	0.9606299212598425
PF01877	0.925	0.4375	0.9125
PF06962	0.9642857142857143	0.5071428571428571	0.95
PF19779	0.9206349206349206	0.49206349206349204	0.873015873015873
PF02672	0.9487179487179487	0.47435897435897434	0.9102564102564102
PF05521	0.9393939393939394	0.6287878787878788	0.9393939393939394
PF04319	0.9538461538461539	0.5692307692307692	0.9538461538461539
PF09698	0.9631901840490797	0.7116564417177914	0.9631901840490797
PF13700	0.9333333333333333	0.45	0.9333333333333333
PF00514	0.9384615384615385	0.6512820512820513	0.958974358974359
PF10403	0.9513888888888888	0.6666666666666666	0.9444444444444444
PF14464	0.9615384615384616	0.6923076923076923	0.9230769230769231
PF20580	0.9824561403508771	0.5964912280701754	0.9473684210526315
PF05016	0.967741935483871	0.535483870967742	0.9483870967741935
PF19744	0.9746835443037974	0.5632911392405063	0.9620253164556962
PF14363	0.8870967741935484	0.33064516129032256	0.8790322580645161
PF09744	0.9347826086956522	0.5507246376811594	0.9420289855072463
PF00066	0.9247311827956989	0.6989247311827957	0.9247311827956989
PF04657	0.9512195121951219	0.5121951219512195	0.9390243902439024
PF12333	0.9411764705882353	0.39215686274509803	0.9509803921568627
PF16421	0.9009009009009009	0.4774774774774775	0.9099099099099099
PF00804	0.8813559322033898	0.3220338983050847	0.9322033898305084
PF02839	0.972972972972973	0.7094594594594594	0.9594594594594594
PF00415	1.0	0.9797979797979798	0.9696969696969697
PF14261	0.9622641509433962	0.6415094339622641	0.9433962264150944
PF22421	0.9312977099236641	0.4198473282442748	0.9236641221374046
PF00458	0.9635036496350365	0.6423357664233577	0.9416058394160584
PF01280	0.9292929292929293	0.6464646464646465	0.9595959595959596
PF08127	0.9508196721311475	0.6229508196721312	0.9508196721311475
PF14358	0.944954128440367	0.7522935779816514	0.9541284403669725
PF05529	0.9846153846153847	0.4461538461538462	0.9846153846153847
PF00653	0.9393939393939394	0.7121212121212122	0.9545454545454546
PF00227	0.94	0.36666666666666664	0.9533333333333334
PF05031	0.8548387096774194	0.3548387096774194	0.8709677419354839
PF18152	1.0	0.8985507246376812	0.9710144927536232
PF02629	0.9491525423728814	0.423728813559322	0.9491525423728814
PF01247	0.891566265060241	0.3373493975903614	0.891566265060241
PF12537	1.0	0.4936708860759494	0.9873417721518988
PF13879	0.926829268292683	0.5487804878048781	0.9024390243902439
PF01595	0.9857142857142858	0.7428571428571429	0.9714285714285714
PF24670	0.9619047619047619	0.5047619047619047	0.9714285714285714
PF23105	0.9418604651162791	0.6395348837209303	0.9302325581395349
PF15159	0.9365079365079365	0.6349206349206349	0.9523809523809523
PF25318	0.8690476190476191	0.5595238095238095	0.8809523809523809
PF03374	0.9605263157894737	0.5526315789473685	0.9605263157894737
PF18735	0.9440559440559441	0.6363636363636364	0.9230769230769231
PF00045	0.9459459459459459	0.6081081081081081	0.9459459459459459
PF24895	0.9753086419753086	0.4567901234567901	0.9629629629629629
PF16010	0.9310344827586207	0.3793103448275862	0.9310344827586207
PF14081	0.8958333333333334	0.5416666666666666	0.9166666666666666
PF12900	0.9054054054054054	0.3918918918918919	0.9054054054054054
PF06974	0.8828828828828829	0.40540540540540543	0.8738738738738738
PF02257	0.9464285714285714	0.625	0.9464285714285714
PF14200	0.9787234042553191	0.675531914893617	0.973404255319149
PF11779	0.8518518518518519	0.42592592592592593	0.8518518518518519
PF24547	0.9264705882352942	0.6911764705882353	0.9044117647058824
PF24120	0.9538461538461539	0.6461538461538462	0.9461538461538461
PF14535	0.937984496124031	0.5426356589147286	0.9302325581395349
PF24254	0.9315068493150684	0.7808219178082192	0.958904109589041
PF22480	0.9206349206349206	0.6507936507936508	0.8888888888888888
PF10635	0.9789473684210527	0.3473684210526316	0.9894736842105263
PF04023	0.9607843137254902	0.7254901960784313	0.9607843137254902
PF10444	0.9661016949152542	0.5254237288135594	0.9491525423728814
PF24550	0.9529411764705882	0.5705882352941176	0.9529411764705882
PF01059	0.9574468085106383	0.6950354609929078	0.9361702127659575
PF05129	0.937007874015748	0.5275590551181102	0.937007874015748
PF24358	0.9146341463414634	0.4573170731707317	0.9024390243902439
PF23089	0.9661016949152542	0.711864406779661	0.9661016949152542
PF14732	0.958904109589041	0.5068493150684932	0.9452054794520548
PF10419	0.8783783783783784	0.5405405405405406	0.8783783783783784
PF22973	0.9074074074074074	0.4444444444444444	0.9444444444444444
PF02186	0.9333333333333333	0.5833333333333334	0.9166666666666666
PF07177	0.9574468085106383	0.4148936170212766	0.9680851063829787
PF24697	0.9166666666666666	0.5277777777777778	0.9305555555555556
PF07949	0.9485714285714286	0.6514285714285715	0.9485714285714286
PF23583	0.8924050632911392	0.5569620253164557	0.9240506329113924
PF13286	0.992	0.568	0.952
PF01246	0.9655172413793104	0.6206896551724138	0.9540229885057471
PF02779	0.8961038961038961	0.4025974025974026	0.9090909090909091
PF14338	0.9693877551020408	0.5612244897959183	0.9693877551020408
PF00957	0.9777777777777777	0.5666666666666667	0.9777777777777777
PF02852	0.95	0.525	0.9375
PF25073	0.978021978021978	0.6813186813186813	0.9230769230769231
PF07833	0.9583333333333334	0.6979166666666666	0.8958333333333334
PF16854	0.9444444444444444	0.5925925925925926	0.9074074074074074
PF11391	0.9354838709677419	0.5967741935483871	0.9193548387096774
PF24411	0.8955223880597015	0.5522388059701493	0.8805970149253731
PF03370	0.84	0.48	0.88
PF19305	0.9550561797752809	0.5056179775280899	0.9382022471910112
PF03912	0.9322033898305084	0.423728813559322	0.9322033898305084
PF24355	0.945054945054945	0.36813186813186816	0.9285714285714286
PF07077	0.9333333333333333	0.5	0.9333333333333333
PF06262	0.9294117647058824	0.36470588235294116	0.9176470588235294
PF20134	0.9568965517241379	0.4051724137931034	0.9482758620689655
PF08666	0.9375	0.7857142857142857	0.9553571428571429
PF24931	0.9568965517241379	0.7672413793103449	0.9310344827586207
PF21758	0.9576271186440678	0.6016949152542372	0.9576271186440678
PF24444	0.96	0.688	0.944
PF02234	0.9186046511627907	0.5813953488372093	0.8837209302325582
PF14346	0.9465648854961832	0.549618320610687	0.9389312977099237
PF03652	0.9489795918367347	0.5	0.9591836734693877
PF02793	0.9669421487603306	0.47107438016528924	0.9669421487603306
PF18796	0.923728813559322	0.6363636363636364	0.9307359307359307
PF18337	0.954954954954955	0.5315315315315315	0.954954954954955
PF01778	0.9591836734693877	0.45918367346938777	0.9540816326530612
PF13637	0.9298245614035088	0.8947368421052632	0.9473684210526315
PF17906	0.9701492537313433	0.835820895522388	0.9402985074626866
PF10496	0.9354838709677419	0.43548387096774194	0.9193548387096774
PF03950	0.9320388349514563	0.6116504854368932	0.941747572815534
PF22705	0.9710144927536232	0.5507246376811594	0.9710144927536232
PF17101	0.9117647058823529	0.7156862745098039	0.9117647058823529
PF06331	0.974025974025974	0.45454545454545453	0.974025974025974
PF23240	0.9459459459459459	0.4189189189189189	0.9391891891891891
PF04181	0.9345794392523364	0.514018691588785	0.9345794392523364
PF22730	0.9873417721518988	0.7721518987341772	0.9620253164556962
PF00273	0.9328859060402684	0.38926174496644295	0.9194630872483222
PF02579	0.9920634920634921	0.7380952380952381	0.9920634920634921
PF02970	0.9280575539568345	0.4460431654676259	0.9280575539568345
PF20926	0.8611111111111112	0.3888888888888889	0.8611111111111112
PF04397	0.9529411764705882	0.5647058823529412	0.9529411764705882
PF14013	0.9880952380952381	0.7380952380952381	0.9642857142857143
PF00160	0.9814814814814815	0.6481481481481481	0.9629629629629629
PF20474	0.9183673469387755	0.4489795918367347	0.9183673469387755
PF13639	0.9493670886075949	0.8417721518987342	0.9430379746835443
PF11374	0.9354838709677419	0.432258064516129	0.9354838709677419
PF23755	0.9615384615384616	0.5769230769230769	0.9519230769230769
PF06083	0.9253731343283582	0.47761194029850745	0.8805970149253731
PF13668	0.96	0.4666666666666667	0.9466666666666667
PF03813	0.943089430894309	0.43089430894308944	0.943089430894309
PF06102	0.9194630872483222	0.3691275167785235	0.9261744966442953
PF11761	0.9696969696969697	0.6818181818181818	0.9393939393939394
PF03838	0.923728813559322	0.2966101694915254	0.9152542372881356
PF18481	0.9193548387096774	0.4838709677419355	0.9193548387096774
PF04306	0.9187817258883249	0.41624365482233505	0.8883248730964467
PF05253	0.9333333333333333	0.7333333333333333	0.95
PF04052	0.9210526315789473	0.5394736842105263	0.9078947368421053
PF14103	0.9193548387096774	0.41935483870967744	0.9032258064516129
PF19419	0.9386503067484663	0.6196319018404908	0.9325153374233128
PF14480	0.9340659340659341	0.6703296703296703	0.9230769230769231
PF13229	0.9186046511627907	0.8255813953488372	0.8488372093023255
PF18979	0.8771929824561403	0.14035087719298245	0.8947368421052632
PF04144	0.9217391304347826	0.40869565217391307	0.9130434782608695
PF10256	0.9615384615384616	0.33653846153846156	0.9615384615384616
PF15956	0.9568345323741008	0.6690647482014388	0.9424460431654677
PF00779	0.8867924528301887	0.6226415094339622	0.8867924528301887
PF09699	0.9513888888888888	0.5902777777777778	0.9583333333333334
PF08002	0.916030534351145	0.5190839694656488	0.9007633587786259
PF03787	0.9448275862068966	0.7448275862068966	0.903448275862069
PF19650	0.926829268292683	0.45121951219512196	0.9146341463414634
PF06424	0.979381443298969	0.6082474226804123	0.979381443298969
PF14324	0.9461538461538461	0.5076923076923077	0.9461538461538461
PF14691	0.9527027027027027	0.38513513513513514	0.9459459459459459
PF08647	0.9532710280373832	0.514018691588785	0.9626168224299065
PF08100	0.9365079365079365	0.4444444444444444	0.8888888888888888
PF03798	0.9444444444444444	0.31746031746031744	0.9365079365079365
PF15613	0.9491525423728814	0.6610169491525424	0.9152542372881356
PF17917	0.9523809523809523	0.8476190476190476	0.9523809523809523
PF21962	0.9367088607594937	0.4873417721518987	0.9367088607594937
PF24306	0.875	0.609375	0.90625
PF00690	0.9629629629629629	0.8333333333333334	0.9537037037037037
PF04652	0.912	0.456	0.928
PF14429	0.9386503067484663	0.3619631901840491	0.9263803680981595
PF01958	0.9186046511627907	0.4883720930232558	0.9069767441860465
PF12847	0.9629629629629629	0.5185185185185185	0.9555555555555556
PF02213	0.927710843373494	0.5542168674698795	0.9337349397590361
PF01395	0.9631578947368421	0.4631578947368421	0.968421052631579
PF24719	0.9487179487179487	0.5555555555555556	0.9230769230769231
PF03106	0.958974358974359	0.5333333333333333	0.9333333333333333
PF10719	0.9607843137254902	0.6013071895424836	0.9607843137254902
PF12872	0.9469026548672567	0.6017699115044248	0.9380530973451328
PF02741	0.9056603773584906	0.4528301886792453	0.9056603773584906
PF10283	0.9622641509433962	0.6981132075471698	0.9433962264150944
PF13663	0.9259259259259259	0.6851851851851852	0.9444444444444444
PF01881	0.9405940594059405	0.49504950495049505	0.9504950495049505
PF08498	0.9380530973451328	0.37168141592920356	0.9292035398230089
PF07568	0.8709677419354839	0.5645161290322581	0.8870967741935484
PF03195	0.916030534351145	0.37404580152671757	0.8854961832061069
PF02822	0.9347826086956522	0.7681159420289855	0.8913043478260869
PF20598	0.9305555555555556	0.5277777777777778	0.9444444444444444
PF00942	0.9482758620689655	0.4051724137931034	0.9482758620689655
PF03607	0.9235294117647059	0.5058823529411764	0.9117647058823529
PF17863	0.968944099378882	0.7329192546583851	0.9627329192546584
PF23214	0.9508196721311475	0.5300546448087432	0.9508196721311475
PF04379	0.9693877551020408	0.44387755102040816	0.9489795918367347
PF24336	0.934640522875817	0.41830065359477125	0.9411764705882353
PF14852	0.9710144927536232	0.6811594202898551	0.9130434782608695
PF23155	0.912	0.304	0.912
PF00017	0.94	0.48	0.94
PF00210	0.9701492537313433	0.41044776119402987	0.9626865671641791
PF07698	0.9259259259259259	0.3888888888888889	0.9259259259259259
PF08638	0.9166666666666666	0.35	0.9166666666666666
PF02801	0.918918918918919	0.5135135135135135	0.9054054054054054
PF17392	0.9402985074626866	0.5522388059701493	0.9402985074626866
PF10513	0.9238095238095239	0.3333333333333333	0.9333333333333333
PF03061	0.9180327868852459	0.7049180327868853	0.9180327868852459
PF03771	0.8958333333333334	0.6041666666666666	0.8958333333333334
PF13242	0.9752066115702479	0.49586776859504134	0.9669421487603306
PF06668	0.9375	0.20833333333333334	0.9375
PF09862	0.9516129032258065	0.43548387096774194	0.9354838709677419
PF11848	0.9850746268656716	0.6268656716417911	0.9701492537313433
PF01976	0.9634146341463414	0.4146341463414634	0.9390243902439024
PF24856	0.9285714285714286	0.41836734693877553	0.9081632653061225
PF12652	0.9487179487179487	0.4807692307692308	0.9551282051282052
PF21715	0.9465648854961832	0.45038167938931295	0.9312977099236641
PF22914	0.918918918918919	0.43243243243243246	0.9459459459459459
PF22983	0.9420289855072463	0.7101449275362319	0.927536231884058
PF00832	0.9696969696969697	0.4696969696969697	0.9545454545454546
PF24039	0.9634146341463414	0.5975609756097561	0.9512195121951219
PF08150	0.94	0.56	0.92
PF07983	0.907608695652174	0.358695652173913	0.9021739130434783
PF20289	0.9272727272727272	0.5636363636363636	0.9090909090909091
PF12362	0.9818181818181818	0.43636363636363634	0.9818181818181818
PF22668	0.9556962025316456	0.4936708860759494	0.9493670886075949
PF23160	0.967032967032967	0.6043956043956044	0.9560439560439561
PF16201	0.9534883720930233	0.4496124031007752	0.9224806201550387
PF09856	0.9634146341463414	0.45121951219512196	0.9878048780487805
PF01413	0.9615384615384616	0.6410256410256411	0.9743589743589743
PF22571	0.92	0.62	0.88
PF07019	0.9225806451612903	0.5483870967741935	0.9354838709677419
PF18603	0.9554140127388535	0.6496815286624203	0.9426751592356688
PF08663	0.9130434782608695	0.6666666666666666	0.9565217391304348
PF17164	0.9897959183673469	0.8673469387755102	0.9693877551020408
PF23544	0.9426229508196722	0.6557377049180327	0.9262295081967213
PF21154	0.9365079365079365	0.746031746031746	0.9523809523809523
PF02810	0.95	0.8071428571428572	0.9642857142857143
PF07885	0.9361702127659575	0.6914893617021277	0.925531914893617
PF21408	0.9095744680851063	0.5957446808510638	0.925531914893617
PF01951	0.9425287356321839	0.5	0.9310344827586207
PF17102	0.9247311827956989	0.6559139784946236	0.9139784946236559
PF11845	0.9069767441860465	0.4186046511627907	0.9011627906976745
PF04077	0.9298245614035088	0.45614035087719296	0.9122807017543859
PF09366	0.9423076923076923	0.5192307692307693	0.9134615384615384
PF14330	0.9795918367346939	0.3673469387755102	0.9795918367346939
PF09326	0.9764705882352941	0.7411764705882353	0.9529411764705882
PF04212	0.9285714285714286	0.5158730158730159	0.8968253968253969
PF07966	0.9823008849557522	0.6902654867256637	0.9469026548672567
PF13480	0.9117647058823529	0.696078431372549	0.8921568627450981
PF24277	0.9204545454545454	0.4772727272727273	0.9318181818181818
PF04538	0.9152542372881356	0.5423728813559322	0.9152542372881356
PF25568	0.9166666666666666	0.6428571428571429	0.9404761904761905
PF06935	0.9552238805970149	0.7761194029850746	0.9701492537313433
PF04442	0.9457831325301205	0.39759036144578314	0.9518072289156626
PF23660	0.9404761904761905	0.5238095238095238	0.9047619047619048
PF06127	0.8666666666666667	0.4666666666666667	0.9
PF00427	0.9523809523809523	0.40476190476190477	0.9404761904761905
PF04833	0.8939393939393939	0.4090909090909091	0.9242424242424242
PF12555	0.9487179487179487	0.7435897435897436	0.9615384615384616
PF09551	0.959731543624161	0.8120805369127517	0.9328859060402684
PF00643	0.9759036144578314	0.9397590361445783	0.963855421686747
PF00143	0.9550561797752809	0.47191011235955055	0.9325842696629213
PF11162	0.9344262295081968	0.819672131147541	0.9016393442622951
PF24535	0.9565217391304348	0.48695652173913045	0.9565217391304348
PF10387	0.9310344827586207	0.6724137931034483	0.896551724137931
PF19429	0.912751677852349	0.42953020134228187	0.912751677852349
PF12367	0.9489795918367347	0.6530612244897959	0.9591836734693877
PF14218	0.8985507246376812	0.5362318840579711	0.927536231884058
PF08620	0.9887640449438202	0.4606741573033708	0.9775280898876404
PF07012	0.975609756097561	0.7560975609756098	0.9390243902439024
PF25233	0.9532710280373832	0.3177570093457944	0.9532710280373832
PF09329	0.9732142857142857	0.7232142857142857	0.9732142857142857
PF23113	0.9516129032258065	0.4274193548387097	0.9435483870967742
PF24901	0.8860759493670886	0.4810126582278481	0.8734177215189873
PF01906	0.978494623655914	0.45161290322580644	0.946236559139785
PF05916	0.9261744966442953	0.4966442953020134	0.9530201342281879
PF00974	0.9368421052631579	0.5789473684210527	0.9263157894736842
PF11305	0.9466666666666667	0.6666666666666666	0.96
PF02036	0.9473684210526315	0.5578947368421052	0.9368421052631579
PF21882	0.9683544303797469	0.7974683544303798	0.930379746835443
PF04061	0.9	0.4714285714285714	0.9285714285714286
PF09431	0.948051948051948	0.5064935064935064	0.922077922077922
PF24496	0.9545454545454546	0.5757575757575758	0.9242424242424242
PF19081	0.9719626168224299	0.7289719626168224	0.9532710280373832
PF24890	0.8813559322033898	0.6610169491525424	0.8983050847457628
PF25155	0.941747572815534	0.5922330097087378	0.9223300970873787
PF11566	0.9347826086956522	0.29347826086956524	0.9565217391304348
PF09341	0.9715909090909091	0.5909090909090909	0.9375
PF02635	0.9411764705882353	0.6323529411764706	0.9558823529411765
PF00627	0.9491525423728814	0.6779661016949152	0.9661016949152542
PF24559	1.0	0.54	0.98
PF04092	0.9080459770114943	0.3103448275862069	0.896551724137931
PF04627	0.900990099009901	0.6336633663366337	0.9207920792079208
PF24928	0.9830508474576272	0.5423728813559322	0.9661016949152542
PF03190	0.9682539682539683	0.6507936507936508	0.9682539682539683
PF07962	0.8878504672897196	0.5046728971962616	0.9065420560747663
PF03843	0.9454545454545454	0.4727272727272727	0.8909090909090909
PF25369	0.9263157894736842	0.6947368421052632	0.9263157894736842
PF09458	0.9366197183098591	0.6197183098591549	0.9225352112676056
PF01029	0.9482758620689655	0.7413793103448276	0.9482758620689655
PF04493	0.9206349206349206	0.47619047619047616	0.9206349206349206
PF10791	0.9411764705882353	0.35294117647058826	0.9411764705882353
PF07956	0.9661016949152542	0.3728813559322034	0.9830508474576272
PF23473	0.9568965517241379	0.5862068965517241	0.9396551724137931
PF24644	0.9262295081967213	0.4426229508196721	0.9262295081967213
PF17293	0.9655172413793104	0.5689655172413793	0.9396551724137931
PF14009	0.9117647058823529	0.3058823529411765	0.9058823529411765
PF21524	0.9692307692307692	0.676923076923077	0.9538461538461539
PF18765	0.9705882352941176	0.6323529411764706	0.9705882352941176
PF18030	0.9281437125748503	0.4491017964071856	0.9341317365269461
PF01780	0.9431818181818182	0.6136363636363636	0.9431818181818182
PF01781	0.922077922077922	0.5844155844155844	0.9090909090909091
PF23133	0.9494949494949495	0.45454545454545453	0.9292929292929293
PF14087	0.9583333333333334	0.5916666666666667	0.925
PF07694	0.9056603773584906	0.4716981132075472	0.9056603773584906
PF01067	0.9	0.4727272727272727	0.9272727272727272
PF22564	0.9354838709677419	0.8172043010752689	0.8924731182795699
PF08246	0.9411764705882353	0.8627450980392157	0.9019607843137255
PF13091	0.9655172413793104	0.7931034482758621	0.9482758620689655
PF10304	0.9272727272727272	0.6181818181818182	0.8363636363636363
PF13373	0.9215686274509803	0.39215686274509803	0.9607843137254902
PF09242	0.9454545454545454	0.5272727272727272	0.9272727272727272
PF24984	0.8709677419354839	0.4274193548387097	0.8709677419354839
PF00269	0.9624060150375939	0.5939849624060151	0.9398496240601504
PF07681	0.9178082191780822	0.5616438356164384	0.9178082191780822
PF02927	0.9072164948453608	0.4536082474226804	0.9381443298969072
PF13519	0.9230769230769231	0.567741935483871	0.9096774193548387
PF02321	0.9906542056074766	0.9532710280373832	0.9906542056074766
PF20400	0.9381443298969072	0.422680412371134	0.9278350515463918
PF15460	0.9433962264150944	0.5471698113207547	0.8867924528301887
PF00621	0.9671052631578947	0.5789473684210527	0.9736842105263158
PF23245	0.9772727272727273	0.625	0.9545454545454546
PF03633	0.943502824858757	0.6440677966101694	0.943502824858757
PF08651	0.8450704225352113	0.3380281690140845	0.8309859154929577
PF06742	0.9577464788732394	0.5633802816901409	0.9859154929577465
PF14030	0.9210526315789473	0.39473684210526316	0.9210526315789473
PF09912	0.9646017699115044	0.5132743362831859	0.9646017699115044
PF23733	0.9385474860335196	0.6145251396648045	0.9273743016759777
PF01797	0.96	0.25333333333333335	0.9466666666666667
PF04342	0.9504950495049505	0.7425742574257426	0.9207920792079208
PF03979	0.9809523809523809	0.44761904761904764	0.9809523809523809
PF16131	0.9491525423728814	0.4915254237288136	0.9491525423728814
PF12609	0.8985507246376812	0.4057971014492754	0.8405797101449275
PF23550	0.9673202614379085	0.6143790849673203	0.9607843137254902
PF01584	0.96875	0.5104166666666666	0.9635416666666666
PF05983	0.90625	0.4375	0.921875
PF14671	0.9508196721311475	0.5409836065573771	0.9508196721311475
PF20604	0.945054945054945	0.6153846153846154	0.9560439560439561
PF07080	0.9908256880733946	0.7155963302752294	0.981651376146789
PF00395	0.9767441860465116	0.9302325581395349	0.9418604651162791
PF23605	0.9142857142857143	0.36	0.9085714285714286
PF19813	0.9215686274509803	0.45098039215686275	0.9215686274509803
PF23145	0.9537037037037037	0.5	0.9351851851851852
PF07386	0.8978102189781022	0.48905109489051096	0.8832116788321168
PF14484	0.9587628865979382	0.5979381443298969	0.9690721649484536
PF02221	0.8732394366197183	0.352112676056338	0.8732394366197183
PF13539	0.9562841530054644	0.5683060109289617	0.9344262295081968
PF08545	0.9516129032258065	0.4274193548387097	0.9354838709677419
PF03475	0.9577464788732394	0.6619718309859155	0.9295774647887324
PF24457	0.8679245283018868	0.4857142857142857	0.8476190476190476
PF07742	0.9193548387096774	0.4032258064516129	0.9193548387096774
PF25371	0.9602649006622517	0.5298013245033113	0.9470198675496688
PF04900	0.9612403100775194	0.5038759689922481	0.9534883720930233
PF23328	0.9291338582677166	0.5669291338582677	0.9212598425196851
PF17243	0.9453125	0.5078125	0.9296875
PF05617	0.9487179487179487	0.5641025641025641	0.9358974358974359
PF25276	0.9285714285714286	0.6285714285714286	0.9
PF04281	0.9615384615384616	0.358974358974359	0.9102564102564102
PF13632	0.9056603773584906	0.37735849056603776	0.9245283018867925
PF13499	0.95	0.9	0.975
PF24499	0.9285714285714286	0.3392857142857143	0.9464285714285714
PF25240	0.9340659340659341	0.5824175824175825	0.9560439560439561
PF22148	0.9066666666666666	0.6666666666666666	0.9066666666666666
PF23719	0.9431818181818182	0.5681818181818182	0.9659090909090909
PF23289	0.9863013698630136	0.3698630136986301	0.958904109589041
PF06426	0.9636363636363636	0.5636363636363636	0.9636363636363636
PF21355	0.9513888888888888	0.3888888888888889	0.9583333333333334
PF00249	0.9507042253521126	0.7323943661971831	0.9084507042253521
PF07541	0.9539473684210527	0.47368421052631576	0.9473684210526315
PF16897	0.9403973509933775	0.3576158940397351	0.9271523178807947
PF00652	0.963855421686747	0.6626506024096386	0.963855421686747
PF13518	0.95	0.8166666666666667	0.9666666666666667
PF01111	0.9529411764705882	0.7294117647058823	0.9411764705882353
PF09177	0.937007874015748	0.5354330708661418	0.9291338582677166
PF00228	0.92	0.64	0.92
PF21960	0.9375	0.6458333333333334	0.8333333333333334
PF11349	0.9491525423728814	0.4915254237288136	0.9322033898305084
PF18146	0.9824561403508771	0.7017543859649122	0.9824561403508771
PF06042	0.9479166666666666	0.4375	0.9479166666666666
PF11268	0.953125	0.453125	0.953125
PF10416	0.9347826086956522	0.8478260869565217	0.9565217391304348
PF22970	0.9726775956284153	0.48633879781420764	0.9617486338797814
PF01705	0.95	0.6	0.9333333333333333
PF25437	0.9340659340659341	0.5934065934065934	0.9010989010989011
PF20173	0.98	0.74	0.94
PF25289	0.9273743016759777	0.39664804469273746	0.9329608938547486
PF01476	0.954248366013072	0.7516339869281046	0.934640522875817
PF05000	0.9326923076923077	0.4423076923076923	0.9326923076923077
PF10270	0.9523809523809523	0.6984126984126984	0.9523809523809523
PF20776	0.9466666666666667	0.6	0.92
PF01077	0.9230769230769231	0.3076923076923077	0.9230769230769231
PF04136	0.9534883720930233	0.27906976744186046	0.9418604651162791
PF08814	0.9333333333333333	0.5833333333333334	0.9166666666666666
PF24357	0.936046511627907	0.3488372093023256	0.936046511627907
PF11823	0.950920245398773	0.6319018404907976	0.9570552147239264
PF24125	0.9024390243902439	0.4146341463414634	0.9146341463414634
PF18364	0.9357798165137615	0.5596330275229358	0.9174311926605505
PF13190	0.9753086419753086	0.5432098765432098	0.9382716049382716
PF22581	0.918918918918919	0.7702702702702703	0.9054054054054054
PF17867	0.9396551724137931	0.7758620689655172	0.9396551724137931
PF17747	0.9375	0.3958333333333333	0.9375
PF03695	0.9911504424778761	0.4424778761061947	0.9557522123893806
PF23258	0.951048951048951	0.6293706293706294	0.9370629370629371
PF00649	0.9090909090909091	0.7454545454545455	0.9272727272727272
PF00838	0.9512195121951219	0.4715447154471545	0.926829268292683
PF13563	0.948051948051948	0.6233766233766234	0.948051948051948
PF13662	0.875	0.6944444444444444	0.8888888888888888
PF13087	0.9772727272727273	0.5795454545454546	0.9431818181818182
PF25773	0.9363636363636364	0.5363636363636364	0.9454545454545454
PF18558	0.9444444444444444	0.4166666666666667	0.9166666666666666
PF23915	0.9285714285714286	0.75	0.875
PF14559	0.9844961240310077	0.7674418604651163	0.9767441860465116
PF05419	0.9056603773584906	0.41509433962264153	0.8867924528301887
PF03467	0.8987341772151899	0.4810126582278481	0.9367088607594937
PF02283	0.93	0.45	0.94
PF08428	0.88	0.68	0.9
PF24352	0.9180327868852459	0.6229508196721312	0.9016393442622951
PF19142	0.9016393442622951	0.3770491803278688	0.9016393442622951
PF24109	0.9830508474576272	0.4915254237288136	0.9661016949152542
PF01548	0.9125	0.45	0.9125
PF24932	0.9342105263157895	0.7368421052631579	0.9210526315789473
PF15811	0.9183673469387755	0.5510204081632653	0.9387755102040817
PF24485	0.9880952380952381	0.6666666666666666	0.9642857142857143
PF09805	0.9540229885057471	0.3103448275862069	0.9425287356321839
PF13473	0.9615384615384616	0.4423076923076923	0.9423076923076923
PF13521	0.9375	0.5208333333333334	0.9375
PF20594	0.9803921568627451	0.5686274509803921	0.9803921568627451
PF09435	0.9514563106796117	0.5339805825242718	0.941747572815534
PF14273	0.9263157894736842	0.3684210526315789	0.9263157894736842
PF22949	0.9418604651162791	0.6395348837209303	0.9534883720930233
PF20842	0.9152542372881356	0.3728813559322034	0.9322033898305084
PF13465	0.9743589743589743	0.8717948717948718	0.9358974358974359
PF03879	0.9814814814814815	0.4444444444444444	0.9814814814814815
PF18963	0.9456521739130435	0.5543478260869565	0.967391304347826
PF07696	0.9705882352941176	0.6588235294117647	0.9588235294117647
PF04152	0.916030534351145	0.48091603053435117	0.8854961832061069
PF01827	0.9863013698630136	0.6301369863013698	0.9452054794520548
PF14270	0.8970588235294118	0.6176470588235294	0.8676470588235294
PF04247	0.9857142857142858	0.5285714285714286	0.9571428571428572
PF10176	0.9545454545454546	0.5454545454545454	0.9090909090909091
PF25612	0.9183673469387755	0.6802721088435374	0.9251700680272109
PF18433	0.9152542372881356	0.423728813559322	0.9152542372881356
PF14536	0.9239130434782609	0.358695652173913	0.9021739130434783
PF00041	0.9895833333333334	0.90625	0.9583333333333334
PF20789	0.9230769230769231	0.4307692307692308	0.8974358974358975
PF25570	0.896551724137931	0.4827586206896552	0.8793103448275862
PF11797	0.9230769230769231	0.46153846153846156	0.9038461538461539
PF21476	0.9830508474576272	0.4915254237288136	0.9491525423728814
PF21902	0.9646464646464646	0.51010101010101	0.9595959595959596
PF12164	0.9545454545454546	0.5	0.9393939393939394
PF07292	0.9459459459459459	0.6351351351351351	0.9459459459459459
PF16899	0.8452380952380952	0.5	0.8690476190476191
PF18790	0.9893617021276596	0.6914893617021277	0.9893617021276596
PF23313	0.9056603773584906	0.39622641509433965	0.8867924528301887
PF25041	0.9508196721311475	0.3770491803278688	0.9672131147540983
PF17209	0.940677966101695	0.5338983050847458	0.923728813559322
PF24809	0.9529411764705882	0.36470588235294116	0.9411764705882353
PF09130	0.9382716049382716	0.6049382716049383	0.9259259259259259
PF07504	0.9603174603174603	0.626984126984127	0.9285714285714286
PF24442	0.9552238805970149	0.43283582089552236	0.9402985074626866
PF05076	0.9340659340659341	0.5164835164835165	0.945054945054945
PF23320	0.9387755102040817	0.7142857142857143	0.9591836734693877
PF05979	0.9344262295081968	0.4426229508196721	0.9016393442622951
PF17150	1.0	0.64	1.0
PF23007	0.9489795918367347	0.5510204081632653	0.9285714285714286
PF11743	0.9523809523809523	0.5873015873015873	0.9365079365079365
PF08279	0.9880952380952381	0.6190476190476191	0.9523809523809523
PF24586	0.927536231884058	0.41304347826086957	0.9347826086956522
PF00053	0.9714285714285714	0.6142857142857143	0.9714285714285714
PF22514	0.9452054794520548	0.2328767123287671	0.9452054794520548
PF04158	0.9391304347826087	0.4782608695652174	0.9478260869565217
PF01656	0.948051948051948	0.5974025974025974	0.948051948051948
PF24118	0.9701492537313433	0.582089552238806	0.9552238805970149
PF21865	0.8541666666666666	0.5698924731182796	0.8279569892473119
PF06103	0.8860759493670886	0.4177215189873418	0.8734177215189873
PF14312	0.9444444444444444	0.7916666666666666	0.9305555555555556
PF18596	0.94	0.68	0.92
PF00449	0.9833333333333333	0.5166666666666667	0.9833333333333333
PF16121	0.9245283018867925	0.6226415094339622	0.8679245283018868
PF14684	0.9722222222222222	0.5416666666666666	0.9444444444444444
PF25242	0.9666666666666667	0.7222222222222222	0.9444444444444444
PF18506	0.9041095890410958	0.684931506849315	0.9041095890410958
PF17762	0.9539473684210527	0.7105263157894737	0.9473684210526315
PF00647	0.974025974025974	0.3116883116883117	0.987012987012987
PF00629	0.9387755102040817	0.46938775510204084	0.9591836734693877
PF02343	0.90625	0.59375	0.890625
PF00070	0.9647058823529412	0.6705882352941176	0.9647058823529412
PF15025	0.8260869565217391	0.6956521739130435	0.7971014492753623
PF19579	0.959731543624161	0.3959731543624161	0.9731543624161074
PF24562	0.9285714285714286	0.5178571428571429	0.9107142857142857
PF04277	0.9548387096774194	0.5161290322580645	0.9419354838709677
PF01058	0.9290322580645162	0.864516129032258	0.9225806451612903
PF01833	0.9736842105263158	0.8552631578947368	0.9473684210526315
PF25019	0.974025974025974	0.922077922077922	0.974025974025974
PF04979	0.9213483146067416	0.4943820224719101	0.9213483146067416
PF08562	0.95	0.6	0.95
PF24066	0.9318181818181818	0.3409090909090909	0.9204545454545454
PF22768	0.9523809523809523	0.5595238095238095	0.9523809523809523
PF04341	0.9468085106382979	0.48404255319148937	0.9361702127659575
PF04921	0.9622641509433962	0.49056603773584906	0.9433962264150944
PF21933	0.9478260869565217	0.5565217391304348	0.9130434782608695
PF24020	0.9382716049382716	0.38271604938271603	0.9382716049382716
PF05496	0.9550561797752809	0.4157303370786517	0.9325842696629213
PF25379	0.9387755102040817	0.6122448979591837	0.9183673469387755
PF22833	0.9433962264150944	0.660377358490566	0.9245283018867925
PF19474	0.9464285714285714	0.8214285714285714	0.9107142857142857
PF10153	0.9327731092436975	0.453781512605042	0.9411764705882353
PF23959	0.9534883720930233	0.37209302325581395	0.937984496124031
PF00825	0.95	0.6375	0.975
PF25495	0.95	0.35	0.95
PF02785	0.9365079365079365	0.7777777777777778	0.9523809523809523
PF07613	0.92	0.44	0.92
PF23001	0.9154929577464789	0.5070422535211268	0.9436619718309859
PF21884	0.8737864077669902	0.4854368932038835	0.883495145631068
PF13821	0.9821428571428571	0.625	0.9642857142857143
PF17844	0.9518072289156626	0.7228915662650602	0.9036144578313253
PF24787	0.9411764705882353	0.43137254901960786	0.9411764705882353
PF01512	0.9594594594594594	0.5945945945945946	0.9459459459459459
PF18818	0.9247311827956989	0.5053763440860215	0.9247311827956989
PF00413	0.890625	0.546875	0.875
PF23195	1.0	0.6363636363636364	1.0
PF05965	0.925	0.5625	0.9125
PF24524	0.9074074074074074	0.2222222222222222	0.8888888888888888
PF24072	0.908256880733945	0.3302752293577982	0.908256880733945
PF03743	0.9457364341085271	0.4263565891472868	0.937984496124031
PF24672	0.9574468085106383	0.46808510638297873	0.925531914893617
PF10613	0.9861111111111112	0.4305555555555556	0.9583333333333334
PF00665	0.8888888888888888	0.5714285714285714	0.8571428571428571
PF17935	0.9807692307692307	0.5961538461538461	0.9423076923076923
PF06051	0.9159663865546218	0.42016806722689076	0.9243697478991597
PF25350	0.9649122807017544	0.543859649122807	0.9473684210526315
PF06170	0.9156626506024096	0.5301204819277109	0.9156626506024096
PF24657	0.9397590361445783	0.5180722891566265	0.927710843373494
PF08503	0.9014084507042254	0.5492957746478874	0.9154929577464789
PF01118	0.9280575539568345	0.5251798561151079	0.9064748201438849
PF03870	0.9065420560747663	0.42990654205607476	0.8785046728971962
PF04260	0.925531914893617	0.40425531914893614	0.9042553191489362
PF06419	0.9294117647058824	0.5176470588235295	0.9411764705882353
PF08621	0.9351851851851852	0.6296296296296297	0.9259259259259259
PF07883	0.9415584415584416	0.6103896103896104	0.9415584415584416
PF04992	0.9439252336448598	0.411214953271028	0.9345794392523364
PF19402	0.8947368421052632	0.5789473684210527	0.9122807017543859
PF22485	0.8977272727272727	0.375	0.8977272727272727
PF17650	0.9404761904761905	0.5297619047619048	0.9285714285714286
PF09320	0.9393939393939394	0.48484848484848486	0.9318181818181818
PF06470	0.9787234042553191	0.7021276595744681	0.9893617021276596
PF14438	0.9270833333333334	0.5416666666666666	0.9166666666666666
PF10180	0.9739130434782609	0.591304347826087	0.9652173913043478
PF16717	0.9538461538461539	0.35384615384615387	0.9538461538461539
PF11614	0.9420289855072463	0.42028985507246375	0.9565217391304348
PF02776	0.9090909090909091	0.6212121212121212	0.9090909090909091
PF01931	0.9504950495049505	0.37623762376237624	0.9504950495049505
PF04384	0.9253731343283582	0.582089552238806	0.9701492537313433
PF18821	0.9264705882352942	0.5882352941176471	0.9411764705882353
PF17404	0.959349593495935	0.37398373983739835	0.967479674796748
PF03171	0.9624060150375939	0.5714285714285714	0.924812030075188
PF24902	0.9661016949152542	0.6949152542372882	0.9661016949152542
PF01775	0.9482758620689655	0.5862068965517241	0.9655172413793104
PF16871	0.9461077844311377	0.49700598802395207	0.9401197604790419
PF22595	0.954954954954955	0.7117117117117117	0.954954954954955
PF06677	0.9368421052631579	0.5789473684210527	0.9368421052631579
PF17653	0.9827586206896551	0.7068965517241379	0.9310344827586207
PF06055	0.908256880733945	0.4954128440366973	0.8899082568807339
PF02268	0.9333333333333333	0.5166666666666667	0.9333333333333333
PF02151	0.9701492537313433	0.9402985074626866	0.9253731343283582
PF21057	0.8666666666666667	0.48333333333333334	0.85
PF05678	0.9651162790697675	0.6046511627906976	0.9534883720930233
PF21748	0.9390243902439024	0.6097560975609756	0.9634146341463414
PF20459	0.9294117647058824	0.5647058823529412	0.9058823529411765
PF20552	0.9733333333333334	0.3466666666666667	0.96
PF24552	0.9021739130434783	0.5869565217391305	0.9130434782608695
PF21426	0.9557522123893806	0.415929203539823	0.9380530973451328
PF21695	0.9195402298850575	0.41379310344827586	0.9540229885057471
PF24927	0.96	0.58	0.92
PF00588	0.9464285714285714	0.6607142857142857	0.9107142857142857
PF09834	0.9736842105263158	0.5789473684210527	0.9342105263157895
PF19898	0.9795918367346939	0.4489795918367347	0.9591836734693877
PF13298	0.9323308270676691	0.5338345864661654	0.9548872180451128
PF14634	0.9855072463768116	0.6811594202898551	0.9565217391304348
PF14088	0.8596491228070176	0.42105263157894735	0.8947368421052632
PF24869	0.96045197740113	0.7231638418079096	0.9378531073446328
PF11741	0.9696969696969697	0.5878787878787879	0.9636363636363636
PF20985	0.9506172839506173	0.6234567901234568	0.9382716049382716
PF10052	0.9516129032258065	0.7419354838709677	0.8870967741935484
PF08146	0.9444444444444444	0.5317460317460317	0.9206349206349206
PF23621	0.89937106918239	0.44654088050314467	0.89937106918239
PF06741	0.9532710280373832	0.6261682242990654	0.9719626168224299
PF23546	0.9615384615384616	0.782051282051282	0.9615384615384616
PF20381	0.9054054054054054	0.44594594594594594	0.918918918918919
PF22335	0.9173553719008265	0.45454545454545453	0.9173553719008265
PF03763	0.9156626506024096	0.3855421686746988	0.9036144578313253
PF11326	0.9545454545454546	0.5636363636363636	0.9454545454545454
PF20651	0.8955223880597015	0.373134328358209	0.8805970149253731
PF10209	0.927536231884058	0.4927536231884058	0.9420289855072463
PF16803	0.9506172839506173	0.32098765432098764	0.9629629629629629
PF08698	0.975	0.4666666666666667	0.9666666666666667
PF13937	0.9849624060150376	0.45864661654135336	0.9699248120300752
PF18545	0.8958333333333334	0.5	0.875
PF10013	0.9836065573770492	0.6885245901639344	0.9836065573770492
PF14690	1.0	0.6875	0.9583333333333334
PF01558	0.9565217391304348	0.6666666666666666	0.9565217391304348
PF08899	0.9591836734693877	0.42857142857142855	0.9591836734693877
PF00994	0.9903846153846154	0.5961538461538461	0.9903846153846154
PF04923	0.9444444444444444	0.42592592592592593	0.9444444444444444
PF01910	0.9358974358974359	0.44871794871794873	0.8974358974358975
PF12710	0.9473684210526315	0.6447368421052632	0.9210526315789473
PF23265	0.9565217391304348	0.5478260869565217	0.9478260869565217
PF13625	0.8936170212765957	0.5212765957446809	0.8936170212765957
PF24861	0.91875	0.55	0.9125
PF13151	0.9452054794520548	0.3972602739726027	0.9178082191780822
PF20239	0.9245283018867925	0.7169811320754716	0.9245283018867925
PF05838	0.9036144578313253	0.7228915662650602	0.9156626506024096
PF11706	0.9639175257731959	0.5876288659793815	0.9381443298969072
PF20082	0.9483870967741935	0.4967741935483871	0.9548387096774194
PF09111	0.8958333333333334	0.46875	0.875
PF05345	0.956989247311828	0.7311827956989247	0.9139784946236559
PF21486	0.9313725490196079	0.4803921568627451	0.9313725490196079
PF20172	0.8846153846153846	0.6923076923076923	0.8461538461538461
PF04895	0.9428571428571428	0.5571428571428572	0.9428571428571428
PF24351	0.924812030075188	0.7142857142857143	0.9398496240601504
PF03167	0.916083916083916	0.5944055944055944	0.9300699300699301
PF24323	0.9285714285714286	0.32142857142857145	0.9107142857142857
PF20556	0.9649122807017544	0.3333333333333333	0.9649122807017544
PF16169	0.9038461538461539	0.4230769230769231	0.9423076923076923
PF25516	0.9576719576719577	0.5608465608465608	0.9523809523809523
PF23451	0.9763779527559056	0.6141732283464567	0.9448818897637795
PF24735	0.98	0.54	0.96
PF25051	0.9117647058823529	0.46078431372549017	0.8921568627450981
PF21050	0.9166666666666666	0.4861111111111111	0.9305555555555556
PF01448	0.9683544303797469	0.5506329113924051	0.9493670886075949
PF25569	0.8714285714285714	0.45714285714285713	0.8857142857142857
PF25338	0.9322033898305084	0.3050847457627119	0.9152542372881356
PF00810	0.9444444444444444	0.4444444444444444	0.9444444444444444
PF04775	0.9482758620689655	0.5258620689655172	0.9568965517241379
PF14144	0.9514563106796117	0.5145631067961165	0.941747572815534
PF03531	0.9518072289156626	0.5180722891566265	0.9397590361445783
PF06487	0.912621359223301	0.34951456310679613	0.9320388349514563
PF14138	1.0	0.47058823529411764	0.9882352941176471
PF14625	0.9375	0.6944444444444444	0.9236111111111112
PF23190	0.937984496124031	0.4263565891472868	0.9302325581395349
PF22264	0.9482758620689655	0.46551724137931033	0.9224137931034483
PF09992	0.9553571428571429	0.5089285714285714	0.9464285714285714
PF00847	0.9230769230769231	0.7115384615384616	0.9038461538461539
PF25522	0.9603174603174603	0.6031746031746031	0.9523809523809523
PF11523	1.0	0.4745762711864407	0.9830508474576272
PF05938	0.9505494505494505	0.489010989010989	0.945054945054945
PF00404	0.9736842105263158	0.7763157894736842	0.9868421052631579
PF14686	0.9485294117647058	0.4632352941176471	0.9485294117647058
PF09174	0.9625	0.475	0.925
PF18705	0.9508196721311475	0.5737704918032787	0.9590163934426229
PF11204	0.9666666666666667	0.6666666666666666	0.9666666666666667
PF01442	0.975609756097561	0.8170731707317073	0.9634146341463414
PF08617	0.9571428571428572	0.3	0.9571428571428572
PF05137	0.9411764705882353	0.6470588235294118	0.9313725490196079
PF20618	0.967741935483871	0.5053763440860215	0.9354838709677419
PF25793	0.9655172413793104	0.46551724137931033	0.9482758620689655
PF19111	0.94	0.52	0.92
PF16278	0.9438202247191011	0.5393258426966292	0.9213483146067416
PF14123	0.9538461538461539	0.4153846153846154	0.9692307692307692
PF21831	0.9397590361445783	0.5783132530120482	0.9518072289156626
PF13617	0.98	0.74	1.0
PF13309	0.9361702127659575	0.5177304964539007	0.9361702127659575
PF11241	0.9550561797752809	0.29213483146067415	0.9438202247191011
PF00582	0.9865771812080537	0.738255033557047	0.9731543624161074
PF02662	0.9381443298969072	0.422680412371134	0.9381443298969072
PF06257	0.9404761904761905	0.39285714285714285	0.9523809523809523
PF13908	0.9197080291970803	0.5474452554744526	0.927007299270073
PF01644	0.9666666666666667	0.4111111111111111	0.9666666666666667
PF13966	0.9135802469135802	0.5308641975308642	0.9259259259259259
PF13524	0.9523809523809523	0.6428571428571429	0.9761904761904762
PF22384	0.8846153846153846	0.5	0.9038461538461539
PF04422	0.9473684210526315	0.5394736842105263	0.9276315789473685
PF24301	0.9626168224299065	0.5046728971962616	0.9345794392523364
PF21011	0.9272727272727272	0.43636363636363634	0.8909090909090909
PF24041	0.9571428571428572	0.4928571428571429	0.9571428571428572
PF24731	0.9117647058823529	0.6470588235294118	0.9411764705882353
PF07926	0.9615384615384616	0.49038461538461536	0.9615384615384616
PF10377	0.9104477611940298	0.3880597014925373	0.9104477611940298
PF08334	0.9117647058823529	0.5735294117647058	0.9558823529411765
PF04284	0.967741935483871	0.3709677419354839	0.9838709677419355
PF12706	0.9222222222222223	0.4666666666666667	0.9444444444444444
PF02370	0.9473684210526315	0.8771929824561403	0.9473684210526315
PF09495	0.9473684210526315	0.4631578947368421	0.9263157894736842
PF02641	0.9192546583850931	0.45962732919254656	0.9192546583850931
PF23933	0.956140350877193	0.4824561403508772	0.9385964912280702
PF24751	0.9692307692307692	0.7538461538461538	0.9692307692307692
PF22324	0.9692307692307692	0.6	0.9230769230769231
PF04116	0.9537037037037037	0.75	0.9259259259259259
PF13767	0.918918918918919	0.527027027027027	0.918918918918919
PF04134	0.9365079365079365	0.6507936507936508	0.9365079365079365
PF01015	0.9145299145299145	0.3418803418803419	0.9316239316239316
PF09791	0.9523809523809523	0.6825396825396826	0.9365079365079365
PF11916	0.8985507246376812	0.463768115942029	0.927536231884058
PF08232	0.927710843373494	0.5301204819277109	0.9156626506024096
PF09149	0.9310344827586207	0.5172413793103449	0.9137931034482759
PF21638	0.9464285714285714	0.4642857142857143	0.9375
PF12798	0.9746835443037974	0.879746835443038	0.9683544303797469
PF24046	0.937888198757764	0.4161490683229814	0.937888198757764
PF25753	0.9548387096774194	0.4064516129032258	0.9483870967741935
PF21258	0.86	0.44	0.88
PF14252	0.9540229885057471	0.6091954022988506	0.9425287356321839
PF21022	0.8472222222222222	0.40425531914893614	0.8439716312056738
PF17800	0.9683544303797469	0.759493670886076	0.9493670886075949
PF06203	0.9102564102564102	0.5512820512820513	0.9102564102564102
PF09905	0.9340659340659341	0.6153846153846154	0.8901098901098901
PF04255	0.9695431472081218	0.5431472081218274	0.9593908629441624
PF21221	0.9636363636363636	0.6545454545454545	0.9454545454545454
PF07286	0.95	0.45714285714285713	0.9428571428571428
PF00900	0.8811188811188811	0.5594405594405595	0.8741258741258742
PF01344	0.9305555555555556	0.7638888888888888	0.9513888888888888
PF03810	0.84	0.6	0.84
PF23466	0.95	0.7833333333333333	0.9333333333333333
PF24785	0.9595959595959596	0.6262626262626263	0.9393939393939394
PF04577	0.9252336448598131	0.5981308411214953	0.8785046728971962
PF04727	0.9365079365079365	0.42328042328042326	0.9312169312169312
PF01251	0.9152542372881356	0.3050847457627119	0.9491525423728814
PF13880	0.9012345679012346	0.49382716049382713	0.9259259259259259
PF07915	0.9072164948453608	0.5876288659793815	0.8762886597938144
PF05739	0.967741935483871	0.6774193548387096	0.9193548387096774
PF06527	0.9538461538461539	0.6923076923076923	0.9538461538461539
PF23764	0.9318181818181818	0.4621212121212121	0.9393939393939394
PF25058	0.9464285714285714	0.5178571428571429	0.9464285714285714
PF13618	0.9191176470588235	0.49264705882352944	0.8970588235294118
PF06891	0.9320987654320988	0.4506172839506173	0.9320987654320988
PF13837	0.9351851851851852	0.48148148148148145	0.9351851851851852
PF12756	0.9761904761904762	0.44047619047619047	0.9285714285714286
PF21597	0.9807692307692307	0.38461538461538464	0.9615384615384616
PF16370	0.8771929824561403	0.45614035087719296	0.8771929824561403
PF24396	0.9545454545454546	0.38636363636363635	0.9431818181818182
PF09351	0.9634146341463414	0.4573170731707317	0.9573170731707317
PF13569	0.8947368421052632	0.4342105263157895	0.9078947368421053
PF09070	0.9009009009009009	0.46846846846846846	0.918918918918919
PF02944	0.9444444444444444	0.6388888888888888	0.9166666666666666
PF23122	0.9297297297297298	0.4918918918918919	0.9243243243243243
PF23943	0.967391304347826	0.6086956521739131	0.9347826086956522
PF17189	0.940677966101695	0.5338983050847458	0.9152542372881356
PF25299	0.9369369369369369	0.5945945945945946	0.9369369369369369
PF08484	0.9519230769230769	0.47115384615384615	0.9615384615384616
PF24707	0.9591836734693877	0.4489795918367347	0.9591836734693877
PF04434	0.9879518072289156	0.7831325301204819	0.9759036144578314
PF07843	0.9444444444444444	0.5555555555555556	0.9444444444444444
PF21805	0.9811320754716981	0.6226415094339622	0.9622641509433962
PF05424	0.9204545454545454	0.32954545454545453	0.9318181818181818
PF08519	0.9285714285714286	0.3968253968253968	0.9206349206349206
PF00032	0.9481481481481482	0.4888888888888889	0.9407407407407408
PF20451	0.8627450980392157	0.5882352941176471	0.8431372549019608
PF04362	0.9705882352941176	0.45588235294117646	0.9705882352941176
PF20750	0.9325842696629213	0.5168539325842697	0.9325842696629213
PF10358	0.8823529411764706	0.37254901960784315	0.8431372549019608
PF07452	0.9383561643835616	0.5	0.9383561643835616
PF13835	0.927710843373494	0.39759036144578314	0.9036144578313253
PF21216	0.8928571428571429	0.30357142857142855	0.8928571428571429
PF13228	0.9482758620689655	0.6896551724137931	0.9310344827586207
PF11178	0.9655172413793104	0.7413793103448276	0.9310344827586207
PF08144	0.9230769230769231	0.4807692307692308	0.9230769230769231
PF25432	0.9689922480620154	0.6744186046511628	0.937984496124031
PF24102	0.9325153374233128	0.5705521472392638	0.9325153374233128
PF02272	0.9634146341463414	0.4268292682926829	0.9512195121951219
PF23085	0.96	0.6266666666666667	0.9266666666666666
PF16976	0.9134615384615384	0.5865384615384616	0.8942307692307693
PF21864	0.9122807017543859	0.6140350877192983	0.9122807017543859
PF04444	0.9166666666666666	0.47619047619047616	0.9523809523809523
PF11390	0.9047619047619048	0.5873015873015873	0.9365079365079365
PF12922	0.8771929824561403	0.40350877192982454	0.8771929824561403
PF23582	0.9831932773109243	0.7647058823529411	0.9495798319327731
PF21188	0.9622641509433962	0.6037735849056604	0.9433962264150944
PF18826	0.9478260869565217	0.5304347826086957	0.9478260869565217
PF21799	0.9459459459459459	0.5585585585585585	0.9279279279279279
PF11009	0.9830508474576272	0.559322033898305	0.9491525423728814
PF06481	0.9753086419753086	0.6296296296296297	0.9259259259259259
PF02936	0.9512195121951219	0.3902439024390244	0.9512195121951219
PF08624	0.9016393442622951	0.4918032786885246	0.9344262295081968
PF06799	0.9215686274509803	0.45098039215686275	0.9019607843137255
PF24124	0.9432624113475178	0.5177304964539007	0.9219858156028369
PF08477	0.9539473684210527	0.5657894736842105	0.9407894736842105
PF17770	0.9264705882352942	0.5735294117647058	0.9411764705882353
PF02935	0.8985507246376812	0.5072463768115942	0.8840579710144928
PF17188	0.9036144578313253	0.39759036144578314	0.9036144578313253
PF02895	0.9795918367346939	0.6326530612244898	0.9591836734693877
PF12796	0.9720670391061452	0.8770949720670391	0.9664804469273743
PF22074	0.957983193277311	0.46218487394957986	0.9747899159663865
PF23923	0.8333333333333334	0.5	0.8541666666666666
PF11776	0.9074074074074074	0.5740740740740741	0.9259259259259259
PF16546	0.9863013698630136	0.4931506849315068	0.958904109589041
PF23926	0.8947368421052632	0.5087719298245614	0.8947368421052632
PF25505	0.9120879120879121	0.38461538461538464	0.8791208791208791
PF23151	0.8541666666666666	0.5416666666666666	0.8958333333333334
PF21186	0.9076923076923077	0.43846153846153846	0.8923076923076924
PF13451	0.9245283018867925	0.6792452830188679	0.8867924528301887
PF25601	0.9276315789473685	0.6710526315789473	0.9078947368421053
PF16761	0.9384615384615385	0.6153846153846154	0.9384615384615385
PF13787	0.8805970149253731	0.6417910447761194	0.835820895522388
PF10884	0.9607843137254902	0.49019607843137253	0.9607843137254902
PF14705	0.9464285714285714	0.5714285714285714	0.9285714285714286
PF01918	0.88	0.4266666666666667	0.88
PF14029	0.9285714285714286	0.6428571428571429	0.875
PF19799	0.9405405405405406	0.33513513513513515	0.9297297297297298
PF03777	0.9866666666666667	0.6133333333333333	1.0
PF07052	0.9090909090909091	0.45454545454545453	0.9090909090909091
PF22634	0.9101123595505618	0.48314606741573035	0.9101123595505618
PF10173	0.9245283018867925	0.46226415094339623	0.8962264150943396
PF13355	0.9558823529411765	0.5147058823529411	0.9705882352941176
PF20969	0.9215686274509803	0.47058823529411764	0.9215686274509803
PF11488	0.9803921568627451	0.6470588235294118	0.9019607843137255
PF08541	0.9424460431654677	0.48201438848920863	0.9280575539568345
PF02254	0.9293478260869565	0.5434782608695652	0.9239130434782609
PF12801	0.9494949494949495	0.7171717171717171	0.9393939393939394
PF05981	0.8679245283018868	0.32075471698113206	0.8867924528301887
PF16450	0.9146341463414634	0.6219512195121951	0.9024390243902439
PF05907	0.921875	0.4921875	0.90625
PF20074	0.9431818181818182	0.2897727272727273	0.9431818181818182
PF17270	0.9150943396226415	0.44339622641509435	0.9056603773584906
PF05047	0.896551724137931	0.6551724137931034	0.9310344827586207
PF14215	0.9120879120879121	0.45054945054945056	0.9230769230769231
PF03469	0.9285714285714286	0.42857142857142855	0.9464285714285714
PF09157	0.9375	0.7916666666666666	0.9166666666666666
PF08622	0.9134615384615384	0.23076923076923078	0.9038461538461539
PF02610	0.9795918367346939	0.3877551020408163	0.9795918367346939
PF02148	0.9428571428571428	0.5	0.9428571428571428
PF02752	0.9274193548387096	0.5	0.9112903225806451
PF07498	0.9340659340659341	0.5604395604395604	0.978021978021978
PF14555	0.9507042253521126	0.647887323943662	0.9507042253521126
PF10414	0.9596774193548387	0.5564516129032258	0.9516129032258065
PF07589	0.9733333333333334	0.8733333333333333	0.9533333333333334
PF20399	0.9444444444444444	0.5888888888888889	0.9222222222222223
PF12626	0.9690721649484536	0.5051546391752577	0.9587628865979382
PF13962	0.9489795918367347	0.42857142857142855	0.9591836734693877
PF04263	0.9326923076923077	0.5480769230769231	0.9134615384615384
PF16686	0.9651162790697675	0.45348837209302323	0.9418604651162791
PF01477	0.975	0.525	0.95
PF02017	0.8873239436619719	0.49295774647887325	0.8873239436619719
PF04851	0.86	0.54	0.94
PF08286	0.922077922077922	0.4155844155844156	0.9090909090909091
PF03413	0.9343065693430657	0.6131386861313869	0.9343065693430657
PF14850	0.9420289855072463	0.5797101449275363	0.9420289855072463
PF02135	0.9776119402985075	0.7164179104477612	0.9552238805970149
PF02317	0.9405940594059405	0.40594059405940597	0.9603960396039604
PF00935	0.9411764705882353	0.6176470588235294	0.9117647058823529
PF01478	0.9696969696969697	0.6818181818181818	0.9393939393939394
PF13191	0.9423076923076923	0.6730769230769231	0.9423076923076923
PF12646	0.9238095238095239	0.6476190476190476	0.9523809523809523
PF07540	0.9583333333333334	0.5083333333333333	0.9416666666666667
PF07659	0.9464285714285714	0.6607142857142857	0.9642857142857143
PF23399	0.9516129032258065	0.8870967741935484	0.9354838709677419
PF04358	0.9401709401709402	0.5897435897435898	0.9316239316239316
PF03927	0.9722222222222222	0.5138888888888888	0.9861111111111112
PF05130	0.9	0.5142857142857142	0.8714285714285714
PF05193	0.952755905511811	0.6220472440944882	0.968503937007874
PF18578	0.9122807017543859	0.49122807017543857	0.9298245614035088
PF00526	0.9846153846153847	0.9153846153846154	0.9538461538461539
PF12010	0.9620253164556962	0.5822784810126582	0.9493670886075949
PF25471	0.944	0.592	0.936
PF25147	0.9484536082474226	0.7010309278350515	0.9381443298969072
PF18266	0.963855421686747	0.39759036144578314	0.9397590361445783
PF13370	0.92	0.6	0.9
PF20439	0.937984496124031	0.46511627906976744	0.9534883720930233
PF12450	0.9444444444444444	0.4305555555555556	0.9444444444444444
PF13259	0.9125	0.425	0.925
PF00052	0.9382022471910112	0.4606741573033708	0.9269662921348315
PF05258	0.9736842105263158	0.7368421052631579	0.9078947368421053
PF03232	0.9444444444444444	0.2698412698412698	0.9444444444444444
PF21728	0.9137931034482759	0.6724137931034483	0.9137931034482759
PF23243	0.912621359223301	0.34951456310679613	0.912621359223301
PF14285	0.9583333333333334	0.7291666666666666	0.9375
PF20137	0.9619047619047619	0.5714285714285714	0.9047619047619048
PF12696	0.927536231884058	0.37681159420289856	0.927536231884058
PF01912	0.9067796610169492	0.23728813559322035	0.923728813559322
PF21076	0.8536585365853658	0.47560975609756095	0.8780487804878049
PF24720	0.972027972027972	0.5594405594405595	0.958041958041958
PF17682	0.9682539682539683	0.5079365079365079	0.9523809523809523
PF02357	0.9166666666666666	0.5694444444444444	0.9305555555555556
PF00030	0.9305555555555556	0.4861111111111111	0.9166666666666666
PF25360	0.9795918367346939	0.6122448979591837	0.9591836734693877
PF13699	0.9146341463414634	0.5975609756097561	0.926829268292683
PF10698	0.9318181818181818	0.3181818181818182	0.9545454545454546
PF04238	0.937984496124031	0.5271317829457365	0.9224806201550387
PF23071	0.93048128342246	0.45989304812834225	0.9197860962566845
PF22664	0.9206349206349206	0.4603174603174603	0.8888888888888888
PF07723	0.9784172661870504	0.7050359712230215	0.9712230215827338
PF18920	0.88	0.52	0.88
PF04588	0.9444444444444444	0.6	0.9611111111111111
PF19953	0.9157894736842105	0.47368421052631576	0.9368421052631579
PF08406	0.9139784946236559	0.3655913978494624	0.9247311827956989
PF18050	0.9354838709677419	0.5483870967741935	0.967741935483871
PF19728	0.9716981132075472	0.5094339622641509	0.9622641509433962
PF02071	0.9791666666666666	0.7291666666666666	0.9791666666666666
PF11704	0.9615384615384616	0.5	0.9615384615384616
PF17918	0.95	0.6166666666666667	0.95
PF07724	0.9117647058823529	0.35294117647058826	0.9117647058823529
PF04526	0.925531914893617	0.44680851063829785	0.9468085106382979
PF18297	0.9342105263157895	0.5131578947368421	0.9078947368421053
PF12732	0.9696969696969697	0.7196969696969697	0.9772727272727273
PF03398	0.9439252336448598	0.42990654205607476	0.9532710280373832
PF04191	0.9583333333333334	0.3194444444444444	0.9722222222222222
PF20160	0.9629629629629629	0.5370370370370371	0.9814814814814815
PF12225	0.9629629629629629	0.5925925925925926	0.9506172839506173
PF19883	0.9571428571428572	0.6857142857142857	0.9285714285714286
PF01839	0.9644970414201184	0.650887573964497	0.9585798816568047
PF21621	0.9375	0.6041666666666666	0.9583333333333334
PF08984	0.9635036496350365	0.5693430656934306	0.9562043795620438
PF03031	0.9649122807017544	0.543859649122807	0.956140350877193
PF13796	0.9583333333333334	0.3472222222222222	0.9444444444444444
PF13503	0.9454545454545454	0.6727272727272727	0.9272727272727272
PF17162	0.9156626506024096	0.5903614457831325	0.9156626506024096
PF02100	0.9591836734693877	0.3469387755102041	0.9591836734693877
PF06108	0.9622641509433962	0.5031446540880503	0.9622641509433962
PF14584	0.9724770642201835	0.5412844036697247	0.944954128440367
PF01403	0.9532163742690059	0.26900584795321636	0.9415204678362573
PF22901	0.9512195121951219	0.4878048780487805	0.9146341463414634
PF08755	0.9411764705882353	0.5630252100840336	0.9243697478991597
PF05042	0.9157894736842105	0.5368421052631579	0.9473684210526315
PF09687	0.9202898550724637	0.6086956521739131	0.9130434782608695
PF05199	0.9285714285714286	0.6142857142857143	0.9857142857142858
PF20124	0.94	0.76	0.96
PF04420	0.9207920792079208	0.37623762376237624	0.9306930693069307
PF08156	0.9732620320855615	0.5775401069518716	0.9518716577540107
PF23716	0.98	0.69	0.99
PF11712	0.8571428571428571	0.34523809523809523	0.8571428571428571
PF17786	0.9555555555555556	0.7111111111111111	0.9481481481481482
PF22285	0.9054054054054054	0.3918918918918919	0.918918918918919
PF04106	0.9310344827586207	0.5431034482758621	0.9310344827586207
PF08368	0.9552238805970149	0.417910447761194	0.9701492537313433
PF24092	0.9666666666666667	0.35	0.9666666666666667
PF01648	0.9583333333333334	0.8402777777777778	0.9444444444444444
PF00418	0.9629629629629629	0.7592592592592593	0.9074074074074074
PF14768	0.8813559322033898	0.5084745762711864	0.8983050847457628
PF13409	0.9629629629629629	0.7407407407407407	0.9333333333333333
PF24786	0.972972972972973	0.5405405405405406	0.972972972972973
PF01949	0.9620253164556962	0.4430379746835443	0.9493670886075949
PF16197	0.9436619718309859	0.352112676056338	0.9154929577464789
PF15508	0.95	0.6333333333333333	0.9333333333333333
PF09497	0.9411764705882353	0.5882352941176471	0.9264705882352942
PF08573	0.9516129032258065	0.5967741935483871	0.9032258064516129
PF10722	0.9655172413793104	0.6666666666666666	0.9540229885057471
PF08000	0.9302325581395349	0.47674418604651164	0.9418604651162791
PF05406	0.9223300970873787	0.5922330097087378	0.912621359223301
PF21128	0.9230769230769231	0.5054945054945055	0.9560439560439561
PF17829	0.971830985915493	0.4507042253521127	0.9436619718309859
PF24456	0.9152542372881356	0.3220338983050847	0.9152542372881356
PF12965	0.8431372549019608	0.4117647058823529	0.8823529411764706
PF16275	0.92	0.4266666666666667	0.92
PF19137	0.8541666666666666	0.5833333333333334	0.9166666666666666
PF18319	0.97	0.87	0.94
PF04862	0.8541666666666666	0.4791666666666667	0.8958333333333334
PF20646	0.9726027397260274	0.684931506849315	0.9452054794520548
PF13784	0.9264705882352942	0.5441176470588235	0.9264705882352942
PF23020	0.9529411764705882	0.36470588235294116	0.9647058823529412
PF11774	0.9411764705882353	0.6372549019607843	0.9215686274509803
PF08417	0.9322033898305084	0.6271186440677966	0.9322033898305084
PF13365	0.9323308270676691	0.7293233082706767	0.9398496240601504
PF21183	0.956989247311828	0.6989247311827957	0.9354838709677419
PF05105	0.9532710280373832	0.42990654205607476	0.9626168224299065
PF06439	0.9192546583850931	0.4472049689440994	0.9006211180124224
PF16727	0.9540229885057471	0.5977011494252874	0.9597701149425287
PF22551	0.9607843137254902	0.5294117647058824	0.9607843137254902
PF23623	0.8958333333333334	0.5416666666666666	0.875
PF00550	0.9933333333333333	0.92	0.9733333333333334
PF07950	0.9696969696969697	0.42424242424242425	0.9393939393939394
PF19622	0.9473684210526315	0.5789473684210527	0.968421052631579
PF09345	0.9416666666666667	0.5583333333333333	0.9416666666666667
PF22922	0.9419354838709677	0.3935483870967742	0.9354838709677419
PF24495	0.9411764705882353	0.6274509803921569	0.9607843137254902
PF00932	0.936	0.512	0.936
PF18290	0.9210526315789473	0.5657894736842105	0.9210526315789473
PF09485	0.9117647058823529	0.5	0.9117647058823529
PF03909	0.9329896907216495	0.6494845360824743	0.9536082474226805
PF22945	0.9	0.44	0.9
PF25438	0.9108910891089109	0.5643564356435643	0.9306930693069307
PF08353	0.928	0.528	0.912
PF12996	0.9509803921568627	0.5588235294117647	0.9607843137254902
PF03221	0.9343065693430657	0.656934306569343	0.9051094890510949
PF18407	0.8958333333333334	0.5208333333333334	0.8958333333333334
PF12830	0.9224137931034483	0.5086206896551724	0.9310344827586207
PF20567	0.926605504587156	0.41284403669724773	0.9357798165137615
PF04014	0.9557522123893806	0.7433628318584071	0.9380530973451328
PF09962	0.9767441860465116	0.5697674418604651	0.9651162790697675
PF02520	0.9571428571428572	0.32857142857142857	0.9285714285714286
PF17407	0.975609756097561	0.4959349593495935	0.959349593495935
PF24470	0.9052631578947369	0.5473684210526316	0.9368421052631579
PF10211	0.9032258064516129	0.4032258064516129	0.9193548387096774
PF20664	0.9420289855072463	0.4927536231884058	0.9420289855072463
PF23127	0.8703703703703703	0.37037037037037035	0.8703703703703703
PF01124	0.9736842105263158	0.5	0.9671052631578947
PF10087	0.9090909090909091	0.42727272727272725	0.9
PF24367	0.9629629629629629	0.5370370370370371	0.9444444444444444
PF03711	0.9117647058823529	0.5147058823529411	0.8823529411764706
PF24660	0.9027777777777778	0.375	0.9166666666666666
PF20945	0.9253731343283582	0.5298507462686567	0.9253731343283582
PF25443	0.9183673469387755	0.5918367346938775	0.9387755102040817
PF11578	0.9645390070921985	0.5035460992907801	0.950354609929078
PF07920	0.9714285714285714	0.5071428571428571	0.9571428571428572
PF10049	0.9568965517241379	0.646551724137931	0.9051724137931034
PF17758	0.9838709677419355	0.6612903225806451	0.9838709677419355
PF04679	0.9785714285714285	0.5285714285714286	0.9571428571428572
PF20648	0.963302752293578	0.5871559633027523	0.944954128440367
PF09900	0.9210526315789473	0.3815789473684211	0.9078947368421053
PF23600	0.9096774193548387	0.4129032258064516	0.9161290322580645
PF09290	0.9305555555555556	0.5972222222222222	0.9305555555555556
PF11228	0.9016393442622951	0.32786885245901637	0.9180327868852459
PF12971	0.9557522123893806	0.504424778761062	0.9469026548672567
PF09106	0.9818181818181818	0.6727272727272727	0.9636363636363636
PF25512	0.9577464788732394	0.7464788732394366	0.8873239436619719
PF01569	0.9285714285714286	0.8571428571428571	0.9107142857142857
PF02080	0.9809523809523809	0.8857142857142857	0.9714285714285714
PF24867	0.9337748344370861	0.46357615894039733	0.9337748344370861
PF23443	0.9518072289156626	0.4939759036144578	0.9397590361445783
PF20069	0.9473684210526315	0.5789473684210527	0.956140350877193
PF05178	0.9772727272727273	0.5984848484848485	0.9696969696969697
PF16679	0.9770114942528736	0.3103448275862069	0.9770114942528736
PF01821	0.9438202247191011	0.4943820224719101	0.9550561797752809
PF03896	0.8823529411764706	0.35294117647058826	0.8627450980392157
PF18331	0.9387755102040817	0.7653061224489796	0.9489795918367347
PF09955	0.9058823529411765	0.36470588235294116	0.9411764705882353
PF20046	0.875	0.328125	0.921875
PF14818	0.9102564102564102	0.6410256410256411	0.8974358974358975
PF01579	0.9767441860465116	0.5581395348837209	0.9651162790697675
PF18211	0.9583333333333334	0.5833333333333334	0.9791666666666666
PF09819	0.967032967032967	0.34065934065934067	0.9560439560439561
PF01846	0.9252336448598131	0.6074766355140186	0.9065420560747663
PF09931	0.9574468085106383	0.425531914893617	0.925531914893617
PF17675	0.9444444444444444	0.5092592592592593	0.9537037037037037
PF24475	0.96875	0.625	0.9270833333333334
PF12550	0.9252336448598131	0.4766355140186916	0.9065420560747663
PF06859	0.9384615384615385	0.47692307692307695	0.9538461538461539
PF17039	0.9242424242424242	0.42424242424242425	0.9242424242424242
PF12311	0.9513888888888888	0.5763888888888888	0.9513888888888888
PF22959	0.9047619047619048	0.38095238095238093	0.9047619047619048
PF08628	0.9468085106382979	0.5372340425531915	0.9361702127659575
PF23668	0.9259259259259259	0.5432098765432098	0.9012345679012346
PF04354	0.958904109589041	0.821917808219178	0.9315068493150684
PF11861	0.9337748344370861	0.4105960264900662	0.9139072847682119
PF10374	0.9587628865979382	0.5257731958762887	0.9278350515463918
PF06427	0.9383561643835616	0.4383561643835616	0.9383561643835616
PF00306	0.937888198757764	0.6024844720496895	0.9440993788819876
PF02736	0.9503105590062112	0.5714285714285714	0.9503105590062112
PF04226	0.9066666666666666	0.6133333333333333	0.9466666666666667
PF17788	0.937984496124031	0.7751937984496124	0.9147286821705426
PF17746	0.9864864864864865	0.8918918918918919	0.9459459459459459
PF00849	0.98	0.9	1.0
PF25064	0.9333333333333333	0.5066666666666667	0.8933333333333333
PF08508	0.9482758620689655	0.41379310344827586	0.9310344827586207
PF05832	0.9444444444444444	0.5238095238095238	0.9444444444444444
PF04455	0.9117647058823529	0.38235294117647056	0.9264705882352942
PF01936	0.9214285714285714	0.5	0.9285714285714286
PF24705	0.935064935064935	0.5844155844155844	0.948051948051948
PF12032	0.9454545454545454	0.5757575757575758	0.9575757575757575
PF01822	0.96	0.62	0.97
PF10418	0.9615384615384616	0.6538461538461539	0.9487179487179487
PF12829	0.953125	0.453125	0.953125
PF23288	0.9459459459459459	0.6216216216216216	0.8783783783783784
PF10040	0.9423076923076923	0.5961538461538461	0.9551282051282052
PF01467	0.9523809523809523	0.5079365079365079	0.9523809523809523
PF14370	0.9354838709677419	0.5967741935483871	0.9193548387096774
PF04088	0.974025974025974	0.5194805194805194	0.961038961038961
PF18458	0.9714285714285714	0.6	0.9571428571428572
PF18918	0.9375	0.5104166666666666	0.9375
PF13415	0.9387755102040817	0.8163265306122449	0.9387755102040817
PF10247	0.9615384615384616	0.38461538461538464	0.9807692307692307
PF16702	0.8979591836734694	0.30612244897959184	0.8571428571428571
PF18416	0.9814814814814815	0.6296296296296297	0.9814814814814815
PF11738	0.9503105590062112	0.7267080745341615	0.9440993788819876
PF25507	0.9534883720930233	0.5465116279069767	0.9302325581395349
PF01607	0.9594594594594594	0.8378378378378378	0.9391891891891891
PF19857	0.90625	0.609375	0.921875
PF22671	0.9310344827586207	0.5689655172413793	0.9482758620689655
PF07422	0.9375	0.4375	0.9375
PF09729	0.8372093023255814	0.4883720930232558	0.813953488372093
PF06305	0.9398496240601504	0.6842105263157895	0.8947368421052632
PF20436	0.9738562091503268	0.6601307189542484	0.9411764705882353
PF01613	0.9838709677419355	0.6451612903225806	0.967741935483871
PF05365	0.9354838709677419	0.4838709677419355	0.9247311827956989
PF02099	0.967741935483871	0.3387096774193548	0.967741935483871
PF15402	0.9814814814814815	0.8518518518518519	0.9259259259259259
PF05425	0.948051948051948	0.5844155844155844	0.922077922077922
PF14538	0.9607843137254902	0.5098039215686274	0.9411764705882353
PF21718	0.9425287356321839	0.8160919540229885	0.9310344827586207
PF24465	0.9367816091954023	0.5574712643678161	0.9367816091954023
PF09360	0.954248366013072	0.6666666666666666	0.9281045751633987
PF01751	0.9153846153846154	0.5230769230769231	0.9153846153846154
PF14232	0.9107142857142857	0.6964285714285714	0.9464285714285714
PF23491	0.9423076923076923	0.6153846153846154	0.9230769230769231
PF02519	0.967479674796748	0.43089430894308944	0.975609756097561
PF18932	0.9137931034482759	0.8103448275862069	0.9137931034482759
PF07055	0.9047619047619048	0.6666666666666666	0.9166666666666666
PF03839	0.9682539682539683	0.3333333333333333	0.9523809523809523
PF03640	0.972972972972973	0.5945945945945946	0.972972972972973
PF24427	0.9358974358974359	0.5512820512820513	0.9487179487179487
PF13183	0.9603174603174603	0.6904761904761905	0.9444444444444444
PF13323	0.9516129032258065	0.27419354838709675	0.9516129032258065
PF01521	0.9239130434782609	0.44565217391304346	0.9130434782608695
PF13241	0.9626865671641791	0.5223880597014925	0.9626865671641791
PF11248	0.9041095890410958	0.5205479452054794	0.8904109589041096
PF04928	0.9204545454545454	0.38636363636363635	0.9431818181818182
PF22586	0.9675675675675676	0.6378378378378379	0.9567567567567568
PF07238	0.9521276595744681	0.7659574468085106	0.9521276595744681
PF12674	0.9583333333333334	0.7222222222222222	0.9305555555555556
PF11752	0.9532163742690059	0.6842105263157895	0.9649122807017544
PF12612	0.9239130434782609	0.5108695652173914	0.9130434782608695
PF18005	0.9150943396226415	0.7169811320754716	0.9245283018867925
PF09072	0.9230769230769231	0.75	0.8846153846153846
PF18833	0.941747572815534	0.6893203883495146	0.941747572815534
PF13577	0.9076923076923077	0.5846153846153846	0.8307692307692308
PF16747	0.9423076923076923	0.6025641025641025	0.9358974358974359
PF13312	0.8983050847457628	0.423728813559322	0.8983050847457628
PF08414	0.9591836734693877	0.4897959183673469	0.9183673469387755
PF06842	0.9367088607594937	0.5569620253164557	0.9493670886075949
PF23954	0.9285714285714286	0.5238095238095238	0.9166666666666666
PF24178	0.9365079365079365	0.746031746031746	0.9365079365079365
PF20233	0.9875	0.575	0.975
PF25000	0.9459459459459459	0.5675675675675675	0.963963963963964
PF05730	0.967391304347826	0.6413043478260869	0.9782608695652174
PF02452	0.9349593495934959	0.5203252032520326	0.9349593495934959
PF12728	0.9813664596273292	0.8198757763975155	0.968944099378882
PF11967	0.9746835443037974	0.6075949367088608	0.9493670886075949
PF11575	0.9295774647887324	0.7887323943661971	0.9014084507042254
PF00009	0.9029850746268657	0.39552238805970147	0.9104477611940298
PF12802	0.9705882352941176	0.7745098039215687	0.9509803921568627
PF04235	0.967741935483871	0.5645161290322581	0.9193548387096774
PF00347	0.9411764705882353	0.49411764705882355	0.9411764705882353
PF08364	0.9552238805970149	0.417910447761194	0.9402985074626866
PF10312	0.9191919191919192	0.5151515151515151	0.9393939393939394
PF22746	0.9708029197080292	0.7883211678832117	0.948905109489051
PF07544	0.9074074074074074	0.4074074074074074	0.9074074074074074
PF12627	0.9358974358974359	0.6474358974358975	0.9358974358974359
PF25334	0.943089430894309	0.4634146341463415	0.9186991869918699
PF06863	0.9583333333333334	0.4583333333333333	0.9479166666666666
PF22689	0.9615384615384616	0.46153846153846156	0.9423076923076923
PF21757	0.9871794871794872	0.5384615384615384	0.9743589743589743
PF19910	0.9591836734693877	0.46938775510204084	0.9387755102040817
PF17144	0.9239130434782609	0.5	0.9130434782608695
PF21094	0.9014084507042254	0.4788732394366197	0.9154929577464789
PF02182	0.9205298013245033	0.5033112582781457	0.9403973509933775
PF24833	0.88	0.48	0.86
PF07219	0.921875	0.578125	0.953125
PF20150	0.9743589743589743	0.8564102564102564	0.958974358974359
PF24679	0.926829268292683	0.5853658536585366	0.9146341463414634
PF17479	0.9545454545454546	0.5181818181818182	0.9454545454545454
PF04389	0.9038461538461539	0.4423076923076923	0.8846153846153846
PF21191	0.9036144578313253	0.6626506024096386	0.927710843373494
PF08264	0.9808917197452229	0.7006369426751592	0.9617834394904459
PF22322	0.9148936170212766	0.45195729537366547	0.9288256227758007
PF25055	0.9631901840490797	0.6196319018404908	0.9754601226993865
PF25213	0.9206349206349206	0.42857142857142855	0.9206349206349206
PF00258	0.8888888888888888	0.4074074074074074	0.8888888888888888
PF06703	0.9583333333333334	0.4375	0.9444444444444444
PF25562	0.9239130434782609	0.5	0.9456521739130435
PF12769	0.9590643274853801	0.42105263157894735	0.9473684210526315
PF00178	0.9702970297029703	0.5742574257425742	0.9504950495049505
PF05506	0.9926470588235294	0.5294117647058824	0.9779411764705882
PF10607	0.9444444444444444	0.42592592592592593	0.9351851851851852
PF24938	0.9259259259259259	0.38271604938271603	0.9259259259259259
PF24441	0.9423076923076923	0.6923076923076923	0.9423076923076923
PF25344	0.9263157894736842	0.5894736842105263	0.8842105263157894
PF25042	0.9047619047619048	0.47619047619047616	0.8888888888888888
PF25314	0.9479166666666666	0.6875	0.9479166666666666
PF01090	0.9259259259259259	0.3851851851851852	0.9185185185185185
PF06883	0.9629629629629629	0.5092592592592593	0.9814814814814815
PF19906	0.9479166666666666	0.3645833333333333	0.9479166666666666
PF02799	0.9084507042253521	0.4014084507042254	0.9225352112676056
PF17885	1.0	0.5094339622641509	0.9811320754716981
PF14325	0.9583333333333334	0.4722222222222222	0.9722222222222222
PF20111	0.9358974358974359	0.6923076923076923	0.9358974358974359
PF18998	0.9423076923076923	0.5384615384615384	0.9230769230769231
PF11307	0.9866666666666667	0.4	0.9866666666666667
PF19116	0.9402985074626866	0.47761194029850745	0.9104477611940298
PF21948	0.9545454545454546	0.5113636363636364	0.9488636363636364
PF21751	0.9056603773584906	0.6415094339622641	0.8679245283018868
PF11123	0.946969696969697	0.5833333333333334	0.9318181818181818
PF17899	0.9489795918367347	0.6428571428571429	0.9489795918367347
PF03987	0.9533333333333334	0.5133333333333333	0.9533333333333334
PF14630	0.9291338582677166	0.47244094488188976	0.905511811023622
PF21699	0.9478260869565217	0.5217391304347826	0.9130434782608695
PF21027	0.9393939393939394	0.5909090909090909	0.9242424242424242
PF06943	0.9710144927536232	0.6666666666666666	0.9565217391304348
PF18096	0.9375	0.609375	0.859375
PF04356	0.9696969696969697	0.4696969696969697	0.9393939393939394
PF11325	0.9142857142857143	0.5	0.9428571428571428
PF19372	0.9098360655737705	0.3442622950819672	0.9016393442622951
PF20210	0.9433962264150944	0.5660377358490566	0.9245283018867925
PF00610	0.896551724137931	0.4942528735632184	0.8850574712643678
PF16500	0.9230769230769231	0.6153846153846154	0.9230769230769231
PF25345	0.9473684210526315	0.3684210526315789	0.9473684210526315
PF08311	0.9624060150375939	0.44360902255639095	0.9548872180451128
PF09864	0.9565217391304348	0.5942028985507246	0.9420289855072463
PF02179	0.9411764705882353	0.5347593582887701	0.9411764705882353
PF17657	0.9310344827586207	0.4827586206896552	0.9195402298850575
PF25211	0.9166666666666666	0.5714285714285714	0.9285714285714286
PF22289	0.9880952380952381	0.5833333333333334	0.9642857142857143
PF08482	0.9468085106382979	0.5	0.9680851063829787
PF14062	0.8958333333333334	0.6041666666666666	0.875
PF00039	0.9038461538461539	0.4230769230769231	0.9423076923076923
PF13289	0.9423076923076923	0.7307692307692307	0.9230769230769231
PF18974	0.9622641509433962	0.6415094339622641	0.9245283018867925
PF14823	0.921875	0.484375	0.90625
PF08883	0.9428571428571428	0.38095238095238093	0.9428571428571428
PF14561	0.8666666666666667	0.4888888888888889	0.8777777777777778
PF04008	0.9418604651162791	0.5116279069767442	0.9534883720930233
PF20669	0.9415584415584416	0.538961038961039	0.9415584415584416
PF00096	0.9617834394904459	0.9554140127388535	0.9745222929936306
PF12172	0.9864864864864865	0.918918918918919	0.972972972972973
PF23232	0.9322033898305084	0.615819209039548	0.9322033898305084
PF11941	0.9259259259259259	0.6111111111111112	0.9444444444444444
PF25682	0.9533333333333334	0.37333333333333335	0.9466666666666667
PF12998	0.9516129032258065	0.45161290322580644	0.9354838709677419
PF23673	0.9606741573033708	0.6460674157303371	0.949438202247191
PF19296	0.9436619718309859	0.4788732394366197	0.9577464788732394
PF23009	0.9803921568627451	0.6470588235294118	0.9803921568627451
PF23619	0.9375	0.5208333333333334	0.9166666666666666
PF25009	0.9618320610687023	0.4351145038167939	0.9465648854961832
PF22769	0.9387755102040817	0.42857142857142855	0.8979591836734694
PF06107	0.954248366013072	0.5751633986928104	0.9477124183006536
PF00912	0.9340659340659341	0.7582417582417582	0.9340659340659341
PF14214	0.8805970149253731	0.31343283582089554	0.8955223880597015
PF00005	0.9811320754716981	0.8867924528301887	0.9622641509433962
PF25515	0.9154929577464789	0.5070422535211268	0.8591549295774648
PF04265	0.9141414141414141	0.6262626262626263	0.9292929292929293
PF21763	0.9583333333333334	0.46875	0.96875
PF08719	0.9714285714285714	0.45714285714285713	0.9657142857142857
PF11746	0.9384615384615385	0.4846153846153846	0.9153846153846154
PF25820	0.9583333333333334	0.8333333333333334	0.9583333333333334
PF25067	0.9622641509433962	0.5283018867924528	0.9811320754716981
PF20240	0.9102564102564102	0.7307692307692307	0.8974358974358975
PF20411	0.9052631578947369	0.6	0.9157894736842105
PF25296	0.9375	0.7125	0.925
PF11527	0.958904109589041	0.3835616438356164	0.9315068493150684
PF24557	0.9104477611940298	0.582089552238806	0.9253731343283582
PF25480	0.9487179487179487	0.5128205128205128	0.9401709401709402
PF24638	0.974025974025974	0.4935064935064935	0.961038961038961
PF09411	0.9305555555555556	0.5	0.9305555555555556
PF07731	0.9112903225806451	0.4596774193548387	0.8951612903225806
PF07660	0.972027972027972	0.7552447552447552	0.9440559440559441
PF22646	0.9669421487603306	0.7107438016528925	0.9504132231404959
PF24564	0.9489795918367347	0.3979591836734694	0.9285714285714286
PF05282	0.8863636363636364	0.3977272727272727	0.9090909090909091
PF01337	0.9358974358974359	0.5128205128205128	0.9102564102564102
PF03126	0.93125	0.5	0.9125
PF00852	0.8933333333333333	0.37333333333333335	0.8666666666666667
PF06230	0.9333333333333333	0.4583333333333333	0.95
PF09436	0.8888888888888888	0.5555555555555556	0.8571428571428571
PF00736	0.9571428571428572	0.5142857142857142	0.9357142857142857
PF12419	0.9457831325301205	0.5120481927710844	0.9457831325301205
PF00466	0.95	0.63	0.97
PF11127	0.9710144927536232	0.6811594202898551	0.9855072463768116
PF20132	0.9666666666666667	0.5	0.9333333333333333
PF22526	0.9655172413793104	0.4827586206896552	0.9827586206896551
PF10128	0.9017857142857143	0.35714285714285715	0.8928571428571429
PF10021	0.9491525423728814	0.559322033898305	0.9830508474576272
PF21957	0.8951048951048951	0.5611510791366906	0.9136690647482014
PF14343	0.944	0.712	0.904
PF07725	0.9215686274509803	0.7647058823529411	0.9411764705882353
PF08630	0.9722222222222222	0.5833333333333334	0.8888888888888888
PF15412	0.9411764705882353	0.5735294117647058	0.9117647058823529
PF02006	0.9848484848484849	0.42424242424242425	0.9696969696969697
PF08772	0.9439252336448598	0.45794392523364486	0.9439252336448598
PF09079	0.9444444444444444	0.49382716049382713	0.9506172839506173
PF24332	0.9558823529411765	0.4117647058823529	0.9558823529411765
PF12282	0.9552238805970149	0.4925373134328358	0.9552238805970149
PF23237	0.9603960396039604	0.43564356435643564	0.9702970297029703
PF23012	0.96875	0.5625	0.9375
PF03371	0.9032258064516129	0.3709677419354839	0.8951612903225806
PF24858	0.9423076923076923	0.9807692307692307	1.0
PF01759	0.9285714285714286	0.4897959183673469	0.9183673469387755
PF18884	0.9594594594594594	0.7702702702702703	0.9594594594594594
PF04578	0.9101123595505618	0.449438202247191	0.9213483146067416
PF16862	0.9212121212121213	0.4484848484848485	0.9333333333333333
PF01915	0.8947368421052632	0.3684210526315789	0.9385964912280702
PF09356	0.9433962264150944	0.6415094339622641	0.9433962264150944
PF07308	0.9369369369369369	0.5765765765765766	0.918918918918919
PF08799	0.993006993006993	0.6713286713286714	0.9790209790209791
PF00941	0.9180327868852459	0.39344262295081966	0.9344262295081968
PF21127	0.961038961038961	0.45454545454545453	0.935064935064935
PF23868	0.9428571428571428	0.3	0.9571428571428572
PF00659	0.9402173913043478	0.6141304347826086	0.9293478260869565
PF14340	0.8602150537634409	0.3225806451612903	0.8709677419354839
PF14525	0.8596491228070176	0.543859649122807	0.8596491228070176
PF17805	0.9629629629629629	0.8888888888888888	0.9444444444444444
PF16861	0.9419354838709677	0.5225806451612903	0.9354838709677419
PF01299	0.9384615384615385	0.3384615384615385	0.9384615384615385
PF08019	1.0	0.45263157894736844	0.9789473684210527
PF25734	0.9354838709677419	0.6774193548387096	0.9193548387096774
PF10438	0.9516129032258065	0.5483870967741935	0.9354838709677419
PF20260	0.9625	0.6	0.95
PF04776	0.8775510204081632	0.32653061224489793	0.8775510204081632
PF02950	0.96875	0.65625	1.0
PF06054	0.9310344827586207	0.5057471264367817	0.9195402298850575
PF07189	0.9076923076923077	0.4307692307692308	0.8923076923076924
PF17864	0.9318181818181818	0.6136363636363636	0.9318181818181818
PF00533	0.961038961038961	0.7922077922077922	0.922077922077922
PF16300	0.922077922077922	0.6168831168831169	0.9545454545454546
PF14615	0.95	0.65	0.95
PF24732	0.9431818181818182	0.5681818181818182	0.9659090909090909
PF08328	0.9263803680981595	0.5276073619631901	0.9263803680981595
PF06200	0.9523809523809523	0.6904761904761905	0.9285714285714286
PF16004	0.9658119658119658	0.47863247863247865	0.9743589743589743
PF23614	0.9639175257731959	0.5670103092783505	0.9639175257731959
PF25809	0.9285714285714286	0.42857142857142855	0.9285714285714286
PF13885	1.0	0.75	1.0
PF11181	0.9666666666666667	0.5666666666666667	0.9
PF13948	0.993421052631579	0.7828947368421053	0.9802631578947368
PF13102	0.9444444444444444	0.5648148148148148	0.9351851851851852
PF04383	0.9699248120300752	0.556390977443609	0.9548872180451128
PF06985	0.9896907216494846	0.7938144329896907	0.979381443298969
PF19868	0.9734513274336283	0.6371681415929203	0.9823008849557522
PF08407	0.9210526315789473	0.5	0.9385964912280702
PF04112	0.9333333333333333	0.3466666666666667	0.92
PF13822	0.9302325581395349	0.627906976744186	0.872093023255814
PF21323	0.8804347826086957	0.6162790697674418	0.9418604651162791
PF00420	0.8813559322033898	0.4406779661016949	0.8983050847457628
PF07734	0.9278350515463918	0.5360824742268041	0.9072164948453608
PF03800	0.9313725490196079	0.46078431372549017	0.8921568627450981
PF04972	0.9516129032258065	0.5967741935483871	0.967741935483871
PF08312	0.9779411764705882	0.7132352941176471	0.9485294117647058
PF21338	0.9728260869565217	0.7336956521739131	0.9836956521739131
PF22495	0.9140625	0.5914893617021276	0.9148936170212766
PF16190	0.9609375	0.5390625	0.9453125
PF19413	0.9487179487179487	0.48717948717948717	0.9230769230769231
PF14833	0.9814814814814815	0.42592592592592593	0.9629629629629629
PF11193	0.9464285714285714	0.5892857142857143	0.9285714285714286
PF01082	0.8953488372093024	0.3488372093023256	0.8953488372093024
PF05741	0.9454545454545454	0.6181818181818182	0.9454545454545454
PF25466	0.9270833333333334	0.46875	0.9166666666666666
PF19903	0.9111111111111111	0.3888888888888889	0.9
PF01754	0.9615384615384616	0.6634615384615384	0.9711538461538461
PF07574	0.9324324324324325	0.2702702702702703	0.918918918918919
PF13551	0.9411764705882353	0.6078431372549019	0.9411764705882353
PF01277	0.8367346938775511	0.4489795918367347	0.9183673469387755
PF18614	0.9565217391304348	0.6630434782608695	0.967391304347826
PF06792	0.9313725490196079	0.3431372549019608	0.9411764705882353
PF12412	0.9857142857142858	0.5857142857142857	0.9428571428571428
PF21706	0.9262295081967213	0.36885245901639346	0.9180327868852459
PF10544	0.9662921348314607	0.5842696629213483	0.9325842696629213
PF11255	0.9318181818181818	0.5	0.9318181818181818
PF14528	0.9354838709677419	0.7096774193548387	0.9139784946236559
PF24554	0.9798657718120806	0.4966442953020134	0.9731543624161074
PF02082	0.9032258064516129	0.3655913978494624	0.8924731182795699
PF12171	0.9339622641509434	0.7924528301886793	0.9433962264150944
PF05615	0.8916666666666667	0.45	0.9
PF19545	0.9431818181818182	0.48863636363636365	0.9431818181818182
PF00645	0.9352941176470588	0.45294117647058824	0.9235294117647059
PF13511	0.9493670886075949	0.9113924050632911	0.9493670886075949
PF03147	0.9418604651162791	0.7558139534883721	0.9534883720930233
PF18503	0.9436619718309859	0.6619718309859155	0.9295774647887324
PF16979	0.9607843137254902	0.5294117647058824	0.9607843137254902
PF00658	0.9666666666666667	0.6416666666666667	0.95
PF03720	0.9664429530201343	0.6845637583892618	0.9664429530201343
PF13400	0.9453125	0.6796875	0.9375
PF00753	0.9333333333333333	0.8083333333333333	0.9583333333333334
PF01753	0.9915254237288136	0.8813559322033898	0.9661016949152542
PF24460	0.9508196721311475	0.6639344262295082	0.9344262295081968
PF04539	0.9661016949152542	0.5423728813559322	0.9152542372881356
PF06897	0.9315068493150684	0.5616438356164384	0.9315068493150684
PF22483	0.9731182795698925	0.5376344086021505	0.9623655913978495
PF01327	0.9393939393939394	0.5909090909090909	0.9545454545454546
PF14789	0.9333333333333333	0.75	0.95
PF14255	0.9622641509433962	0.660377358490566	0.9433962264150944
PF12247	0.9436619718309859	0.5774647887323944	0.9436619718309859
PF12484	0.9310344827586207	0.5862068965517241	0.9195402298850575
PF25037	0.9523809523809523	0.5714285714285714	0.9444444444444444
PF14026	0.9402985074626866	0.3880597014925373	0.9253731343283582
PF09799	0.9634146341463414	0.5365853658536586	0.9512195121951219
PF07484	0.9404761904761905	0.5952380952380952	0.9345238095238095
PF03637	0.937007874015748	0.3700787401574803	0.9448818897637795
PF17776	0.9705882352941176	0.6764705882352942	0.9705882352941176
