	subtree_id	inferred-true-rf	inferred-init-rf	init-true-rf
0	16386	0.9583333333333334	0.9791666666666666	0.6875
1	16389	0.9583333333333334	0.9583333333333334	0.5416666666666666
2	16390	0.9166666666666666	0.9375	0.5416666666666666
3	10	0.8958333333333334	0.875	0.4791666666666667
4	8203	0.875	0.8958333333333334	0.4375
5	12	0.9375	0.9583333333333334	0.625
6	16394	0.875	0.8958333333333334	0.5
7	14	0.875	0.8958333333333334	0.4583333333333333
8	8209	0.9583333333333334	0.9791666666666666	0.4791666666666667
9	16406	0.8958333333333334	0.8958333333333334	0.4583333333333333
10	8227	0.9791666666666666	0.9791666666666666	0.5833333333333334
11	8229	0.9166666666666666	0.9166666666666666	0.5208333333333334
12	8231	0.8541666666666666	0.9166666666666666	0.5625
13	16423	0.9166666666666666	0.9375	0.5833333333333334
14	8235	0.8541666666666666	0.9166666666666666	0.5208333333333334
15	8246	0.9166666666666666	0.9166666666666666	0.5416666666666666
16	16439	0.875	0.8958333333333334	0.4791666666666667
17	56	0.9166666666666666	0.9583333333333334	0.5416666666666666
18	61	0.875	0.9166666666666666	0.5
19	16449	0.7708333333333334	0.7708333333333334	0.5
20	8259	0.9583333333333334	0.9583333333333334	0.5416666666666666
21	8265	0.9166666666666666	0.9375	0.5833333333333334
22	16457	0.8958333333333334	0.9583333333333334	0.6041666666666666
23	16459	0.875	0.875	0.4375
24	78	0.9166666666666666	0.9583333333333334	0.5416666666666666
25	90	0.875	0.875	0.4583333333333333
26	8287	0.9583333333333334	0.9583333333333334	0.5833333333333334
27	16479	0.9166666666666666	0.9166666666666666	0.4791666666666667
28	16483	0.8958333333333334	0.9166666666666666	0.5416666666666666
29	106	0.8958333333333334	0.9166666666666666	0.4791666666666667
30	16490	0.9375	0.8958333333333334	0.4583333333333333
31	8309	0.8958333333333334	0.9166666666666666	0.5416666666666666
32	118	0.9166666666666666	0.9583333333333334	0.4791666666666667
33	16501	0.8958333333333334	0.8958333333333334	0.5416666666666666
34	8312	0.8541666666666666	0.875	0.4375
35	126	0.8958333333333334	0.875	0.5
36	127	0.9583333333333334	0.9583333333333334	0.5416666666666666
37	16510	0.9166666666666666	0.9166666666666666	0.5625
38	8322	0.9583333333333334	0.9583333333333334	0.5625
39	8323	0.9375	0.9583333333333334	0.6666666666666666
40	16515	0.9166666666666666	0.9583333333333334	0.5208333333333334
41	8326	0.8333333333333334	0.875	0.4375
42	16518	0.9791666666666666	1.0	0.5833333333333334
43	16522	0.8125	0.8541666666666666	0.5625
44	16525	0.875	0.9375	0.5416666666666666
45	8336	0.9166666666666666	0.9166666666666666	0.4166666666666667
46	146	0.8333333333333334	0.9166666666666666	0.5625
47	8339	0.9583333333333334	0.9375	0.4791666666666667
48	149	0.8958333333333334	0.8958333333333334	0.625
49	154	0.9166666666666666	0.8958333333333334	0.5208333333333334
50	16539	0.875	0.8958333333333334	0.5625
51	16543	0.9166666666666666	0.9166666666666666	0.5833333333333334
52	162	0.9166666666666666	0.9375	0.625
53	8357	0.875	0.9583333333333334	0.5
54	8358	0.9583333333333334	0.9583333333333334	0.5416666666666666
55	8364	0.875	0.875	0.4583333333333333
56	190	0.8958333333333334	0.9583333333333334	0.5833333333333334
57	191	0.9791666666666666	0.9583333333333334	0.5208333333333334
58	198	0.8958333333333334	0.9583333333333334	0.6458333333333334
59	8390	0.9583333333333334	0.9583333333333334	0.5625
60	8393	0.8958333333333334	0.9375	0.625
61	203	0.8958333333333334	0.9166666666666666	0.5
62	207	0.9375	0.9375	0.4375
63	208	0.9375	1.0	0.5833333333333334
64	214	0.9166666666666666	0.9583333333333334	0.5416666666666666
65	8416	0.9166666666666666	0.9166666666666666	0.625
66	16609	0.875	0.8958333333333334	0.4583333333333333
67	16610	0.875	0.875	0.5416666666666666
68	16617	0.8958333333333334	0.9166666666666666	0.5416666666666666
69	236	0.8958333333333334	0.9166666666666666	0.5625
70	237	0.9583333333333334	0.9791666666666666	0.5416666666666666
71	8428	0.9583333333333334	0.9583333333333334	0.5416666666666666
72	8429	0.9375	0.9791666666666666	0.625
73	8430	0.9583333333333334	0.9791666666666666	0.5
74	8434	0.9166666666666666	0.9583333333333334	0.5833333333333334
75	8437	0.9375	0.9375	0.6666666666666666
76	16634	0.8541666666666666	0.9166666666666666	0.5833333333333334
77	16640	0.875	0.9375	0.5
78	16645	0.9375	0.9583333333333334	0.5
79	16647	0.8958333333333334	0.9375	0.5625
80	16654	0.8541666666666666	0.8541666666666666	0.4791666666666667
81	272	0.9791666666666666	0.9791666666666666	0.5
82	8468	0.9166666666666666	0.9375	0.5208333333333334
83	16662	0.8541666666666666	0.8541666666666666	0.5
84	8473	0.8958333333333334	0.8541666666666666	0.4791666666666667
85	282	0.8125	0.8958333333333334	0.5416666666666666
86	16670	0.9166666666666666	0.9375	0.6041666666666666
87	295	0.8958333333333334	0.9166666666666666	0.5
88	302	0.8333333333333334	0.8958333333333334	0.5416666666666666
89	303	0.8541666666666666	0.8958333333333334	0.5625
90	16691	0.9375	0.9375	0.3958333333333333
91	8503	0.9583333333333334	0.9791666666666666	0.625
92	16702	0.9166666666666666	0.9375	0.5833333333333334
93	8513	0.875	0.9375	0.6458333333333334
94	8520	0.8541666666666666	0.8541666666666666	0.4583333333333333
95	16714	0.8125	0.8333333333333334	0.4791666666666667
96	8530	0.9166666666666666	0.9166666666666666	0.5625
97	339	0.8958333333333334	0.875	0.3958333333333333
98	16725	0.9583333333333334	0.9791666666666666	0.5833333333333334
99	8534	0.875	0.8958333333333334	0.5
100	16726	0.9166666666666666	0.9583333333333334	0.625
101	16730	0.9375	0.9166666666666666	0.5416666666666666
102	353	0.8541666666666666	0.8958333333333334	0.4583333333333333
103	363	0.8958333333333334	0.8958333333333334	0.4375
104	8556	0.9583333333333334	0.9583333333333334	0.4375
105	16749	0.9375	0.9166666666666666	0.5833333333333334
106	375	0.875	0.8958333333333334	0.5625
107	8568	0.9583333333333334	0.9791666666666666	0.4583333333333333
108	8572	0.875	0.8958333333333334	0.5
109	385	0.9375	0.9375	0.4375
110	8578	0.8541666666666666	0.9166666666666666	0.5416666666666666
111	8581	0.9375	0.9375	0.5416666666666666
112	16775	0.875	0.9166666666666666	0.5416666666666666
113	392	0.9166666666666666	0.9166666666666666	0.4583333333333333
114	16780	0.9166666666666666	0.9375	0.5416666666666666
115	8593	0.9375	0.9375	0.5208333333333334
116	8596	0.9375	0.8958333333333334	0.5
117	405	0.8541666666666666	0.8333333333333334	0.6041666666666666
118	407	0.9375	0.9583333333333334	0.6041666666666666
119	8602	0.8958333333333334	0.8958333333333334	0.5416666666666666
120	413	0.9375	0.9375	0.5625
121	418	0.9166666666666666	0.875	0.4375
122	420	0.9375	0.9375	0.5416666666666666
123	8634	0.9583333333333334	0.9583333333333334	0.4166666666666667
124	8637	0.9166666666666666	0.9166666666666666	0.375
125	8647	0.9791666666666666	0.9583333333333334	0.5416666666666666
126	16839	0.9375	0.9583333333333334	0.5833333333333334
127	459	0.8958333333333334	0.9166666666666666	0.4375
128	16851	0.9583333333333334	0.9583333333333334	0.5208333333333334
129	8660	0.9166666666666666	0.9375	0.5416666666666666
130	8663	0.9166666666666666	0.9166666666666666	0.3958333333333333
131	8667	0.875	0.8958333333333334	0.5416666666666666
132	482	0.8958333333333334	0.9166666666666666	0.5208333333333334
133	16867	0.9583333333333334	0.9583333333333334	0.5625
134	489	0.9583333333333334	0.9583333333333334	0.5416666666666666
135	8681	1.0	0.9791666666666666	0.5
136	8692	0.9166666666666666	0.9166666666666666	0.5
137	503	0.8541666666666666	0.9583333333333334	0.625
138	505	0.9166666666666666	0.8958333333333334	0.5625
139	8703	0.9166666666666666	0.9375	0.5208333333333334
140	16897	0.875	0.875	0.4583333333333333
141	8706	0.875	0.8541666666666666	0.5416666666666666
142	515	0.9166666666666666	0.9166666666666666	0.375
143	8712	0.9375	0.9583333333333334	0.5208333333333334
144	8713	0.8958333333333334	0.9375	0.5625
145	16908	0.9166666666666666	0.9166666666666666	0.5625
146	8717	0.9166666666666666	0.8958333333333334	0.6458333333333334
147	526	0.9583333333333334	0.9583333333333334	0.3958333333333333
148	527	0.9583333333333334	0.8958333333333334	0.5833333333333334
149	8718	0.8541666666666666	0.8958333333333334	0.4375
150	530	0.9375	0.9791666666666666	0.4791666666666667
151	16921	0.9166666666666666	0.9375	0.5208333333333334
152	16922	0.9375	0.9583333333333334	0.5833333333333334
153	540	0.9166666666666666	0.9375	0.5208333333333334
154	8735	0.875	0.8958333333333334	0.5
155	546	0.7916666666666666	0.8541666666666666	0.5625
156	553	0.9166666666666666	0.9583333333333334	0.6458333333333334
157	16941	0.9166666666666666	0.9375	0.4791666666666667
158	16944	0.8958333333333334	0.8958333333333334	0.3958333333333333
159	561	0.9791666666666666	0.9791666666666666	0.5625
160	8755	0.8541666666666666	0.8541666666666666	0.375
161	8756	0.875	0.875	0.5
162	570	0.8541666666666666	0.8958333333333334	0.5208333333333334
163	572	0.9375	0.9583333333333334	0.5625
164	16959	0.9166666666666666	0.9791666666666666	0.5625
165	16960	0.875	0.875	0.4791666666666667
166	16965	0.9375	0.9375	0.5
167	16968	0.875	0.9166666666666666	0.5
168	8783	0.9166666666666666	0.9583333333333334	0.5208333333333334
169	8784	0.8541666666666666	0.8958333333333334	0.4791666666666667
170	8788	0.9375	0.9791666666666666	0.6666666666666666
171	8793	0.8541666666666666	0.8333333333333334	0.375
172	16985	0.9791666666666666	0.9791666666666666	0.5625
173	8796	0.875	0.8958333333333334	0.5416666666666666
174	16991	0.9375	0.9375	0.5
175	8801	0.9375	0.9791666666666666	0.5208333333333334
176	615	0.9375	0.9583333333333334	0.4375
177	8809	0.8958333333333334	0.8958333333333334	0.5833333333333334
178	620	0.9791666666666666	0.9791666666666666	0.3958333333333333
179	8821	0.8958333333333334	0.9791666666666666	0.5833333333333334
180	630	0.9375	0.9375	0.5625
181	17015	0.9375	0.9791666666666666	0.4791666666666667
182	633	0.8958333333333334	0.9166666666666666	0.5416666666666666
183	17019	0.9166666666666666	0.9375	0.5625
184	17020	0.9166666666666666	0.9166666666666666	0.5208333333333334
185	17023	0.8541666666666666	0.9166666666666666	0.5416666666666666
186	8838	0.9166666666666666	0.9583333333333334	0.3541666666666667
187	8839	0.9166666666666666	0.9375	0.4583333333333333
188	17030	0.9791666666666666	0.9791666666666666	0.5416666666666666
189	17044	0.875	0.9375	0.5625
190	662	0.9375	0.9791666666666666	0.5416666666666666
191	8854	0.875	0.8541666666666666	0.4583333333333333
192	664	0.9166666666666666	0.9791666666666666	0.5833333333333334
193	667	0.9375	0.9583333333333334	0.4791666666666667
194	668	0.8125	0.8333333333333334	0.5416666666666666
195	17056	0.9166666666666666	0.9375	0.5208333333333334
196	17071	0.9583333333333334	0.9791666666666666	0.5625
197	17073	0.9375	0.9583333333333334	0.4791666666666667
198	17074	0.8958333333333334	0.8958333333333334	0.5416666666666666
199	8885	0.875	0.875	0.4791666666666667
200	699	0.9791666666666666	0.9791666666666666	0.4791666666666667
201	700	0.8958333333333334	0.9375	0.4791666666666667
202	17083	0.875	0.875	0.375
203	17088	0.8958333333333334	0.9583333333333334	0.5208333333333334
204	17092	0.875	0.8958333333333334	0.4791666666666667
205	8906	0.9583333333333334	0.9791666666666666	0.4791666666666667
206	8907	0.8958333333333334	0.9166666666666666	0.4166666666666667
207	17101	0.875	0.8541666666666666	0.4166666666666667
208	17102	0.8333333333333334	0.9166666666666666	0.5833333333333334
209	727	0.8541666666666666	0.8958333333333334	0.5
210	729	0.8333333333333334	0.8541666666666666	0.4375
211	8921	0.8541666666666666	0.9375	0.5416666666666666
212	8925	0.8125	0.8125	0.4791666666666667
213	8928	0.9375	0.9583333333333334	0.4375
214	8943	0.9375	0.9166666666666666	0.5625
215	8947	0.9166666666666666	0.9583333333333334	0.5833333333333334
216	17145	0.9375	0.9583333333333334	0.6041666666666666
217	768	0.9375	0.9583333333333334	0.5208333333333334
218	769	0.875	0.8958333333333334	0.3958333333333333
219	770	0.875	0.875	0.4791666666666667
220	17155	0.9166666666666666	0.9583333333333334	0.3541666666666667
221	17160	0.8541666666666666	0.8958333333333334	0.5208333333333334
222	17163	0.9166666666666666	0.8958333333333334	0.4791666666666667
223	785	0.9166666666666666	0.9166666666666666	0.5208333333333334
224	17176	0.9166666666666666	0.9375	0.5416666666666666
225	8985	0.8541666666666666	0.8958333333333334	0.5208333333333334
226	794	0.9583333333333334	0.9583333333333334	0.5416666666666666
227	8988	0.9791666666666666	0.9791666666666666	0.5208333333333334
228	805	0.875	0.8958333333333334	0.5208333333333334
229	8997	0.8541666666666666	0.8958333333333334	0.5625
230	807	0.9375	0.9375	0.5625
231	9006	0.9583333333333334	0.9375	0.4166666666666667
232	815	0.875	0.9166666666666666	0.4791666666666667
233	9008	0.9375	0.9583333333333334	0.5625
234	9012	0.8541666666666666	0.875	0.5833333333333334
235	9014	0.8333333333333334	0.8541666666666666	0.4791666666666667
236	823	0.9166666666666666	0.9375	0.5416666666666666
237	824	0.9375	0.9375	0.5833333333333334
238	17209	0.9583333333333334	0.9583333333333334	0.5416666666666666
239	9018	0.875	0.875	0.6041666666666666
240	9019	0.9583333333333334	1.0	0.4375
241	828	0.8958333333333334	0.8958333333333334	0.5208333333333334
242	17210	0.8125	0.8125	0.5
243	17215	0.8333333333333334	0.8958333333333334	0.5208333333333334
244	17217	0.875	0.875	0.4583333333333333
245	846	0.875	0.8958333333333334	0.5208333333333334
246	847	0.9166666666666666	0.9166666666666666	0.4791666666666667
247	852	0.8541666666666666	0.9166666666666666	0.5625
248	854	0.9375	0.9583333333333334	0.3958333333333333
249	855	0.9375	0.9583333333333334	0.4791666666666667
250	861	0.8541666666666666	0.875	0.5
251	17248	0.9166666666666666	0.9375	0.5416666666666666
252	9065	0.9583333333333334	0.9166666666666666	0.5625
253	877	0.9375	0.9375	0.4583333333333333
254	17261	0.9375	0.9791666666666666	0.5208333333333334
255	17263	0.9375	0.9583333333333334	0.5208333333333334
256	9075	0.8958333333333334	0.9166666666666666	0.5
257	9077	0.9791666666666666	0.9791666666666666	0.4375
258	9078	0.9166666666666666	0.9375	0.5833333333333334
259	9079	0.8541666666666666	0.875	0.5416666666666666
260	17276	0.9375	0.9583333333333334	0.5
261	893	0.9583333333333334	0.9375	0.5833333333333334
262	895	0.9166666666666666	0.9375	0.4375
263	900	0.9166666666666666	0.8541666666666666	0.5625
264	9106	0.9583333333333334	0.9583333333333334	0.5208333333333334
265	9107	0.9583333333333334	0.9583333333333334	0.5208333333333334
266	9109	0.9375	0.9583333333333334	0.625
267	17302	0.875	0.9166666666666666	0.4375
268	9111	0.8958333333333334	0.9375	0.5208333333333334
269	9112	0.9375	0.9583333333333334	0.6041666666666666
270	17303	0.875	0.9166666666666666	0.5416666666666666
271	17305	0.9791666666666666	0.9791666666666666	0.5416666666666666
272	923	0.9583333333333334	0.9791666666666666	0.5416666666666666
273	17309	0.9166666666666666	0.9166666666666666	0.4375
274	17313	0.9583333333333334	0.9583333333333334	0.4375
275	17318	0.8125	0.8541666666666666	0.4375
276	9128	0.9166666666666666	0.9166666666666666	0.5625
277	17321	0.8125	0.875	0.5
278	9131	0.875	0.9583333333333334	0.4583333333333333
279	9132	0.8333333333333334	0.8958333333333334	0.625
280	17328	0.8958333333333334	0.9166666666666666	0.5833333333333334
281	17335	0.8958333333333334	0.875	0.5416666666666666
282	952	0.8541666666666666	0.9375	0.5625
283	17338	0.875	0.9375	0.5625
284	9147	0.9583333333333334	0.9791666666666666	0.5625
285	956	0.9583333333333334	0.9791666666666666	0.6041666666666666
286	957	1.0	1.0	0.5208333333333334
287	17339	0.9583333333333334	0.9583333333333334	0.4375
288	17341	0.9166666666666666	0.8958333333333334	0.5625
289	9152	0.875	0.875	0.5416666666666666
290	17344	0.9375	0.9166666666666666	0.5208333333333334
291	9156	0.8958333333333334	0.8958333333333334	0.5833333333333334
292	17348	0.8958333333333334	0.9375	0.4791666666666667
293	17351	0.9166666666666666	0.9166666666666666	0.375
294	969	0.9375	0.9166666666666666	0.4583333333333333
295	9161	0.7916666666666666	0.8541666666666666	0.4791666666666667
296	975	0.8958333333333334	0.8958333333333334	0.5
297	17365	0.8541666666666666	0.8958333333333334	0.5
298	17369	0.9375	0.9375	0.5208333333333334
299	17371	0.9375	0.9375	0.5208333333333334
300	988	0.8958333333333334	0.9375	0.4791666666666667
301	989	0.9166666666666666	0.9583333333333334	0.5208333333333334
302	9182	0.9166666666666666	0.9375	0.5416666666666666
303	9185	0.9166666666666666	0.9166666666666666	0.5625
304	996	0.9791666666666666	1.0	0.6041666666666666
305	1001	0.9166666666666666	0.9166666666666666	0.5625
306	1008	0.875	0.9791666666666666	0.5833333333333334
307	9201	0.875	0.9166666666666666	0.6666666666666666
308	9205	0.9166666666666666	0.9791666666666666	0.4791666666666667
309	17397	0.8958333333333334	0.9166666666666666	0.5
310	9207	0.9166666666666666	0.9166666666666666	0.4583333333333333
311	1016	0.9166666666666666	0.9375	0.6041666666666666
312	1017	0.8958333333333334	0.9583333333333334	0.4791666666666667
313	9208	0.8125	0.875	0.5625
314	9209	0.875	0.9375	0.5208333333333334
315	1022	0.875	0.8958333333333334	0.5208333333333334
316	9219	0.9375	0.9375	0.4166666666666667
317	17413	0.8541666666666666	0.9375	0.6041666666666666
318	17425	0.9375	0.9375	0.5208333333333334
319	17430	0.8333333333333334	0.9583333333333334	0.6041666666666666
320	17433	0.8333333333333334	0.8333333333333334	0.4375
321	17435	0.9166666666666666	0.9375	0.5625
322	1059	0.875	0.9375	0.5
323	1060	0.9166666666666666	0.9375	0.4791666666666667
324	1061	0.9583333333333334	0.9791666666666666	0.4791666666666667
325	1063	1.0	1.0	0.4375
326	17448	0.8958333333333334	0.9166666666666666	0.5416666666666666
327	17450	0.8333333333333334	0.9166666666666666	0.5416666666666666
328	17451	0.9166666666666666	0.9375	0.5
329	17454	0.875	0.9166666666666666	0.5625
330	17457	0.9166666666666666	0.9166666666666666	0.5416666666666666
331	9269	0.8958333333333334	0.8958333333333334	0.5208333333333334
332	17462	0.875	0.9166666666666666	0.5208333333333334
333	1082	0.9583333333333334	0.9583333333333334	0.4375
334	17483	0.875	0.9375	0.5625
335	17485	0.9583333333333334	0.9791666666666666	0.5208333333333334
336	9311	0.9583333333333334	0.9583333333333334	0.4791666666666667
337	1121	0.9166666666666666	0.9166666666666666	0.5208333333333334
338	17507	0.875	0.875	0.375
339	1126	0.875	0.8958333333333334	0.5625
340	9324	0.8541666666666666	0.875	0.4583333333333333
341	1137	0.875	0.9166666666666666	0.4375
342	9334	0.8958333333333334	0.9375	0.5625
343	9338	0.8541666666666666	0.875	0.5208333333333334
344	9340	0.8541666666666666	0.8958333333333334	0.4791666666666667
345	17533	0.9375	0.9375	0.4166666666666667
346	1151	0.8958333333333334	0.8958333333333334	0.4375
347	1155	0.8541666666666666	0.9375	0.5
348	9349	0.9375	0.9791666666666666	0.6666666666666666
349	1166	0.8958333333333334	0.9166666666666666	0.4583333333333333
350	1168	0.9375	0.9583333333333334	0.5625
351	1178	0.8958333333333334	0.8958333333333334	0.4375
352	17564	0.875	0.875	0.5416666666666666
353	9375	0.9583333333333334	0.9583333333333334	0.5208333333333334
354	17569	0.9583333333333334	0.9583333333333334	0.5416666666666666
355	17576	0.875	0.9375	0.5416666666666666
356	17583	0.9375	0.9791666666666666	0.4583333333333333
357	17587	0.9166666666666666	0.9166666666666666	0.5
358	17590	0.875	0.9375	0.5833333333333334
359	1215	0.7916666666666666	0.8541666666666666	0.5416666666666666
360	1219	0.7708333333333334	0.8125	0.5625
361	17603	0.8541666666666666	0.8958333333333334	0.5625
362	1230	0.9375	0.9375	0.625
363	1240	0.9166666666666666	0.9583333333333334	0.6458333333333334
364	1241	0.8958333333333334	0.8958333333333334	0.5416666666666666
365	17626	0.9375	0.9791666666666666	0.4791666666666667
366	9436	0.9375	0.9375	0.4375
367	9440	0.9791666666666666	1.0	0.6041666666666666
368	1249	0.9375	0.9791666666666666	0.6041666666666666
369	17634	0.9166666666666666	0.9583333333333334	0.5833333333333334
370	1253	0.8333333333333334	0.875	0.5416666666666666
371	9447	0.8958333333333334	0.9375	0.4791666666666667
372	17641	0.9166666666666666	0.9375	0.4791666666666667
373	17650	0.8958333333333334	0.9166666666666666	0.6458333333333334
374	17651	0.8958333333333334	0.875	0.5416666666666666
375	1268	0.9375	0.9583333333333334	0.5416666666666666
376	9462	0.9583333333333334	0.9791666666666666	0.5208333333333334
377	17659	0.9166666666666666	0.9166666666666666	0.5208333333333334
378	17661	0.8541666666666666	0.8958333333333334	0.6041666666666666
379	1280	0.9375	0.9166666666666666	0.5
380	9473	0.8541666666666666	0.8958333333333334	0.5208333333333334
381	9475	0.9375	0.9583333333333334	0.4791666666666667
382	1287	0.9583333333333334	0.9583333333333334	0.5833333333333334
383	17675	0.9166666666666666	0.9375	0.5625
384	17676	0.8333333333333334	0.8541666666666666	0.6041666666666666
385	17681	0.9166666666666666	0.9375	0.4166666666666667
386	1301	0.8541666666666666	0.9166666666666666	0.5625
387	17686	0.9166666666666666	0.9166666666666666	0.4375
388	1305	0.9791666666666666	0.9791666666666666	0.4375
389	1307	0.9375	0.9375	0.4375
390	9500	0.8333333333333334	0.9166666666666666	0.4166666666666667
391	17693	0.9375	0.9375	0.5416666666666666
392	9504	0.9791666666666666	0.9791666666666666	0.5
393	1313	0.8958333333333334	0.8958333333333334	0.4375
394	1317	0.8958333333333334	0.8958333333333334	0.3958333333333333
395	9511	0.8541666666666666	0.875	0.5208333333333334
396	1325	0.9791666666666666	0.9583333333333334	0.5208333333333334
397	9517	0.8958333333333334	0.9166666666666666	0.4583333333333333
398	9520	0.9583333333333334	0.9583333333333334	0.5833333333333334
399	9522	0.9583333333333334	0.9583333333333334	0.4791666666666667
400	17716	0.8958333333333334	0.9166666666666666	0.5208333333333334
401	9525	0.9375	0.9375	0.5208333333333334
402	17718	0.9375	0.9166666666666666	0.5208333333333334
403	1342	0.8541666666666666	0.8958333333333334	0.5625
404	1343	0.8958333333333334	0.9583333333333334	0.5416666666666666
405	17728	0.9166666666666666	0.9166666666666666	0.4583333333333333
406	9541	0.9375	0.9166666666666666	0.5416666666666666
407	1354	0.9166666666666666	0.9375	0.4791666666666667
408	9551	0.9583333333333334	0.9583333333333334	0.5208333333333334
409	9557	0.8958333333333334	0.8958333333333334	0.4375
410	17750	0.9791666666666666	0.9583333333333334	0.5625
411	1368	0.9375	0.9583333333333334	0.4375
412	17765	0.8541666666666666	0.8333333333333334	0.4583333333333333
413	1383	0.7916666666666666	0.875	0.5625
414	9577	0.875	0.8958333333333334	0.5416666666666666
415	17771	0.8541666666666666	0.875	0.5
416	17772	0.8125	0.875	0.6041666666666666
417	9581	0.9375	0.9166666666666666	0.5416666666666666
418	1390	0.8958333333333334	0.9166666666666666	0.5208333333333334
419	17773	0.8958333333333334	0.9375	0.5208333333333334
420	17774	0.8958333333333334	0.8958333333333334	0.4375
421	17775	0.9166666666666666	0.9375	0.5625
422	17779	0.8958333333333334	0.8958333333333334	0.4791666666666667
423	9589	0.8958333333333334	0.8958333333333334	0.4583333333333333
424	1404	0.875	0.8958333333333334	0.5625
425	9601	0.8333333333333334	0.8541666666666666	0.5208333333333334
426	1410	0.875	0.9166666666666666	0.5
427	1436	0.9375	0.9166666666666666	0.5208333333333334
428	17825	0.8958333333333334	0.9375	0.5208333333333334
429	17827	0.9583333333333334	0.9583333333333334	0.625
430	9638	0.9166666666666666	0.9166666666666666	0.5
431	9651	0.7708333333333334	0.8541666666666666	0.5208333333333334
432	17845	0.8958333333333334	0.9375	0.4791666666666667
433	9655	0.8958333333333334	0.9375	0.5
434	17851	0.9583333333333334	0.9375	0.5
435	9663	0.9375	0.9583333333333334	0.5416666666666666
436	9668	0.9583333333333334	0.9583333333333334	0.5416666666666666
437	1482	0.875	0.9375	0.5833333333333334
438	17869	0.9583333333333334	0.9166666666666666	0.5833333333333334
439	9687	0.8958333333333334	0.9166666666666666	0.4583333333333333
440	17880	0.8958333333333334	0.875	0.5
441	1501	0.8958333333333334	0.9375	0.4583333333333333
442	9693	0.875	0.8958333333333334	0.4375
443	9701	0.8125	0.8541666666666666	0.5416666666666666
444	17906	0.875	0.8958333333333334	0.5625
445	9716	0.8958333333333334	0.9166666666666666	0.5
446	1525	0.8958333333333334	0.9375	0.5416666666666666
447	17910	0.9375	0.9375	0.5
448	17913	0.8541666666666666	0.9166666666666666	0.5416666666666666
449	1532	0.8541666666666666	0.8541666666666666	0.4375
450	17925	0.875	0.9375	0.5625
451	1543	0.8958333333333334	0.8958333333333334	0.4166666666666667
452	1550	0.8958333333333334	0.8958333333333334	0.5208333333333334
453	17940	0.875	0.8958333333333334	0.4791666666666667
454	1561	0.8333333333333334	0.875	0.5416666666666666
455	9753	0.8125	0.8541666666666666	0.4791666666666667
456	9763	0.9375	0.9375	0.5416666666666666
457	17956	0.9166666666666666	0.9375	0.4791666666666667
458	9766	0.9166666666666666	0.9166666666666666	0.5208333333333334
459	9767	0.875	0.875	0.4375
460	9769	0.7916666666666666	0.875	0.5208333333333334
461	1582	0.9583333333333334	0.9583333333333334	0.3958333333333333
462	1586	0.875	0.8958333333333334	0.4791666666666667
463	1592	0.875	0.875	0.4166666666666667
464	9790	0.8541666666666666	0.8958333333333334	0.4791666666666667
465	9796	0.9375	0.9583333333333334	0.4583333333333333
466	17989	0.8541666666666666	0.875	0.5
467	1606	0.9791666666666666	0.9375	0.5
468	1608	0.875	0.8958333333333334	0.5416666666666666
469	1620	0.8541666666666666	0.8958333333333334	0.5416666666666666
470	1623	0.9166666666666666	0.9791666666666666	0.7291666666666666
471	1626	0.9375	0.9583333333333334	0.5
472	9818	0.9583333333333334	1.0	0.4375
473	18015	0.8958333333333334	0.875	0.5208333333333334
474	9824	0.9583333333333334	0.9583333333333334	0.5
475	18018	0.9166666666666666	0.9375	0.4583333333333333
476	1637	0.9583333333333334	0.9375	0.6041666666666666
477	1639	0.9166666666666666	0.875	0.5
478	18024	0.8333333333333334	0.8958333333333334	0.5833333333333334
479	18025	0.9166666666666666	0.9375	0.5625
480	1646	0.9166666666666666	0.9375	0.5416666666666666
481	1647	0.9375	0.9583333333333334	0.6666666666666666
482	18031	0.9375	0.9583333333333334	0.4791666666666667
483	18033	0.9375	0.9583333333333334	0.5416666666666666
484	9848	0.9166666666666666	0.9166666666666666	0.5208333333333334
485	9853	0.9791666666666666	0.9791666666666666	0.5208333333333334
486	18048	0.8958333333333334	0.9375	0.5
487	18049	0.8333333333333334	0.875	0.5416666666666666
488	1668	0.9583333333333334	0.9375	0.5208333333333334
489	9861	0.9166666666666666	0.9166666666666666	0.5208333333333334
490	9866	0.8958333333333334	0.9166666666666666	0.5208333333333334
491	1679	0.9375	0.9166666666666666	0.625
492	1680	0.9583333333333334	0.9791666666666666	0.5208333333333334
493	9874	0.8958333333333334	0.9166666666666666	0.4583333333333333
494	1683	0.875	0.9166666666666666	0.4791666666666667
495	9875	0.9375	0.9583333333333334	0.5
496	1686	0.9375	0.9166666666666666	0.5416666666666666
497	18071	0.8958333333333334	0.8958333333333334	0.4166666666666667
498	18072	0.9166666666666666	0.9375	0.4583333333333333
499	18074	0.9375	0.9375	0.4791666666666667
500	9883	0.875	0.8958333333333334	0.4583333333333333
501	9885	0.8333333333333334	0.8958333333333334	0.4791666666666667
502	18078	0.8958333333333334	0.9166666666666666	0.5833333333333334
503	18089	0.8541666666666666	0.875	0.5625
504	18092	0.9166666666666666	0.9583333333333334	0.5208333333333334
505	9901	0.8958333333333334	0.875	0.4791666666666667
506	18094	0.875	0.9166666666666666	0.4583333333333333
507	9904	0.9583333333333334	0.9583333333333334	0.5625
508	18097	0.8958333333333334	0.8958333333333334	0.4791666666666667
509	9908	0.8541666666666666	0.9166666666666666	0.4791666666666667
510	9912	0.9791666666666666	0.9791666666666666	0.5416666666666666
511	9915	0.8958333333333334	0.8958333333333334	0.5833333333333334
512	9917	0.8541666666666666	0.8541666666666666	0.4791666666666667
513	9918	0.9791666666666666	0.9791666666666666	0.5625
514	18118	0.875	0.9166666666666666	0.5416666666666666
515	1735	0.875	0.9583333333333334	0.3958333333333333
516	1736	0.9375	0.9375	0.4583333333333333
517	1743	0.9375	0.8958333333333334	0.4583333333333333
518	1751	0.9791666666666666	0.9791666666666666	0.5416666666666666
519	18142	0.9583333333333334	0.9583333333333334	0.5208333333333334
520	1760	0.9583333333333334	0.9583333333333334	0.4791666666666667
521	1762	0.9375	0.875	0.4583333333333333
522	1763	0.8958333333333334	0.8958333333333334	0.375
523	1764	0.9375	0.9375	0.5625
524	9957	0.9375	0.9791666666666666	0.5416666666666666
525	18156	0.9791666666666666	0.9583333333333334	0.5416666666666666
526	1793	0.9791666666666666	1.0	0.5625
527	9985	0.8958333333333334	0.9375	0.5
528	18181	0.9375	0.9583333333333334	0.5416666666666666
529	1799	0.9375	0.9583333333333334	0.4791666666666667
530	9992	0.875	0.8958333333333334	0.4375
531	1803	0.875	0.9166666666666666	0.5416666666666666
532	9997	0.9166666666666666	0.9375	0.5
533	1811	0.9166666666666666	0.9583333333333334	0.625
534	1817	0.8958333333333334	0.8958333333333334	0.5
535	10016	0.875	0.9583333333333334	0.5208333333333334
536	18208	0.8958333333333334	0.8958333333333334	0.5416666666666666
537	1827	0.9583333333333334	0.9583333333333334	0.5
538	1829	0.9375	0.8958333333333334	0.6666666666666666
539	18223	0.9166666666666666	0.9375	0.5208333333333334
540	18226	0.875	0.875	0.5
541	18228	0.8541666666666666	0.8958333333333334	0.5625
542	18229	0.8958333333333334	0.9166666666666666	0.4166666666666667
543	18231	0.8958333333333334	0.9583333333333334	0.5625
544	10041	0.9166666666666666	0.9791666666666666	0.5
545	1853	0.8958333333333334	0.9166666666666666	0.5625
546	18238	0.9583333333333334	0.9375	0.4583333333333333
547	1855	0.9166666666666666	0.9166666666666666	0.5
548	10056	0.8333333333333334	0.8333333333333334	0.4583333333333333
549	18250	0.8958333333333334	0.8541666666666666	0.5416666666666666
550	1869	0.9166666666666666	0.9375	0.4375
551	10061	0.9583333333333334	0.9375	0.5416666666666666
552	18260	0.8333333333333334	0.8333333333333334	0.5416666666666666
553	18272	0.9583333333333334	0.9791666666666666	0.5416666666666666
554	1896	0.9166666666666666	0.9166666666666666	0.5833333333333334
555	18280	0.8333333333333334	0.8958333333333334	0.5
556	1900	0.9583333333333334	0.9375	0.4583333333333333
557	10094	0.875	0.8958333333333334	0.6041666666666666
558	1907	0.9166666666666666	0.9375	0.5
559	18291	0.8958333333333334	0.9166666666666666	0.5
560	1909	0.9166666666666666	0.875	0.5416666666666666
561	18298	0.9791666666666666	1.0	0.5833333333333334
562	10107	0.8541666666666666	0.8958333333333334	0.5208333333333334
563	1918	0.9375	0.9791666666666666	0.5625
564	10113	0.9583333333333334	0.9791666666666666	0.6666666666666666
565	1926	0.8958333333333334	0.9166666666666666	0.5625
566	18310	0.875	0.875	0.4375
567	18312	0.9166666666666666	0.8958333333333334	0.5
568	1931	0.9583333333333334	0.9583333333333334	0.4583333333333333
569	1932	0.9375	0.9583333333333334	0.4791666666666667
570	10124	0.9583333333333334	0.9583333333333334	0.5
571	1934	0.9583333333333334	0.9583333333333334	0.5208333333333334
572	1940	0.9166666666666666	0.9375	0.4791666666666667
573	10137	0.8958333333333334	0.9583333333333334	0.5208333333333334
574	18330	0.9166666666666666	0.9166666666666666	0.5208333333333334
575	18334	0.9583333333333334	0.9583333333333334	0.4791666666666667
576	10146	0.9375	0.9375	0.5
577	10148	0.9166666666666666	0.9791666666666666	0.5833333333333334
578	10151	0.9375	0.9583333333333334	0.4791666666666667
579	18344	0.8958333333333334	0.9375	0.5833333333333334
580	18345	0.9375	0.9375	0.5
581	10161	0.8958333333333334	0.9583333333333334	0.5833333333333334
582	1970	0.8958333333333334	0.9166666666666666	0.4791666666666667
583	1971	0.8958333333333334	0.9375	0.4791666666666667
584	10162	0.9166666666666666	0.9166666666666666	0.5416666666666666
585	10168	0.9583333333333334	0.9583333333333334	0.4791666666666667
586	18361	0.8958333333333334	0.9166666666666666	0.5208333333333334
587	1981	0.8958333333333334	0.9166666666666666	0.5
588	10174	0.9375	0.9375	0.5
589	10177	0.7916666666666666	0.875	0.5
590	10178	0.9166666666666666	0.9375	0.5416666666666666
591	1987	0.9791666666666666	0.9791666666666666	0.4791666666666667
592	10182	0.9583333333333334	0.9791666666666666	0.4583333333333333
593	1991	0.9375	0.9375	0.5625
594	18379	0.9166666666666666	0.9166666666666666	0.5208333333333334
595	10189	0.8958333333333334	0.8958333333333334	0.375
596	18382	0.9166666666666666	0.9166666666666666	0.4166666666666667
597	1999	0.8333333333333334	0.8333333333333334	0.4375
598	18385	0.875	0.8958333333333334	0.5
599	18396	0.9583333333333334	0.9583333333333334	0.4583333333333333
600	18397	0.9583333333333334	1.0	0.5416666666666666
601	10210	0.9166666666666666	0.9375	0.5416666666666666
602	18411	0.8541666666666666	0.9166666666666666	0.5208333333333334
603	2028	0.9375	0.9583333333333334	0.5208333333333334
604	10223	0.8958333333333334	0.8958333333333334	0.4375
605	18417	0.8958333333333334	0.8958333333333334	0.4583333333333333
606	2034	0.875	0.9166666666666666	0.5416666666666666
607	10226	0.875	0.875	0.4166666666666667
608	10231	0.8541666666666666	0.8958333333333334	0.4583333333333333
609	10234	0.9166666666666666	0.9166666666666666	0.3541666666666667
610	18428	0.9583333333333334	0.9583333333333334	0.5
611	10239	0.8333333333333334	0.875	0.4583333333333333
612	18432	0.8958333333333334	0.9375	0.5
613	2049	0.9791666666666666	1.0	0.4166666666666667
614	2050	0.8958333333333334	0.9166666666666666	0.5416666666666666
615	2051	0.9166666666666666	0.9166666666666666	0.5416666666666666
616	18436	0.9166666666666666	0.9375	0.5833333333333334
617	18438	0.7916666666666666	0.8541666666666666	0.5416666666666666
618	10249	0.9375	0.9375	0.5416666666666666
619	18441	0.9166666666666666	0.8958333333333334	0.5416666666666666
620	18445	0.9583333333333334	0.9166666666666666	0.6041666666666666
621	10254	0.875	0.875	0.3958333333333333
622	18447	0.8958333333333334	0.9166666666666666	0.4375
623	2065	0.9583333333333334	0.9583333333333334	0.5208333333333334
624	18450	0.8541666666666666	0.8958333333333334	0.4791666666666667
625	2072	0.9166666666666666	0.8958333333333334	0.4583333333333333
626	18459	0.8958333333333334	0.8958333333333334	0.4375
627	10268	0.8958333333333334	0.9166666666666666	0.5416666666666666
628	18461	0.8958333333333334	0.9583333333333334	0.5833333333333334
629	2080	0.8541666666666666	0.8958333333333334	0.5208333333333334
630	2083	0.9166666666666666	0.9375	0.5208333333333334
631	18487	0.8958333333333334	0.8958333333333334	0.5833333333333334
632	18488	0.8958333333333334	0.9583333333333334	0.6458333333333334
633	2106	0.8541666666666666	0.875	0.4583333333333333
634	2107	0.9791666666666666	0.9791666666666666	0.5416666666666666
635	2114	0.9375	0.9375	0.3958333333333333
636	2117	0.875	0.8958333333333334	0.6458333333333334
637	2121	0.9375	1.0	0.4791666666666667
638	10315	0.9583333333333334	0.9791666666666666	0.5625
639	2126	0.9583333333333334	0.9583333333333334	0.4166666666666667
640	10321	0.9583333333333334	1.0	0.4583333333333333
641	18517	0.875	0.9166666666666666	0.4791666666666667
642	10327	0.9375	0.9166666666666666	0.4583333333333333
643	18521	0.875	0.8958333333333334	0.5208333333333334
644	2138	0.8333333333333334	0.9166666666666666	0.5625
645	2140	0.8125	0.875	0.5
646	18526	0.8958333333333334	0.8958333333333334	0.4791666666666667
647	2144	0.875	0.9166666666666666	0.5833333333333334
648	10341	0.8958333333333334	0.9375	0.4791666666666667
649	10345	0.875	0.8958333333333334	0.5
650	18541	0.875	0.9166666666666666	0.4791666666666667
651	18547	0.9375	0.9583333333333334	0.4375
652	10358	0.875	0.8958333333333334	0.5
653	10362	0.9583333333333334	0.9375	0.5833333333333334
654	18565	0.9375	0.8958333333333334	0.5
655	10381	0.8125	0.8541666666666666	0.4791666666666667
656	18573	0.8333333333333334	0.875	0.5416666666666666
657	2191	0.9375	0.9375	0.375
658	10383	0.9166666666666666	0.9583333333333334	0.5833333333333334
659	2193	0.9375	0.9583333333333334	0.5416666666666666
660	2194	0.9375	0.9583333333333334	0.5416666666666666
661	18575	0.9375	0.9166666666666666	0.5208333333333334
662	2199	0.8958333333333334	0.9166666666666666	0.5416666666666666
663	2201	0.9166666666666666	0.9166666666666666	0.5
664	10396	0.9791666666666666	0.9791666666666666	0.3958333333333333
665	10397	0.9583333333333334	0.9583333333333334	0.5416666666666666
666	18589	0.9375	0.9583333333333334	0.5208333333333334
667	18590	0.9375	0.9375	0.5208333333333334
668	18597	0.8541666666666666	0.8958333333333334	0.5625
669	2220	0.9583333333333334	0.9791666666666666	0.5625
670	18609	0.8125	0.8958333333333334	0.5625
671	10427	0.9166666666666666	0.9375	0.6041666666666666
672	10434	0.9166666666666666	0.9375	0.5208333333333334
673	2244	0.8958333333333334	0.9166666666666666	0.5208333333333334
674	18640	0.9791666666666666	0.9791666666666666	0.5208333333333334
675	10454	0.9375	1.0	0.625
676	10458	0.8125	0.875	0.5625
677	18650	0.8541666666666666	0.8958333333333334	0.5
678	2279	0.8958333333333334	0.9375	0.4166666666666667
679	18665	0.9166666666666666	0.8958333333333334	0.5
680	10479	0.9166666666666666	0.9166666666666666	0.4583333333333333
681	2290	0.9583333333333334	0.9583333333333334	0.4583333333333333
682	10489	0.9583333333333334	0.9791666666666666	0.4583333333333333
683	10493	0.8958333333333334	0.9375	0.4791666666666667
684	18707	0.9375	0.9375	0.5416666666666666
685	10519	0.9166666666666666	0.9375	0.625
686	2328	0.9791666666666666	0.9791666666666666	0.5208333333333334
687	18712	0.9583333333333334	0.9791666666666666	0.5625
688	18713	0.9166666666666666	0.9375	0.5416666666666666
689	10527	0.9375	0.9375	0.5208333333333334
690	2337	0.9375	0.9375	0.5208333333333334
691	2344	0.9583333333333334	0.9583333333333334	0.4375
692	10536	0.875	0.8958333333333334	0.5208333333333334
693	10542	0.9583333333333334	0.9583333333333334	0.5416666666666666
694	2354	0.875	0.8958333333333334	0.4375
695	2357	0.9166666666666666	0.9375	0.5833333333333334
696	10553	0.9583333333333334	0.9375	0.5208333333333334
697	10555	0.8958333333333334	0.8958333333333334	0.4583333333333333
698	10556	0.875	0.8541666666666666	0.4791666666666667
699	2366	0.875	0.8958333333333334	0.4375
700	2369	0.9583333333333334	0.9791666666666666	0.3958333333333333
701	18754	0.8958333333333334	0.9166666666666666	0.5
702	18756	0.8958333333333334	0.875	0.5
703	10569	0.9166666666666666	0.8958333333333334	0.5833333333333334
704	2383	0.8541666666666666	0.8958333333333334	0.5
705	2386	0.9583333333333334	0.9791666666666666	0.5625
706	18778	0.9375	0.9583333333333334	0.4791666666666667
707	2397	0.7916666666666666	0.875	0.6041666666666666
708	10590	0.9375	0.9166666666666666	0.6041666666666666
709	18788	0.9375	0.9166666666666666	0.5
710	2422	0.8541666666666666	0.9166666666666666	0.5208333333333334
711	10617	0.9166666666666666	0.9375	0.5
712	10618	0.875	0.9583333333333334	0.6666666666666666
713	2428	0.9166666666666666	0.9583333333333334	0.5625
714	2429	0.9583333333333334	0.9583333333333334	0.5416666666666666
715	2431	0.8958333333333334	0.9375	0.4583333333333333
716	18817	0.8958333333333334	0.9375	0.5
717	2434	0.8333333333333334	0.8541666666666666	0.4791666666666667
718	10628	0.8958333333333334	0.9375	0.4583333333333333
719	2444	0.875	0.9375	0.5416666666666666
720	10637	0.9791666666666666	0.9583333333333334	0.5416666666666666
721	18828	0.9375	0.9375	0.4791666666666667
722	10641	0.9791666666666666	1.0	0.5
723	2455	0.875	0.8541666666666666	0.625
724	10648	0.8958333333333334	0.8958333333333334	0.6041666666666666
725	18846	0.9166666666666666	0.9166666666666666	0.5
726	2470	0.875	0.9166666666666666	0.5625
727	2473	0.8958333333333334	0.9375	0.5208333333333334
728	2476	0.875	0.9375	0.5416666666666666
729	2480	0.875	0.8958333333333334	0.625
730	2483	0.8958333333333334	0.9583333333333334	0.4583333333333333
731	10678	0.875	0.8958333333333334	0.4791666666666667
732	2490	0.9166666666666666	0.9375	0.5625
733	10683	0.8958333333333334	0.8958333333333334	0.5416666666666666
734	2492	0.875	0.8958333333333334	0.6041666666666666
735	2495	0.8958333333333334	0.9375	0.5625
736	10694	0.8958333333333334	0.9166666666666666	0.5208333333333334
737	2503	0.8333333333333334	0.8333333333333334	0.4583333333333333
738	18889	0.875	0.8958333333333334	0.5
739	10700	0.8541666666666666	0.8333333333333334	0.4791666666666667
740	18896	0.875	0.8541666666666666	0.5416666666666666
741	10707	0.8958333333333334	0.9166666666666666	0.5833333333333334
742	18904	0.9166666666666666	0.9166666666666666	0.5625
743	10717	0.875	0.9583333333333334	0.5625
744	18913	0.8541666666666666	0.9166666666666666	0.625
745	2531	0.8958333333333334	0.9166666666666666	0.4791666666666667
746	10725	0.8125	0.8333333333333334	0.4791666666666667
747	10730	0.9375	0.9583333333333334	0.5
748	18923	0.9166666666666666	0.9583333333333334	0.5
749	2540	0.9166666666666666	0.9166666666666666	0.5625
750	18936	0.9583333333333334	0.9583333333333334	0.5208333333333334
751	10746	0.9375	0.9375	0.5625
752	2558	0.8541666666666666	0.875	0.5833333333333334
753	18943	0.875	0.875	0.4583333333333333
754	18945	0.9166666666666666	0.9791666666666666	0.5833333333333334
755	10755	0.9375	0.9583333333333334	0.625
756	10757	0.9166666666666666	0.9791666666666666	0.5208333333333334
757	10758	0.875	0.8958333333333334	0.6041666666666666
758	2569	0.8541666666666666	0.8541666666666666	0.4791666666666667
759	2574	0.9166666666666666	0.9166666666666666	0.375
760	18968	0.7916666666666666	0.875	0.6041666666666666
761	18970	0.9166666666666666	0.9166666666666666	0.4791666666666667
762	18973	0.9166666666666666	0.9375	0.4583333333333333
763	2591	0.8333333333333334	0.8125	0.4791666666666667
764	18978	0.9583333333333334	0.9583333333333334	0.4791666666666667
765	10788	0.875	0.9166666666666666	0.3958333333333333
766	10790	0.8958333333333334	0.9375	0.5
767	2600	0.9375	0.9375	0.4583333333333333
768	10794	0.9791666666666666	0.9791666666666666	0.4583333333333333
769	18993	0.9375	0.9583333333333334	0.4791666666666667
770	2613	0.9375	0.9583333333333334	0.4583333333333333
771	10806	0.875	0.875	0.5
772	19003	0.8958333333333334	0.9166666666666666	0.5208333333333334
773	19005	0.9583333333333334	0.9583333333333334	0.375
774	10817	0.875	0.9375	0.5625
775	10818	0.8125	0.875	0.5833333333333334
776	2633	0.9375	0.9375	0.4583333333333333
777	19020	0.875	0.875	0.4583333333333333
778	10829	0.8541666666666666	0.9166666666666666	0.5208333333333334
779	19021	0.8958333333333334	0.9166666666666666	0.3541666666666667
780	10832	0.875	0.9166666666666666	0.5416666666666666
781	10838	0.8125	0.875	0.5208333333333334
782	19030	0.9166666666666666	0.9166666666666666	0.5416666666666666
783	19031	0.9166666666666666	0.9375	0.5833333333333334
784	2666	0.9166666666666666	0.9166666666666666	0.4583333333333333
785	2668	0.8958333333333334	0.9375	0.4166666666666667
786	19054	0.9583333333333334	0.9791666666666666	0.5
787	2675	0.8541666666666666	0.875	0.375
788	19066	0.9375	0.9583333333333334	0.5416666666666666
789	10875	0.9166666666666666	0.9375	0.5416666666666666
790	2694	0.9375	0.9375	0.5416666666666666
791	2696	0.8958333333333334	0.9166666666666666	0.4791666666666667
792	10894	0.8958333333333334	0.9375	0.5208333333333334
793	19088	0.8541666666666666	0.875	0.5416666666666666
794	19089	0.8541666666666666	0.875	0.5833333333333334
795	2709	0.9166666666666666	0.9583333333333334	0.5625
796	2712	0.8958333333333334	0.8958333333333334	0.4791666666666667
797	19097	0.9375	0.9375	0.4583333333333333
798	19099	0.9375	0.9583333333333334	0.6041666666666666
799	2718	0.8958333333333334	0.9166666666666666	0.4791666666666667
800	2720	0.8958333333333334	0.9166666666666666	0.5625
801	2721	0.9375	0.9583333333333334	0.4583333333333333
802	10917	0.8333333333333334	0.9166666666666666	0.6458333333333334
803	10922	0.8958333333333334	0.9375	0.3541666666666667
804	19116	0.9375	0.9583333333333334	0.5208333333333334
805	19118	0.9583333333333334	0.9375	0.6458333333333334
806	19119	0.8958333333333334	0.9166666666666666	0.4166666666666667
807	2739	0.8541666666666666	0.8958333333333334	0.5625
808	19124	0.8958333333333334	0.9375	0.6041666666666666
809	19129	0.8541666666666666	0.8541666666666666	0.5625
810	19130	0.9583333333333334	0.9791666666666666	0.5
811	2748	0.9166666666666666	0.9375	0.5
812	19135	0.8541666666666666	0.875	0.4583333333333333
813	19142	0.8958333333333334	0.9166666666666666	0.5625
814	10955	0.8958333333333334	0.9583333333333334	0.5
815	10966	0.8541666666666666	0.875	0.4791666666666667
816	10967	0.9166666666666666	0.9583333333333334	0.625
817	2780	0.9166666666666666	0.9375	0.6458333333333334
818	19167	0.875	0.9166666666666666	0.4375
819	10976	0.9791666666666666	0.9791666666666666	0.4583333333333333
820	19171	0.7916666666666666	0.8125	0.4375
821	19172	0.8958333333333334	0.8958333333333334	0.5208333333333334
822	19175	0.9166666666666666	0.9166666666666666	0.5416666666666666
823	10986	0.8958333333333334	0.9166666666666666	0.4375
824	19182	0.9166666666666666	0.9375	0.4375
825	10999	0.875	0.8958333333333334	0.5416666666666666
826	19191	0.8958333333333334	0.8958333333333334	0.4583333333333333
827	2809	0.9583333333333334	0.9583333333333334	0.4583333333333333
828	2812	0.9375	0.9375	0.5208333333333334
829	11004	0.875	0.875	0.4583333333333333
830	19199	0.8333333333333334	0.8541666666666666	0.5208333333333334
831	2818	0.9166666666666666	0.9375	0.5208333333333334
832	11017	0.8541666666666666	0.9166666666666666	0.4166666666666667
833	11023	0.9166666666666666	0.9583333333333334	0.5625
834	11024	0.8958333333333334	0.9375	0.5208333333333334
835	19217	0.8333333333333334	0.8541666666666666	0.5
836	19222	0.8958333333333334	0.9166666666666666	0.5416666666666666
837	19223	0.9166666666666666	0.9166666666666666	0.5208333333333334
838	19224	0.9583333333333334	0.9791666666666666	0.5
839	2845	0.9166666666666666	0.9375	0.5625
840	19230	0.9166666666666666	0.9166666666666666	0.5416666666666666
841	19232	0.9375	0.9583333333333334	0.5833333333333334
842	19233	0.9375	0.9375	0.4375
843	2850	0.875	0.8958333333333334	0.5416666666666666
844	2853	0.875	0.9166666666666666	0.4375
845	11047	0.875	0.9375	0.4375
846	11054	0.8541666666666666	0.875	0.5
847	2864	0.9166666666666666	0.9166666666666666	0.4375
848	2870	0.9375	0.9375	0.5833333333333334
849	19256	0.9166666666666666	0.9166666666666666	0.5208333333333334
850	2876	0.9375	0.9583333333333334	0.6041666666666666
851	19263	1.0	0.9791666666666666	0.4375
852	2892	0.9375	0.9583333333333334	0.5
853	11084	0.8541666666666666	0.875	0.4791666666666667
854	19276	0.9166666666666666	0.9166666666666666	0.5833333333333334
855	11094	0.9166666666666666	0.9375	0.5208333333333334
856	19295	0.8125	0.8541666666666666	0.5625
857	2912	0.9166666666666666	0.9375	0.5833333333333334
858	11105	0.8958333333333334	0.9166666666666666	0.5625
859	2915	0.9166666666666666	0.9583333333333334	0.5
860	19300	0.875	0.875	0.4375
861	11112	0.8958333333333334	0.8958333333333334	0.4791666666666667
862	2921	0.8333333333333334	0.8333333333333334	0.5208333333333334
863	19305	0.9375	0.9375	0.5416666666666666
864	19308	0.8958333333333334	0.8541666666666666	0.5416666666666666
865	19310	0.8958333333333334	0.875	0.4791666666666667
866	11123	0.9583333333333334	0.9791666666666666	0.4791666666666667
867	19316	0.8333333333333334	0.9166666666666666	0.5416666666666666
868	11131	0.875	0.8541666666666666	0.5
869	11139	0.875	0.875	0.5625
870	19335	0.8541666666666666	0.875	0.5
871	11152	0.9583333333333334	1.0	0.5625
872	2962	0.9375	0.9375	0.5208333333333334
873	19347	0.875	0.875	0.5625
874	2965	0.8125	0.8958333333333334	0.5
875	11158	0.9375	0.9583333333333334	0.4166666666666667
876	2968	0.9375	0.9375	0.4583333333333333
877	2970	0.9791666666666666	0.9791666666666666	0.5625
878	2976	0.9375	0.9166666666666666	0.4791666666666667
879	19361	0.8958333333333334	0.875	0.4166666666666667
880	11172	0.8958333333333334	0.9166666666666666	0.5416666666666666
881	11175	0.9375	0.9583333333333334	0.4791666666666667
882	2984	0.9375	0.9583333333333334	0.5
883	19371	0.875	0.8958333333333334	0.5208333333333334
884	2990	0.8333333333333334	0.9166666666666666	0.5208333333333334
885	19378	0.875	0.9166666666666666	0.5
886	3005	0.8958333333333334	0.8958333333333334	0.4166666666666667
887	3006	0.875	0.8958333333333334	0.5
888	3010	0.9375	0.9375	0.5
889	11208	0.9375	0.9375	0.4583333333333333
890	19403	0.875	0.875	0.5
891	3021	0.8958333333333334	0.9583333333333334	0.5
892	19409	0.9166666666666666	0.9583333333333334	0.5625
893	3029	0.9791666666666666	0.9583333333333334	0.5833333333333334
894	19423	0.9583333333333334	0.9791666666666666	0.4583333333333333
895	3041	0.8958333333333334	0.8541666666666666	0.4375
896	3042	0.9166666666666666	0.9375	0.4583333333333333
897	19427	0.8958333333333334	0.9166666666666666	0.4375
898	19431	0.9166666666666666	0.9166666666666666	0.5833333333333334
899	3052	0.8958333333333334	0.9375	0.5416666666666666
900	3055	0.8541666666666666	0.9166666666666666	0.6041666666666666
901	11247	0.8958333333333334	0.9375	0.5
902	11253	0.9791666666666666	0.9791666666666666	0.4583333333333333
903	3068	0.9375	0.9583333333333334	0.4583333333333333
904	11261	0.8333333333333334	0.875	0.4791666666666667
905	11262	0.9166666666666666	0.9583333333333334	0.5208333333333334
906	19455	0.875	0.9166666666666666	0.6041666666666666
907	3073	0.9375	0.9375	0.5416666666666666
908	19457	0.8958333333333334	0.9166666666666666	0.6041666666666666
909	19458	0.9375	0.9583333333333334	0.5
910	11272	0.9166666666666666	0.9166666666666666	0.4583333333333333
911	19466	0.875	0.9166666666666666	0.5208333333333334
912	3084	0.8958333333333334	0.9166666666666666	0.5833333333333334
913	3087	0.8958333333333334	0.9166666666666666	0.5416666666666666
914	11285	0.9583333333333334	0.9583333333333334	0.5625
915	3094	0.875	0.8958333333333334	0.5
916	19484	0.875	0.9166666666666666	0.5
917	11297	0.8958333333333334	0.8958333333333334	0.5416666666666666
918	19489	0.8333333333333334	0.875	0.5
919	19493	0.9375	0.9375	0.5
920	19494	0.8958333333333334	0.8958333333333334	0.5625
921	11303	0.9166666666666666	0.9375	0.4375
922	11304	0.9166666666666666	0.8958333333333334	0.5416666666666666
923	11311	0.9166666666666666	0.9166666666666666	0.4583333333333333
924	19504	0.9583333333333334	0.9791666666666666	0.5416666666666666
925	11313	0.875	0.8958333333333334	0.4583333333333333
926	11315	0.9375	0.9791666666666666	0.6041666666666666
927	19507	0.8333333333333334	0.8333333333333334	0.4791666666666667
928	19509	0.9166666666666666	0.9583333333333334	0.6666666666666666
929	19519	0.8333333333333334	0.8958333333333334	0.5416666666666666
930	19522	0.8958333333333334	0.9166666666666666	0.5625
931	3142	0.8541666666666666	0.8958333333333334	0.5
932	19527	0.875	0.8958333333333334	0.5208333333333334
933	11339	0.9583333333333334	0.9583333333333334	0.4375
934	19532	0.9375	0.9583333333333334	0.5
935	19536	0.8958333333333334	0.9166666666666666	0.4791666666666667
936	3153	0.9375	0.9791666666666666	0.5208333333333334
937	11345	0.8958333333333334	0.9583333333333334	0.5833333333333334
938	3156	0.875	0.9166666666666666	0.4791666666666667
939	19542	0.8958333333333334	0.9166666666666666	0.6041666666666666
940	19543	0.8333333333333334	0.8541666666666666	0.4375
941	19548	0.9375	0.9166666666666666	0.5208333333333334
942	11363	0.875	0.9166666666666666	0.4791666666666667
943	11364	0.8541666666666666	0.8541666666666666	0.4791666666666667
944	19555	0.875	0.875	0.4583333333333333
945	3174	0.9166666666666666	0.9166666666666666	0.4583333333333333
946	3179	0.9583333333333334	0.9791666666666666	0.5208333333333334
947	11372	0.9166666666666666	0.9166666666666666	0.4166666666666667
948	11373	1.0	1.0	0.4791666666666667
949	3187	0.9375	0.9583333333333334	0.6041666666666666
950	11383	0.875	0.8541666666666666	0.5
951	11384	0.8333333333333334	0.8958333333333334	0.5833333333333334
952	11395	0.9583333333333334	0.9583333333333334	0.6458333333333334
953	11398	0.8958333333333334	0.9166666666666666	0.5416666666666666
954	19597	0.8958333333333334	0.8958333333333334	0.2916666666666667
955	3217	0.9166666666666666	0.9166666666666666	0.5
956	19603	0.9375	0.9166666666666666	0.5208333333333334
957	11412	0.9166666666666666	0.8958333333333334	0.5416666666666666
958	19604	0.8333333333333334	0.8541666666666666	0.4166666666666667
959	19608	0.9166666666666666	0.9166666666666666	0.5416666666666666
960	3225	0.8958333333333334	0.9166666666666666	0.4583333333333333
961	3226	0.9791666666666666	1.0	0.5625
962	3229	0.8333333333333334	0.8541666666666666	0.4583333333333333
963	11422	0.8541666666666666	0.8958333333333334	0.5416666666666666
964	11426	0.9375	0.9375	0.5208333333333334
965	19618	0.8958333333333334	0.8958333333333334	0.4791666666666667
966	19627	0.9166666666666666	0.9166666666666666	0.4583333333333333
967	3250	0.8333333333333334	0.875	0.4583333333333333
968	11448	0.9375	0.9583333333333334	0.4791666666666667
969	3267	0.9375	0.9375	0.4166666666666667
970	3268	0.8541666666666666	0.875	0.6041666666666666
971	19653	0.9583333333333334	0.9375	0.3958333333333333
972	19656	0.875	0.875	0.4791666666666667
973	3274	0.875	0.8958333333333334	0.4166666666666667
974	19659	0.875	0.8958333333333334	0.5416666666666666
975	11471	0.9166666666666666	0.9583333333333334	0.6458333333333334
976	11474	0.875	0.9166666666666666	0.4791666666666667
977	11476	0.9791666666666666	0.9791666666666666	0.4791666666666667
978	19670	0.9166666666666666	0.9791666666666666	0.6458333333333334
979	19671	0.8958333333333334	0.9166666666666666	0.4791666666666667
980	11480	0.8541666666666666	0.8541666666666666	0.5
981	3292	0.9166666666666666	0.9375	0.5416666666666666
982	3293	0.9583333333333334	0.9583333333333334	0.5416666666666666
983	11486	0.9583333333333334	1.0	0.5833333333333334
984	3295	0.8958333333333334	0.875	0.5208333333333334
985	19680	0.9166666666666666	0.9375	0.5
986	3301	0.9583333333333334	0.9791666666666666	0.4791666666666667
987	11494	0.9583333333333334	0.9583333333333334	0.625
988	11495	0.8958333333333334	0.8958333333333334	0.4583333333333333
989	19687	0.9583333333333334	0.9583333333333334	0.4791666666666667
990	3305	0.9791666666666666	0.9791666666666666	0.3958333333333333
991	19692	0.9375	0.9583333333333334	0.5833333333333334
992	11517	0.8958333333333334	0.9375	0.5208333333333334
993	19709	0.8958333333333334	0.875	0.4791666666666667
994	3331	0.9375	0.9375	0.4583333333333333
995	11531	0.875	0.875	0.4791666666666667
996	3343	0.875	0.875	0.3958333333333333
997	3344	0.8958333333333334	0.9166666666666666	0.5833333333333334
998	11535	0.875	0.875	0.4583333333333333
999	11537	0.8958333333333334	0.8958333333333334	0.3541666666666667
1000	19734	1.0	0.9791666666666666	0.5208333333333334
1001	11544	0.9166666666666666	0.9166666666666666	0.6458333333333334
1002	19740	0.9375	0.9375	0.6041666666666666
1003	3357	0.9166666666666666	0.9375	0.5833333333333334
1004	19745	0.9166666666666666	0.9166666666666666	0.4791666666666667
1005	19747	0.9375	0.9791666666666666	0.6458333333333334
1006	11556	0.8958333333333334	0.8958333333333334	0.4583333333333333
1007	11557	0.9166666666666666	0.9166666666666666	0.5
1008	11560	0.9375	0.9791666666666666	0.5208333333333334
1009	3369	0.8958333333333334	0.9583333333333334	0.625
1010	11562	0.9375	0.9583333333333334	0.5
1011	19752	0.8958333333333334	0.9166666666666666	0.2916666666666667
1012	11564	0.9166666666666666	0.9583333333333334	0.5208333333333334
1013	19754	0.8333333333333334	0.8541666666666666	0.625
1014	3374	0.8541666666666666	0.8958333333333334	0.5416666666666666
1015	3375	0.9166666666666666	0.9375	0.6041666666666666
1016	19762	0.8958333333333334	0.8958333333333334	0.4166666666666667
1017	3381	0.9375	0.9375	0.4583333333333333
1018	19770	0.8958333333333334	0.8958333333333334	0.5625
1019	3390	0.8333333333333334	0.7916666666666666	0.4375
1020	3392	0.9166666666666666	0.9375	0.5625
1021	19776	0.9166666666666666	0.9375	0.5416666666666666
1022	19777	0.9583333333333334	0.9791666666666666	0.5416666666666666
1023	11590	0.9375	0.9375	0.5416666666666666
1024	11594	0.8541666666666666	0.8958333333333334	0.4375
1025	19786	0.9375	0.9791666666666666	0.5416666666666666
1026	19787	0.8541666666666666	0.8541666666666666	0.4791666666666667
1027	19797	0.8958333333333334	0.9791666666666666	0.5833333333333334
1028	3418	0.875	0.8958333333333334	0.5833333333333334
1029	3420	0.9166666666666666	0.9166666666666666	0.4791666666666667
1030	3421	0.8541666666666666	0.8958333333333334	0.5625
1031	11614	0.8958333333333334	0.9166666666666666	0.5416666666666666
1032	19813	0.9791666666666666	0.9791666666666666	0.5416666666666666
1033	3431	0.8541666666666666	0.8958333333333334	0.5416666666666666
1034	3437	0.875	0.8541666666666666	0.4583333333333333
1035	3441	0.9583333333333334	0.9791666666666666	0.5625
1036	3445	0.9583333333333334	0.9583333333333334	0.5
1037	11638	0.9166666666666666	0.9166666666666666	0.5208333333333334
1038	19830	0.9791666666666666	0.9791666666666666	0.5833333333333334
1039	11642	0.9166666666666666	0.9166666666666666	0.4375
1040	3453	0.9166666666666666	0.9375	0.5625
1041	3454	0.8958333333333334	0.9166666666666666	0.4583333333333333
1042	11646	0.8125	0.8541666666666666	0.4375
1043	11650	0.9791666666666666	0.9791666666666666	0.5
1044	11654	0.9375	0.9375	0.4583333333333333
1045	11658	0.875	0.8541666666666666	0.4375
1046	11665	0.9375	0.9375	0.4375
1047	3477	0.875	0.8958333333333334	0.4791666666666667
1048	19864	0.8958333333333334	0.9375	0.3125
1049	19871	0.8958333333333334	0.9166666666666666	0.5625
1050	3491	0.8958333333333334	0.8958333333333334	0.5
1051	11693	0.9166666666666666	0.9166666666666666	0.5833333333333334
1052	19886	0.875	0.875	0.5
1053	11695	0.9375	0.9166666666666666	0.5
1054	11696	0.875	0.8958333333333334	0.5416666666666666
1055	3507	0.9166666666666666	0.9166666666666666	0.5208333333333334
1056	11701	0.875	0.875	0.5
1057	11705	0.9166666666666666	0.9166666666666666	0.5833333333333334
1058	19899	0.9166666666666666	0.9375	0.4166666666666667
1059	11714	0.875	0.875	0.5416666666666666
1060	11715	0.7916666666666666	0.7708333333333334	0.5416666666666666
1061	11719	0.9583333333333334	0.9375	0.5416666666666666
1062	3531	0.9375	0.9791666666666666	0.4166666666666667
1063	11723	0.9583333333333334	0.9791666666666666	0.5625
1064	19916	0.8958333333333334	0.8958333333333334	0.5416666666666666
1065	19933	0.9375	0.9791666666666666	0.5208333333333334
1066	3554	0.875	0.8958333333333334	0.5208333333333334
1067	11746	0.8958333333333334	0.9166666666666666	0.4583333333333333
1068	3557	0.8958333333333334	0.8958333333333334	0.5625
1069	19941	0.8125	0.9166666666666666	0.6041666666666666
1070	19943	0.9375	0.9166666666666666	0.5208333333333334
1071	19945	0.8541666666666666	0.8958333333333334	0.5416666666666666
1072	3562	0.9791666666666666	0.9791666666666666	0.4583333333333333
1073	3565	0.8541666666666666	0.8541666666666666	0.5
1074	3569	0.9583333333333334	0.9583333333333334	0.5
1075	19958	0.8541666666666666	0.9375	0.5
1076	11775	0.875	0.9166666666666666	0.5625
1077	11780	0.8958333333333334	0.9583333333333334	0.6041666666666666
1078	19978	0.8541666666666666	0.9375	0.5416666666666666
1079	11788	0.8541666666666666	0.9166666666666666	0.5
1080	3597	0.9791666666666666	0.9791666666666666	0.5625
1081	19980	0.9166666666666666	0.9583333333333334	0.5208333333333334
1082	19981	0.8958333333333334	0.9166666666666666	0.5833333333333334
1083	19983	0.9583333333333334	0.9375	0.3541666666666667
1084	3601	0.8958333333333334	0.8958333333333334	0.5
1085	19985	0.9166666666666666	0.9166666666666666	0.5
1086	19986	0.8541666666666666	0.875	0.5208333333333334
1087	11802	0.9791666666666666	0.9583333333333334	0.5625
1088	3611	0.9166666666666666	0.9166666666666666	0.5625
1089	19997	0.9166666666666666	0.9791666666666666	0.5625
1090	19999	0.8958333333333334	0.875	0.5625
1091	3628	0.8958333333333334	0.9166666666666666	0.4791666666666667
1092	3630	0.9583333333333334	0.9791666666666666	0.5833333333333334
1093	3637	0.9375	0.9791666666666666	0.5416666666666666
1094	11830	0.8958333333333334	0.9375	0.5625
1095	3641	0.9583333333333334	0.9583333333333334	0.4791666666666667
1096	11836	0.8958333333333334	0.9166666666666666	0.5
1097	11838	0.8541666666666666	0.875	0.3333333333333333
1098	3655	0.9583333333333334	0.9583333333333334	0.5416666666666666
1099	11856	0.875	0.9166666666666666	0.4791666666666667
1100	11866	0.9583333333333334	0.9583333333333334	0.6875
1101	3677	0.875	0.8958333333333334	0.6041666666666666
1102	11872	0.9583333333333334	0.9375	0.5625
1103	11874	0.9583333333333334	0.9583333333333334	0.4583333333333333
1104	3684	0.875	0.9375	0.6041666666666666
1105	3688	0.9166666666666666	0.9166666666666666	0.4375
1106	11895	0.9166666666666666	0.9375	0.5208333333333334
1107	3710	0.8333333333333334	0.875	0.5208333333333334
1108	3713	0.9375	0.9583333333333334	0.5833333333333334
1109	3714	0.8333333333333334	0.8958333333333334	0.6875
1110	3720	0.8958333333333334	0.9166666666666666	0.3958333333333333
1111	11917	0.8958333333333334	0.9375	0.4375
1112	11919	0.9375	0.9166666666666666	0.4791666666666667
1113	3727	0.8958333333333334	0.9166666666666666	0.4583333333333333
1114	11923	0.875	0.8958333333333334	0.4791666666666667
1115	3739	0.8958333333333334	0.9166666666666666	0.5416666666666666
1116	3742	0.9166666666666666	0.9375	0.5208333333333334
1117	11939	0.9791666666666666	1.0	0.4375
1118	11940	0.8333333333333334	0.8333333333333334	0.5625
1119	3749	0.9583333333333334	0.9583333333333334	0.5625
1120	3757	0.875	0.8958333333333334	0.5416666666666666
1121	3763	0.8541666666666666	0.875	0.5416666666666666
1122	11955	0.9791666666666666	0.9791666666666666	0.4791666666666667
1123	11965	0.8958333333333334	0.9166666666666666	0.4375
1124	11970	0.9375	0.9791666666666666	0.5
1125	11971	0.8958333333333334	0.8958333333333334	0.3958333333333333
1126	3798	0.8958333333333334	0.9375	0.625
1127	3811	0.8958333333333334	0.875	0.3958333333333333
1128	12004	0.9166666666666666	0.9375	0.5416666666666666
1129	3813	0.9166666666666666	0.9166666666666666	0.4375
1130	3815	0.8333333333333334	0.8333333333333334	0.5208333333333334
1131	3819	0.9375	0.9583333333333334	0.5208333333333334
1132	12016	0.8125	0.8541666666666666	0.4375
1133	12040	0.9166666666666666	0.9375	0.5416666666666666
1134	12041	0.9791666666666666	0.9791666666666666	0.3958333333333333
1135	3851	0.8541666666666666	0.9166666666666666	0.625
1136	12044	0.8958333333333334	0.8958333333333334	0.4791666666666667
1137	12046	0.875	0.9375	0.5833333333333334
1138	12047	0.9375	0.9166666666666666	0.5
1139	3864	0.9166666666666666	0.9375	0.5416666666666666
1140	12076	0.8958333333333334	0.8958333333333334	0.5625
1141	3891	0.9166666666666666	0.9791666666666666	0.4791666666666667
1142	12092	0.8958333333333334	0.9583333333333334	0.5208333333333334
1143	3901	0.8958333333333334	0.875	0.5208333333333334
1144	3912	0.8958333333333334	0.9166666666666666	0.5416666666666666
1145	3914	0.9375	0.9583333333333334	0.6041666666666666
1146	12113	0.9375	0.9583333333333334	0.5
1147	12116	0.875	0.9166666666666666	0.5208333333333334
1148	3944	0.9166666666666666	0.9166666666666666	0.5208333333333334
1149	12145	0.9791666666666666	0.9791666666666666	0.4791666666666667
1150	12150	0.875	0.875	0.5
1151	12156	0.9166666666666666	0.9583333333333334	0.5833333333333334
1152	12162	0.9166666666666666	0.9166666666666666	0.5
1153	3973	0.9166666666666666	0.9166666666666666	0.5
1154	12169	0.9166666666666666	0.9166666666666666	0.4791666666666667
1155	12174	0.9375	1.0	0.5416666666666666
1156	12176	0.8958333333333334	0.9583333333333334	0.625
1157	12179	0.9583333333333334	0.9583333333333334	0.5
1158	3988	0.9583333333333334	0.9791666666666666	0.5208333333333334
1159	12183	0.8958333333333334	0.8958333333333334	0.4375
1160	12184	0.7916666666666666	0.875	0.5
1161	12186	0.9375	0.9166666666666666	0.5416666666666666
1162	3999	0.9583333333333334	0.9583333333333334	0.625
1163	4001	0.9166666666666666	0.9166666666666666	0.5625
1164	12198	0.8958333333333334	0.8958333333333334	0.5833333333333334
1165	12200	0.8958333333333334	0.9375	0.3958333333333333
1166	12202	0.8541666666666666	0.8958333333333334	0.4166666666666667
1167	4015	0.9583333333333334	0.9583333333333334	0.5625
1168	12207	0.9375	0.9583333333333334	0.5
1169	12209	0.875	0.875	0.4583333333333333
1170	4019	0.9166666666666666	0.9166666666666666	0.5416666666666666
1171	12220	0.8541666666666666	0.875	0.6041666666666666
1172	4034	0.9166666666666666	0.8958333333333334	0.5
1173	12235	0.9166666666666666	0.9375	0.4791666666666667
1174	12237	0.875	0.9166666666666666	0.4791666666666667
1175	12250	0.875	0.875	0.4791666666666667
1176	12255	0.8541666666666666	0.8958333333333334	0.5
1177	12261	0.9166666666666666	0.9375	0.5
1178	12266	0.9166666666666666	0.9375	0.4375
1179	4091	0.9375	0.9375	0.5208333333333334
1180	12290	0.9166666666666666	0.9166666666666666	0.5416666666666666
1181	12299	0.9375	0.9791666666666666	0.5208333333333334
1182	4108	0.9166666666666666	0.9583333333333334	0.625
1183	4110	0.875	0.875	0.5625
1184	4115	0.875	0.9375	0.4583333333333333
1185	12313	0.8958333333333334	0.9166666666666666	0.5833333333333334
1186	12317	0.9166666666666666	0.9583333333333334	0.4791666666666667
1187	12324	0.8333333333333334	0.9375	0.5
1188	4134	0.875	0.875	0.375
1189	12330	0.875	0.875	0.4583333333333333
1190	12331	0.9583333333333334	0.9791666666666666	0.6875
1191	4143	0.9375	0.9583333333333334	0.5
1192	12338	0.8958333333333334	0.875	0.5208333333333334
1193	4147	0.875	0.8958333333333334	0.5416666666666666
1194	12339	0.7916666666666666	0.8333333333333334	0.4166666666666667
1195	12343	0.8958333333333334	0.9583333333333334	0.5833333333333334
1196	12346	0.8958333333333334	0.9166666666666666	0.625
1197	4159	0.875	0.9375	0.4791666666666667
1198	4165	0.9375	0.9583333333333334	0.6041666666666666
1199	4168	0.9583333333333334	0.9375	0.5416666666666666
1200	4172	0.8333333333333334	0.8541666666666666	0.4791666666666667
1201	12374	0.9375	0.9583333333333334	0.6041666666666666
1202	4189	0.8958333333333334	0.875	0.4375
1203	12384	0.875	0.9166666666666666	0.5833333333333334
1204	12395	0.9166666666666666	0.9375	0.5416666666666666
1205	4209	0.8958333333333334	0.8958333333333334	0.4791666666666667
1206	4213	0.9583333333333334	0.9791666666666666	0.5416666666666666
1207	12412	0.8333333333333334	0.875	0.5208333333333334
1208	12416	0.875	0.9166666666666666	0.5416666666666666
1209	12419	0.9583333333333334	0.9583333333333334	0.25
1210	4233	0.875	0.875	0.5208333333333334
1211	4244	0.9375	0.9166666666666666	0.5208333333333334
1212	4256	0.8333333333333334	0.875	0.5416666666666666
1213	4264	0.8333333333333334	0.8333333333333334	0.4583333333333333
1214	12469	0.875	0.875	0.4791666666666667
1215	12474	0.8541666666666666	0.875	0.5416666666666666
1216	4298	0.9583333333333334	0.9583333333333334	0.5
1217	4301	0.9166666666666666	0.9166666666666666	0.5
1218	4313	0.875	0.875	0.4791666666666667
1219	12505	0.8958333333333334	0.8958333333333334	0.5
1220	4325	0.8958333333333334	0.9166666666666666	0.5625
1221	4331	0.9166666666666666	0.9791666666666666	0.6041666666666666
1222	12534	0.9375	0.9791666666666666	0.5208333333333334
1223	4347	0.8541666666666666	0.875	0.5
1224	4359	0.9583333333333334	0.9791666666666666	0.5
1225	4361	0.875	0.8958333333333334	0.3958333333333333
1226	4362	0.9166666666666666	0.9375	0.4791666666666667
1227	4364	0.8958333333333334	0.9166666666666666	0.4583333333333333
1228	4381	0.8541666666666666	0.9166666666666666	0.4791666666666667
1229	4390	0.875	0.9166666666666666	0.4583333333333333
1230	12583	0.8333333333333334	0.875	0.5208333333333334
1231	12589	0.9166666666666666	0.8958333333333334	0.4791666666666667
1232	12593	0.8958333333333334	0.8958333333333334	0.5208333333333334
1233	12596	0.9375	0.9583333333333334	0.4583333333333333
1234	4407	0.8958333333333334	0.875	0.5
1235	12601	0.9375	0.9375	0.5833333333333334
1236	12608	0.9166666666666666	0.9375	0.3958333333333333
1237	12612	0.9791666666666666	1.0	0.4166666666666667
1238	4426	0.9583333333333334	0.9583333333333334	0.4791666666666667
1239	4427	0.9583333333333334	0.9583333333333334	0.5625
1240	4431	0.8958333333333334	0.8958333333333334	0.5416666666666666
1241	4432	0.9166666666666666	0.9375	0.625
1242	4433	0.875	0.8541666666666666	0.5208333333333334
1243	4438	0.9166666666666666	0.9166666666666666	0.5833333333333334
1244	4441	0.9375	0.9375	0.4583333333333333
1245	4444	0.9375	0.9583333333333334	0.5
1246	12641	0.8541666666666666	0.8958333333333334	0.5208333333333334
1247	4452	0.9375	1.0	0.5833333333333334
1248	4453	0.8541666666666666	0.8958333333333334	0.625
1249	12648	0.875	0.9166666666666666	0.4166666666666667
1250	12652	0.8958333333333334	0.8958333333333334	0.4791666666666667
1251	12653	0.8958333333333334	0.9166666666666666	0.4166666666666667
1252	4466	0.9166666666666666	0.8958333333333334	0.5
1253	4471	0.8541666666666666	0.9166666666666666	0.625
1254	12667	0.9583333333333334	0.9791666666666666	0.4791666666666667
1255	12677	0.9166666666666666	0.9375	0.4583333333333333
1256	12678	0.9583333333333334	0.9791666666666666	0.4791666666666667
1257	4492	0.875	0.8958333333333334	0.4166666666666667
1258	12686	0.9583333333333334	0.9583333333333334	0.6041666666666666
1259	4495	0.8333333333333334	0.8958333333333334	0.5208333333333334
1260	4496	0.9583333333333334	0.9583333333333334	0.5833333333333334
1261	12687	0.9166666666666666	0.9583333333333334	0.6041666666666666
1262	4498	0.875	0.8958333333333334	0.5
1263	12689	0.8541666666666666	0.9375	0.4791666666666667
1264	4500	0.8541666666666666	0.875	0.4583333333333333
1265	4518	0.9583333333333334	0.9791666666666666	0.5208333333333334
1266	12714	0.875	0.8958333333333334	0.5833333333333334
1267	12733	0.8958333333333334	0.9166666666666666	0.5208333333333334
1268	4544	0.9166666666666666	0.9583333333333334	0.5625
1269	4545	0.875	0.8958333333333334	0.5208333333333334
1270	4556	0.8958333333333334	0.9166666666666666	0.4791666666666667
1271	12758	0.9166666666666666	0.9166666666666666	0.4166666666666667
1272	4567	0.9375	0.9791666666666666	0.5
1273	12764	0.9583333333333334	0.9791666666666666	0.5
1274	12766	0.9583333333333334	0.9791666666666666	0.6041666666666666
1275	12772	0.9375	0.9583333333333334	0.5625
1276	12773	0.8958333333333334	0.9375	0.5625
1277	12776	0.875	0.9375	0.6041666666666666
1278	12791	0.8541666666666666	0.9375	0.4791666666666667
1279	4600	0.8958333333333334	0.9166666666666666	0.4583333333333333
1280	4612	0.9375	0.9375	0.4166666666666667
1281	4613	0.9583333333333334	0.9375	0.5625
1282	12804	0.9375	0.9375	0.4375
1283	4617	0.9166666666666666	0.9375	0.625
1284	12809	0.8958333333333334	0.9375	0.5833333333333334
1285	4622	0.8958333333333334	0.9375	0.5833333333333334
1286	12820	0.9375	0.9583333333333334	0.5625
1287	4633	0.8333333333333334	0.8541666666666666	0.4583333333333333
1288	4638	0.9583333333333334	0.9583333333333334	0.5208333333333334
1289	4643	0.875	0.875	0.4583333333333333
1290	4645	0.8958333333333334	0.9583333333333334	0.6458333333333334
1291	4649	0.9166666666666666	0.9166666666666666	0.5
1292	4663	0.8333333333333334	0.9375	0.5416666666666666
1293	12858	0.8958333333333334	0.9375	0.625
1294	4671	0.875	0.875	0.5833333333333334
1295	4674	0.8958333333333334	0.9166666666666666	0.4791666666666667
1296	4676	0.9791666666666666	0.9791666666666666	0.5416666666666666
1297	12875	0.9166666666666666	0.9166666666666666	0.5208333333333334
1298	12876	0.8958333333333334	0.9166666666666666	0.4583333333333333
1299	12881	0.8541666666666666	0.9375	0.5208333333333334
1300	12892	0.8958333333333334	0.9166666666666666	0.5
1301	4704	0.9583333333333334	0.9791666666666666	0.625
1302	12911	0.8958333333333334	0.9166666666666666	0.5208333333333334
1303	12914	0.8958333333333334	0.9166666666666666	0.5416666666666666
1304	4730	0.9791666666666666	0.9791666666666666	0.4166666666666667
1305	4736	0.9375	0.9375	0.4791666666666667
1306	4737	0.8125	0.8541666666666666	0.4791666666666667
1307	4738	0.8333333333333334	0.8125	0.4791666666666667
1308	4749	0.9375	0.9166666666666666	0.5416666666666666
1309	12942	0.875	0.9166666666666666	0.5416666666666666
1310	12947	0.8333333333333334	0.8541666666666666	0.4375
1311	4758	0.9583333333333334	0.9583333333333334	0.5
1312	12952	0.875	0.9166666666666666	0.5
1313	4761	0.8541666666666666	0.8541666666666666	0.4791666666666667
1314	4778	0.9166666666666666	0.9375	0.4375
1315	4781	0.875	0.8958333333333334	0.4791666666666667
1316	12973	0.9166666666666666	0.9166666666666666	0.4375
1317	12976	0.9375	0.9375	0.5208333333333334
1318	12978	0.9166666666666666	0.9375	0.4166666666666667
1319	4791	0.9791666666666666	0.9791666666666666	0.6041666666666666
1320	12985	0.9375	0.9375	0.5208333333333334
1321	12988	0.9583333333333334	0.9583333333333334	0.5
1322	12991	0.8958333333333334	0.9166666666666666	0.4375
1323	4800	0.8333333333333334	0.8541666666666666	0.4791666666666667
1324	4805	0.8958333333333334	0.8958333333333334	0.5416666666666666
1325	4806	0.875	0.8958333333333334	0.5208333333333334
1326	4807	0.9166666666666666	0.9375	0.5625
1327	12998	0.9166666666666666	0.9166666666666666	0.3958333333333333
1328	13000	0.8333333333333334	0.8958333333333334	0.5833333333333334
1329	4810	0.8333333333333334	0.8333333333333334	0.5625
1330	13014	0.9791666666666666	1.0	0.6041666666666666
1331	4832	0.8333333333333334	0.8541666666666666	0.6666666666666666
1332	13026	0.9166666666666666	0.9583333333333334	0.5208333333333334
1333	4836	0.9166666666666666	0.9166666666666666	0.5625
1334	13032	0.7916666666666666	0.8333333333333334	0.5416666666666666
1335	4842	0.875	0.8541666666666666	0.4791666666666667
1336	4847	0.9583333333333334	0.9583333333333334	0.5625
1337	4854	0.9375	0.9375	0.5208333333333334
1338	4855	0.9166666666666666	0.9166666666666666	0.5625
1339	13047	0.9791666666666666	1.0	0.6041666666666666
1340	4859	0.8958333333333334	0.9166666666666666	0.5625
1341	13052	0.9791666666666666	0.9583333333333334	0.3958333333333333
1342	4874	0.9166666666666666	0.9166666666666666	0.4375
1343	13068	0.9166666666666666	0.9791666666666666	0.4791666666666667
1344	4883	0.9375	0.9791666666666666	0.5625
1345	13077	0.9166666666666666	0.9375	0.5833333333333334
1346	13082	0.875	0.9375	0.4375
1347	4893	0.9583333333333334	0.9583333333333334	0.5625
1348	4896	0.9375	0.9583333333333334	0.5208333333333334
1349	13088	0.875	0.875	0.5
1350	4911	0.9375	0.9166666666666666	0.4166666666666667
1351	4918	0.8958333333333334	0.9166666666666666	0.5416666666666666
1352	13117	0.9375	0.9375	0.5208333333333334
1353	13122	0.9166666666666666	0.9166666666666666	0.4375
1354	4932	0.8958333333333334	0.9166666666666666	0.4583333333333333
1355	13126	0.8958333333333334	0.9583333333333334	0.625
1356	4945	0.9375	0.9583333333333334	0.5416666666666666
1357	13150	0.8958333333333334	0.8958333333333334	0.5416666666666666
1358	4965	0.875	0.9375	0.4375
1359	4972	0.8541666666666666	0.8333333333333334	0.4791666666666667
1360	4977	0.9791666666666666	0.9791666666666666	0.5208333333333334
1361	13169	0.875	0.9166666666666666	0.6041666666666666
1362	13179	0.9583333333333334	0.9583333333333334	0.4791666666666667
1363	13185	0.9583333333333334	0.9375	0.4375
1364	13193	0.9375	0.9375	0.5625
1365	5011	0.9375	0.9375	0.5416666666666666
1366	5017	0.9166666666666666	0.9375	0.4791666666666667
1367	13217	0.9375	0.9166666666666666	0.6041666666666666
1368	5030	0.9375	0.9375	0.5208333333333334
1369	13222	0.8958333333333334	0.9583333333333334	0.5208333333333334
1370	13225	0.9166666666666666	0.9375	0.4583333333333333
1371	13227	0.9375	0.9375	0.5833333333333334
1372	13235	0.8958333333333334	0.9375	0.5416666666666666
1373	13240	0.8541666666666666	0.875	0.5208333333333334
1374	5052	0.8958333333333334	0.8958333333333334	0.5208333333333334
1375	5053	0.8958333333333334	0.8958333333333334	0.4375
1376	13246	0.9166666666666666	0.9375	0.5416666666666666
1377	5057	0.8333333333333334	0.8541666666666666	0.4375
1378	13259	0.8541666666666666	0.8541666666666666	0.4375
1379	13262	0.8541666666666666	0.8541666666666666	0.5
1380	5074	0.9166666666666666	0.8958333333333334	0.4791666666666667
1381	5079	0.9166666666666666	0.9166666666666666	0.4375
1382	5085	0.8958333333333334	0.8958333333333334	0.3958333333333333
1383	13282	0.9166666666666666	0.9166666666666666	0.5208333333333334
1384	13285	0.8958333333333334	0.8958333333333334	0.4166666666666667
1385	5105	1.0	1.0	0.5416666666666666
1386	5106	0.875	0.8958333333333334	0.5416666666666666
1387	13297	0.8541666666666666	0.9375	0.5625
1388	5110	0.8958333333333334	0.9166666666666666	0.4375
1389	5123	0.8541666666666666	0.9166666666666666	0.5416666666666666
1390	5125	0.9583333333333334	0.9791666666666666	0.4583333333333333
1391	5127	0.9166666666666666	0.9166666666666666	0.375
1392	13324	0.8958333333333334	0.9375	0.6041666666666666
1393	5137	0.8541666666666666	0.8958333333333334	0.375
1394	13351	0.8541666666666666	0.875	0.5416666666666666
1395	5178	0.875	0.8958333333333334	0.5
1396	5179	0.9166666666666666	0.9375	0.5416666666666666
1397	5180	0.9583333333333334	0.9583333333333334	0.5416666666666666
1398	13381	0.875	0.875	0.5208333333333334
1399	5190	0.9375	0.9791666666666666	0.5625
1400	13396	0.9583333333333334	0.9791666666666666	0.3958333333333333
1401	13400	0.9375	0.9583333333333334	0.5625
1402	13404	0.9166666666666666	0.9375	0.5208333333333334
1403	13408	1.0	1.0	0.4583333333333333
1404	13410	0.9375	0.9375	0.5
1405	13418	0.9375	0.9375	0.5
1406	5233	0.9375	0.9166666666666666	0.4583333333333333
1407	5234	0.8958333333333334	0.8958333333333334	0.5
1408	13429	0.875	0.9166666666666666	0.5625
1409	5238	0.875	0.8958333333333334	0.5625
1410	5239	0.9791666666666666	0.9791666666666666	0.4583333333333333
1411	13430	0.8958333333333334	0.875	0.5416666666666666
1412	5241	0.875	0.9166666666666666	0.5
1413	5250	0.9166666666666666	0.9791666666666666	0.5833333333333334
1414	13447	0.8958333333333334	0.9166666666666666	0.4791666666666667
1415	5257	0.9583333333333334	0.9166666666666666	0.5833333333333334
1416	5259	0.7916666666666666	0.8333333333333334	0.4375
1417	13457	0.9375	0.9375	0.5625
1418	13468	0.9166666666666666	0.8958333333333334	0.5
1419	5277	0.9166666666666666	0.9166666666666666	0.4791666666666667
1420	13473	0.875	0.9166666666666666	0.5833333333333334
1421	5288	0.9583333333333334	0.9791666666666666	0.4791666666666667
1422	13480	0.9166666666666666	0.9166666666666666	0.4583333333333333
1423	13482	0.8333333333333334	0.875	0.5208333333333334
1424	5296	0.9583333333333334	0.9583333333333334	0.5833333333333334
1425	13491	0.9583333333333334	0.9791666666666666	0.5625
1426	5300	0.8958333333333334	0.8958333333333334	0.4791666666666667
1427	5302	0.9166666666666666	0.8958333333333334	0.4791666666666667
1428	13501	0.9166666666666666	0.9375	0.5833333333333334
1429	5312	0.8958333333333334	0.9375	0.6041666666666666
1430	13504	0.9166666666666666	0.8958333333333334	0.375
1431	13508	0.8958333333333334	0.9166666666666666	0.4791666666666667
1432	5320	0.8958333333333334	0.9375	0.4791666666666667
1433	5321	0.9166666666666666	0.9375	0.5625
1434	13519	0.9166666666666666	0.9166666666666666	0.4791666666666667
1435	5335	0.9166666666666666	0.9583333333333334	0.4791666666666667
1436	5343	0.8125	0.875	0.5625
1437	13546	0.9583333333333334	0.9583333333333334	0.5
1438	13548	0.9375	0.9583333333333334	0.5208333333333334
1439	13551	0.9583333333333334	0.9791666666666666	0.5833333333333334
1440	5371	0.8541666666666666	0.9166666666666666	0.5
1441	13565	0.9166666666666666	0.9375	0.4791666666666667
1442	5374	0.8333333333333334	0.8333333333333334	0.5416666666666666
1443	13569	0.9375	0.9791666666666666	0.625
1444	13576	0.875	0.9166666666666666	0.5833333333333334
1445	5388	0.9375	0.9375	0.5416666666666666
1446	5391	0.875	0.8541666666666666	0.5
1447	13585	0.9166666666666666	0.9583333333333334	0.625
1448	13599	0.9166666666666666	0.9583333333333334	0.5833333333333334
1449	5409	0.9166666666666666	0.9791666666666666	0.6041666666666666
1450	13606	0.8958333333333334	0.9166666666666666	0.4791666666666667
1451	5416	0.9791666666666666	0.9791666666666666	0.5208333333333334
1452	13613	0.9375	0.9583333333333334	0.5208333333333334
1453	5424	0.8958333333333334	0.8958333333333334	0.5625
1454	5430	0.875	0.8958333333333334	0.4791666666666667
1455	13622	0.8958333333333334	0.9375	0.4791666666666667
1456	13624	0.8958333333333334	0.9375	0.5833333333333334
1457	5436	0.9791666666666666	0.9583333333333334	0.6041666666666666
1458	13630	0.8333333333333334	0.8541666666666666	0.5208333333333334
1459	5443	0.8958333333333334	0.8958333333333334	0.5833333333333334
1460	13636	0.875	0.875	0.5
1461	5446	0.8541666666666666	0.8541666666666666	0.5208333333333334
1462	5449	0.8541666666666666	0.875	0.4583333333333333
1463	5451	0.9375	0.9583333333333334	0.5208333333333334
1464	13646	0.9166666666666666	0.9166666666666666	0.4791666666666667
1465	13660	0.875	0.9166666666666666	0.5625
1466	5476	0.9791666666666666	0.9791666666666666	0.625
1467	13670	0.8541666666666666	0.8333333333333334	0.5
1468	13674	0.9583333333333334	0.9583333333333334	0.5833333333333334
1469	5487	0.8333333333333334	0.875	0.5
1470	5491	0.9791666666666666	0.9791666666666666	0.4583333333333333
1471	5496	0.875	0.9166666666666666	0.5
1472	13704	0.9375	0.9375	0.5625
1473	13712	0.9166666666666666	0.9375	0.5416666666666666
1474	13717	0.8125	0.8541666666666666	0.5416666666666666
1475	13719	0.9166666666666666	0.9166666666666666	0.4375
1476	5531	0.8958333333333334	0.8958333333333334	0.3541666666666667
1477	5537	0.8958333333333334	0.8958333333333334	0.5625
1478	5540	0.9375	0.9583333333333334	0.5208333333333334
1479	13738	0.9166666666666666	0.9166666666666666	0.5416666666666666
1480	13747	0.9166666666666666	0.8958333333333334	0.4583333333333333
1481	5561	0.8958333333333334	0.9166666666666666	0.5208333333333334
1482	13761	0.8333333333333334	0.875	0.5208333333333334
1483	5570	0.8958333333333334	0.9583333333333334	0.5833333333333334
1484	13773	0.9166666666666666	0.9166666666666666	0.5833333333333334
1485	13774	0.9583333333333334	0.9583333333333334	0.5
1486	13775	0.8541666666666666	0.8541666666666666	0.4791666666666667
1487	5589	0.8333333333333334	0.8541666666666666	0.5416666666666666
1488	5593	0.8958333333333334	0.9375	0.5208333333333334
1489	5601	0.9166666666666666	0.9375	0.4375
1490	13808	0.9166666666666666	0.9583333333333334	0.4166666666666667
1491	13809	0.8958333333333334	0.8958333333333334	0.5833333333333334
1492	5623	0.9583333333333334	0.9583333333333334	0.4583333333333333
1493	5627	0.7708333333333334	0.8125	0.5625
1494	13829	0.8541666666666666	0.9375	0.5416666666666666
1495	13833	0.8125	0.8958333333333334	0.5833333333333334
1496	5645	0.8541666666666666	0.8958333333333334	0.4583333333333333
1497	5646	0.8958333333333334	0.9166666666666666	0.4583333333333333
1498	13844	0.9375	0.9375	0.4791666666666667
1499	5656	0.875	0.8958333333333334	0.625
1500	5657	0.8541666666666666	0.875	0.5
1501	13850	0.9375	0.9791666666666666	0.4791666666666667
1502	13860	0.9375	0.9375	0.4791666666666667
1503	5676	0.9375	0.9375	0.5833333333333334
1504	13878	0.875	0.8958333333333334	0.4791666666666667
1505	5694	0.9375	0.9583333333333334	0.5416666666666666
1506	5700	0.9375	0.9583333333333334	0.5208333333333334
1507	13892	0.9166666666666666	0.8958333333333334	0.4791666666666667
1508	5705	0.9166666666666666	0.875	0.5208333333333334
1509	5714	0.8958333333333334	0.8958333333333334	0.5
1510	13911	0.9166666666666666	0.9166666666666666	0.4791666666666667
1511	13914	0.9375	0.9375	0.5625
1512	5725	0.8958333333333334	0.8958333333333334	0.5
1513	13918	0.8958333333333334	0.875	0.4791666666666667
1514	5727	0.875	0.9166666666666666	0.5416666666666666
1515	13919	0.9791666666666666	0.9791666666666666	0.5
1516	13920	0.875	0.8958333333333334	0.5
1517	13924	0.8958333333333334	0.875	0.5
1518	13932	0.9583333333333334	0.9583333333333334	0.5
1519	5746	0.9375	0.9375	0.4583333333333333
1520	5751	0.875	0.875	0.4791666666666667
1521	5753	0.9166666666666666	0.9583333333333334	0.5
1522	13947	0.9166666666666666	0.8958333333333334	0.5208333333333334
1523	5758	0.9166666666666666	0.9166666666666666	0.4375
1524	13950	0.9583333333333334	0.9583333333333334	0.5625
1525	5760	0.875	0.875	0.5833333333333334
1526	5773	0.9583333333333334	0.9375	0.5208333333333334
1527	13965	0.9375	0.9166666666666666	0.5416666666666666
1528	13966	0.8333333333333334	0.875	0.5208333333333334
1529	5777	0.9166666666666666	0.9375	0.5833333333333334
1530	5780	0.875	0.9166666666666666	0.5416666666666666
1531	5783	0.8541666666666666	0.875	0.4583333333333333
1532	5789	0.9375	0.9375	0.5
1533	5792	0.8541666666666666	0.9166666666666666	0.5833333333333334
1534	13987	0.9375	0.9166666666666666	0.5
1535	5798	0.7916666666666666	0.8541666666666666	0.4791666666666667
1536	13993	0.9375	0.9583333333333334	0.5625
1537	5802	0.9166666666666666	0.9166666666666666	0.6458333333333334
1538	13995	0.8958333333333334	0.8958333333333334	0.4375
1539	13998	0.7083333333333334	0.7708333333333334	0.4583333333333333
1540	13999	0.9375	0.9583333333333334	0.5
1541	14026	0.7916666666666666	0.8333333333333334	0.5208333333333334
1542	14037	0.875	0.9375	0.5833333333333334
1543	14040	0.9166666666666666	0.9166666666666666	0.4583333333333333
1544	14044	0.9166666666666666	0.9583333333333334	0.4375
1545	5856	0.9166666666666666	0.9583333333333334	0.4791666666666667
1546	14052	0.8958333333333334	0.9375	0.5416666666666666
1547	14053	0.875	0.8958333333333334	0.5625
1548	14057	0.8125	0.8125	0.4791666666666667
1549	14061	0.8541666666666666	0.875	0.4166666666666667
1550	5871	0.9791666666666666	0.9791666666666666	0.5208333333333334
1551	14070	0.9166666666666666	0.9791666666666666	0.625
1552	5879	0.8958333333333334	0.8958333333333334	0.6458333333333334
1553	5882	0.9166666666666666	0.9166666666666666	0.5
1554	14076	0.9166666666666666	0.9375	0.5416666666666666
1555	14084	0.9375	0.9583333333333334	0.5625
1556	5893	0.9166666666666666	0.9375	0.625
1557	5896	0.8333333333333334	0.8333333333333334	0.5208333333333334
1558	5902	0.8958333333333334	0.9583333333333334	0.6666666666666666
1559	14099	0.875	0.9375	0.5208333333333334
1560	5908	0.9791666666666666	0.9791666666666666	0.4583333333333333
1561	14110	0.8958333333333334	0.9166666666666666	0.4583333333333333
1562	14114	0.9166666666666666	0.9583333333333334	0.4791666666666667
1563	14115	0.9166666666666666	0.9375	0.5208333333333334
1564	14125	0.9375	0.9791666666666666	0.4791666666666667
1565	5942	0.875	0.9166666666666666	0.5833333333333334
1566	14136	0.8958333333333334	0.8958333333333334	0.4583333333333333
1567	5950	0.9166666666666666	0.9166666666666666	0.625
1568	5952	0.9166666666666666	0.9375	0.5
1569	5960	0.9375	0.9583333333333334	0.6875
1570	14154	0.8958333333333334	0.9375	0.6041666666666666
1571	14173	0.9583333333333334	0.9583333333333334	0.4791666666666667
1572	5985	0.9375	0.9791666666666666	0.5208333333333334
1573	5987	0.8333333333333334	0.9583333333333334	0.5208333333333334
1574	14179	0.8541666666666666	0.875	0.5208333333333334
1575	5989	0.875	0.9375	0.5416666666666666
1576	5990	0.7916666666666666	0.8958333333333334	0.6458333333333334
1577	5998	0.9583333333333334	0.9583333333333334	0.5
1578	14192	0.8541666666666666	0.8958333333333334	0.6041666666666666
1579	14200	0.8541666666666666	0.875	0.4375
1580	6013	0.875	0.9375	0.4791666666666667
1581	14208	0.9791666666666666	0.9791666666666666	0.4375
1582	14211	0.9375	0.9375	0.5
1583	14232	0.9583333333333334	0.9583333333333334	0.4166666666666667
1584	6043	0.9166666666666666	0.9375	0.5208333333333334
1585	14244	0.875	0.9166666666666666	0.5208333333333334
1586	6060	0.9166666666666666	0.9375	0.4583333333333333
1587	14258	0.9375	0.9375	0.4583333333333333
1588	14263	0.9583333333333334	0.9375	0.4583333333333333
1589	14270	0.8958333333333334	0.9375	0.5625
1590	6083	0.8958333333333334	0.8541666666666666	0.5
1591	14278	0.9375	0.9375	0.5416666666666666
1592	6091	0.9166666666666666	0.9583333333333334	0.5625
1593	14287	0.875	0.8958333333333334	0.375
1594	14288	0.9166666666666666	0.9375	0.4583333333333333
1595	14289	0.9791666666666666	0.9791666666666666	0.4791666666666667
1596	14290	0.8541666666666666	0.8333333333333334	0.5
1597	6100	0.875	0.9375	0.5625
1598	6103	0.8958333333333334	0.9166666666666666	0.5
1599	14296	0.9166666666666666	0.9166666666666666	0.4583333333333333
1600	14297	0.8125	0.8541666666666666	0.3958333333333333
1601	6117	0.875	0.9166666666666666	0.4583333333333333
1602	14310	0.9375	0.9583333333333334	0.5625
1603	6123	0.8541666666666666	0.9166666666666666	0.5416666666666666
1604	6141	0.8958333333333334	0.9583333333333334	0.5
1605	6151	0.9375	0.9375	0.5208333333333334
1606	6155	0.8958333333333334	0.9166666666666666	0.5
1607	6169	0.875	0.9375	0.6666666666666666
1608	14370	0.9166666666666666	0.9375	0.6041666666666666
1609	14374	0.9166666666666666	0.9166666666666666	0.5
1610	6184	0.9791666666666666	1.0	0.5833333333333334
1611	6185	0.8958333333333334	0.9166666666666666	0.4583333333333333
1612	6191	0.9375	0.9375	0.625
1613	14383	0.8958333333333334	0.9166666666666666	0.4791666666666667
1614	14389	0.9375	0.9375	0.6458333333333334
1615	14398	0.8958333333333334	0.9583333333333334	0.5
1616	14415	0.875	0.9166666666666666	0.5
1617	6230	0.8958333333333334	0.9166666666666666	0.5208333333333334
1618	14423	0.875	0.8958333333333334	0.5
1619	14424	0.9791666666666666	0.9583333333333334	0.5208333333333334
1620	6234	0.8958333333333334	0.9166666666666666	0.4583333333333333
1621	6237	0.9166666666666666	0.8958333333333334	0.5
1622	6239	0.8958333333333334	0.9583333333333334	0.625
1623	14431	0.9583333333333334	0.9791666666666666	0.5
1624	14435	0.9166666666666666	0.9166666666666666	0.4583333333333333
1625	14438	0.9166666666666666	0.875	0.4791666666666667
1626	6255	0.8958333333333334	0.8958333333333334	0.5208333333333334
1627	14452	0.9166666666666666	0.9375	0.4791666666666667
1628	6263	0.875	0.875	0.5
1629	6266	0.9375	0.9375	0.5208333333333334
1630	6270	1.0	1.0	0.5
1631	6277	0.9583333333333334	0.9583333333333334	0.5
1632	6284	0.9583333333333334	0.9583333333333334	0.5833333333333334
1633	6289	0.8958333333333334	0.9166666666666666	0.5208333333333334
1634	14485	0.9583333333333334	0.9583333333333334	0.4791666666666667
1635	6295	0.9583333333333334	0.9791666666666666	0.5
1636	6296	0.875	0.9375	0.5
1637	14487	0.8958333333333334	0.9166666666666666	0.5208333333333334
1638	14490	0.875	0.875	0.3958333333333333
1639	14503	0.9166666666666666	0.9375	0.4791666666666667
1640	6314	0.75	0.8125	0.625
1641	14513	0.8958333333333334	0.9166666666666666	0.5833333333333334
1642	6332	0.875	0.8958333333333334	0.5208333333333334
1643	14528	0.8541666666666666	0.8958333333333334	0.5416666666666666
1644	6343	0.9791666666666666	0.9791666666666666	0.6041666666666666
1645	14537	0.8958333333333334	0.8958333333333334	0.625
1646	14542	0.875	0.875	0.5
1647	6360	0.9166666666666666	0.9375	0.5208333333333334
1648	14552	0.8541666666666666	0.8958333333333334	0.5
1649	14553	0.8958333333333334	0.9166666666666666	0.5208333333333334
1650	14556	0.875	0.8958333333333334	0.5
1651	14560	0.9166666666666666	0.9583333333333334	0.4583333333333333
1652	6369	0.9583333333333334	0.9791666666666666	0.4583333333333333
1653	14562	0.9791666666666666	0.9375	0.5625
1654	6372	0.8958333333333334	0.9375	0.5416666666666666
1655	14566	0.9791666666666666	1.0	0.6041666666666666
1656	6375	0.8541666666666666	0.8958333333333334	0.6041666666666666
1657	6377	0.9166666666666666	0.8958333333333334	0.4791666666666667
1658	6397	0.875	0.9166666666666666	0.4583333333333333
1659	14590	0.9166666666666666	0.9375	0.4791666666666667
1660	14595	0.8333333333333334	0.8333333333333334	0.375
1661	14597	1.0	1.0	0.5625
1662	6407	0.8333333333333334	0.8541666666666666	0.4166666666666667
1663	14600	0.9375	0.9375	0.5416666666666666
1664	6421	0.9583333333333334	0.9791666666666666	0.5416666666666666
1665	6431	0.9166666666666666	0.8958333333333334	0.4583333333333333
1666	6442	0.9375	0.9166666666666666	0.5416666666666666
1667	6447	0.9375	0.9583333333333334	0.4583333333333333
1668	14647	0.9166666666666666	0.9583333333333334	0.5416666666666666
1669	6457	0.875	0.9583333333333334	0.5625
1670	6470	0.875	0.9166666666666666	0.5208333333333334
1671	6472	0.8541666666666666	0.9375	0.4791666666666667
1672	14664	0.9375	0.8958333333333334	0.5
1673	6489	0.9375	0.9375	0.4166666666666667
1674	14684	0.875	0.9583333333333334	0.6041666666666666
1675	14689	0.8958333333333334	0.9166666666666666	0.5416666666666666
1676	6515	0.875	0.8958333333333334	0.5208333333333334
1677	14717	0.875	0.8541666666666666	0.5
1678	6531	0.875	0.875	0.375
1679	6541	0.8541666666666666	0.875	0.6041666666666666
1680	6543	0.8541666666666666	0.8958333333333334	0.4583333333333333
1681	6547	0.875	0.9375	0.5
1682	14750	0.9166666666666666	0.9583333333333334	0.5
1683	6564	0.8958333333333334	0.8958333333333334	0.5208333333333334
1684	14756	0.8541666666666666	0.9375	0.5625
1685	6566	0.8958333333333334	0.9166666666666666	0.4791666666666667
1686	6571	0.875	0.9166666666666666	0.625
1687	6574	0.9791666666666666	0.9583333333333334	0.5625
1688	6586	0.9583333333333334	0.9583333333333334	0.5208333333333334
1689	6589	0.8958333333333334	0.8958333333333334	0.5
1690	14789	0.875	0.9166666666666666	0.5
1691	6611	0.8333333333333334	0.8333333333333334	0.3125
1692	6617	0.9791666666666666	0.9791666666666666	0.6041666666666666
1693	14819	0.8333333333333334	0.8958333333333334	0.5208333333333334
1694	14821	0.9583333333333334	0.9583333333333334	0.4375
1695	6639	0.9375	0.9166666666666666	0.5
1696	6641	0.9375	0.9583333333333334	0.5208333333333334
1697	6646	0.8333333333333334	0.8541666666666666	0.4791666666666667
1698	14838	0.9583333333333334	0.9375	0.4791666666666667
1699	6653	0.9166666666666666	0.9166666666666666	0.5208333333333334
1700	14847	0.8125	0.8541666666666666	0.4791666666666667
1701	6656	0.9375	0.9791666666666666	0.5833333333333334
1702	14860	0.8958333333333334	0.9166666666666666	0.5208333333333334
1703	6676	0.9583333333333334	0.9166666666666666	0.5625
1704	14871	0.8958333333333334	0.8958333333333334	0.5416666666666666
1705	6705	0.9166666666666666	0.9375	0.5
1706	14900	0.9166666666666666	0.9166666666666666	0.4375
1707	6722	0.9375	0.9791666666666666	0.4791666666666667
1708	6723	0.8541666666666666	0.8541666666666666	0.5
1709	6732	0.8958333333333334	0.9166666666666666	0.4583333333333333
1710	6737	0.9166666666666666	0.9166666666666666	0.3958333333333333
1711	6738	0.9583333333333334	0.9375	0.5833333333333334
1712	6739	0.9166666666666666	0.9583333333333334	0.625
1713	14949	0.9791666666666666	0.9791666666666666	0.5
1714	6765	0.9166666666666666	0.9375	0.5208333333333334
1715	6768	0.9375	0.9583333333333334	0.5625
1716	6777	0.9583333333333334	1.0	0.5
1717	6784	0.875	0.8958333333333334	0.5208333333333334
1718	6800	0.9166666666666666	0.9375	0.5833333333333334
1719	6802	0.9583333333333334	0.9375	0.5
1720	14997	0.8958333333333334	0.9166666666666666	0.5833333333333334
1721	6808	0.875	0.8958333333333334	0.5625
1722	6810	0.8958333333333334	0.9166666666666666	0.4583333333333333
1723	6820	0.8958333333333334	0.8958333333333334	0.5625
1724	15024	0.8333333333333334	0.8541666666666666	0.5
1725	6834	0.875	0.8958333333333334	0.4375
1726	15035	0.9791666666666666	0.9791666666666666	0.5416666666666666
1727	15049	0.9375	0.9375	0.5833333333333334
1728	6874	0.8333333333333334	0.875	0.5208333333333334
1729	15070	1.0	0.9583333333333334	0.5416666666666666
1730	15071	0.875	0.9166666666666666	0.4583333333333333
1731	6882	0.8333333333333334	0.8541666666666666	0.6458333333333334
1732	6883	0.9166666666666666	0.9375	0.4583333333333333
1733	15084	0.9583333333333334	1.0	0.625
1734	6894	0.9166666666666666	0.8958333333333334	0.4375
1735	6895	0.9166666666666666	0.9375	0.3958333333333333
1736	15088	0.9375	0.9791666666666666	0.5833333333333334
1737	6899	0.9166666666666666	0.9375	0.4583333333333333
1738	15097	0.875	0.9166666666666666	0.6458333333333334
1739	6911	0.8958333333333334	0.9166666666666666	0.4375
1740	15107	0.8541666666666666	0.875	0.4375
1741	6918	0.75	0.7916666666666666	0.4166666666666667
1742	15115	0.9166666666666666	0.9375	0.5625
1743	6925	0.9166666666666666	0.9375	0.5416666666666666
1744	15126	0.8958333333333334	0.9791666666666666	0.5416666666666666
1745	6939	0.9166666666666666	0.9583333333333334	0.4166666666666667
1746	6942	0.9583333333333334	0.9583333333333334	0.5416666666666666
1747	6944	0.9166666666666666	0.8958333333333334	0.6041666666666666
1748	15141	0.875	0.8958333333333334	0.4791666666666667
1749	6950	0.8125	0.9375	0.5625
1750	15148	0.9166666666666666	0.9375	0.4583333333333333
1751	15150	0.9166666666666666	0.9583333333333334	0.6666666666666666
1752	15152	0.8333333333333334	0.875	0.4791666666666667
1753	6961	0.875	0.8958333333333334	0.5833333333333334
1754	15153	0.9375	0.9375	0.4166666666666667
1755	15157	0.9583333333333334	0.9583333333333334	0.5
1756	6967	0.8958333333333334	0.9375	0.4791666666666667
1757	15159	0.8541666666666666	0.8958333333333334	0.5208333333333334
1758	6971	0.8958333333333334	0.9166666666666666	0.5416666666666666
1759	6981	0.875	0.8958333333333334	0.4791666666666667
1760	6982	0.9375	0.9583333333333334	0.4583333333333333
1761	6989	0.9166666666666666	0.9375	0.5
1762	15184	0.8541666666666666	0.8958333333333334	0.6875
1763	6997	0.8958333333333334	0.9166666666666666	0.4583333333333333
1764	7006	0.875	0.875	0.3958333333333333
1765	7010	0.875	0.8958333333333334	0.4583333333333333
1766	7011	0.9166666666666666	0.9583333333333334	0.5
1767	15203	0.875	0.8958333333333334	0.5208333333333334
1768	7023	0.9791666666666666	1.0	0.5416666666666666
1769	15223	0.9583333333333334	0.9583333333333334	0.625
1770	15230	0.875	0.8958333333333334	0.4375
1771	7042	0.8541666666666666	0.8541666666666666	0.3958333333333333
1772	7044	0.9375	0.9375	0.4791666666666667
1773	7053	0.8958333333333334	0.9166666666666666	0.5
1774	7057	0.875	0.9166666666666666	0.5833333333333334
1775	7058	0.9166666666666666	0.9375	0.3958333333333333
1776	7060	0.8333333333333334	0.8541666666666666	0.5
1777	15252	0.9791666666666666	0.9791666666666666	0.4375
1778	15255	0.9375	0.9166666666666666	0.4583333333333333
1779	7070	0.8541666666666666	0.8958333333333334	0.5625
1780	15266	0.8958333333333334	0.9375	0.6041666666666666
1781	7080	0.9375	0.9583333333333334	0.5833333333333334
1782	7084	0.8541666666666666	0.8958333333333334	0.5625
1783	15283	0.8541666666666666	0.8541666666666666	0.5416666666666666
1784	15306	0.875	0.9166666666666666	0.5416666666666666
1785	7115	0.9375	0.9375	0.5208333333333334
1786	7120	0.8958333333333334	0.9791666666666666	0.5
1787	15314	0.9166666666666666	0.9375	0.4166666666666667
1788	7124	0.8958333333333334	0.9166666666666666	0.4791666666666667
1789	15318	0.8333333333333334	0.8541666666666666	0.4583333333333333
1790	15329	0.9375	0.9583333333333334	0.6041666666666666
1791	7138	0.875	0.8958333333333334	0.5625
1792	15339	0.9166666666666666	0.9583333333333334	0.5833333333333334
1793	7148	0.9583333333333334	0.9791666666666666	0.6041666666666666
1794	7152	0.8333333333333334	0.8541666666666666	0.5208333333333334
1795	15344	0.875	0.8958333333333334	0.5208333333333334
1796	7155	0.9375	0.9375	0.4791666666666667
1797	15350	0.9375	0.9375	0.3958333333333333
1798	7159	0.875	0.8958333333333334	0.4166666666666667
1799	15359	0.8958333333333334	0.9375	0.5416666666666666
1800	15361	0.9583333333333334	0.9791666666666666	0.5416666666666666
1801	15369	0.8958333333333334	0.9166666666666666	0.3958333333333333
1802	7180	0.9375	0.9166666666666666	0.5625
1803	15375	0.9583333333333334	0.9791666666666666	0.5833333333333334
1804	7185	0.9166666666666666	0.9375	0.6041666666666666
1805	7187	0.9166666666666666	0.9166666666666666	0.5416666666666666
1806	15386	0.9375	0.9375	0.5416666666666666
1807	7197	0.9583333333333334	0.9583333333333334	0.5416666666666666
1808	7207	0.9583333333333334	0.9583333333333334	0.4791666666666667
1809	15399	0.9583333333333334	0.9375	0.625
1810	7209	0.9166666666666666	0.9375	0.5208333333333334
1811	7215	0.9583333333333334	1.0	0.5625
1812	7219	0.8958333333333334	0.9583333333333334	0.625
1813	7228	0.9166666666666666	0.9375	0.4583333333333333
1814	15423	0.8541666666666666	0.875	0.5625
1815	7240	0.875	0.8958333333333334	0.5208333333333334
1816	15445	0.9166666666666666	0.9375	0.5
1817	7254	0.9166666666666666	0.9375	0.5
1818	7267	0.9375	0.9791666666666666	0.4375
1819	15464	0.7916666666666666	0.8333333333333334	0.5833333333333334
1820	7275	0.9166666666666666	0.9375	0.5625
1821	15477	0.9166666666666666	0.9166666666666666	0.5416666666666666
1822	7288	0.8333333333333334	0.8333333333333334	0.3333333333333333
1823	7292	0.8958333333333334	0.9166666666666666	0.6041666666666666
1824	15486	0.7916666666666666	0.8541666666666666	0.5625
1825	7312	0.8958333333333334	0.9375	0.5208333333333334
1826	7313	0.875	0.9166666666666666	0.4791666666666667
1827	15505	0.875	0.875	0.6041666666666666
1828	7315	0.9375	0.9375	0.6666666666666666
1829	15508	0.875	0.9166666666666666	0.4791666666666667
1830	15513	0.8333333333333334	0.8541666666666666	0.5208333333333334
1831	15518	0.875	0.8958333333333334	0.5416666666666666
1832	15521	0.9791666666666666	1.0	0.5416666666666666
1833	15523	0.875	0.8958333333333334	0.4791666666666667
1834	15525	0.8958333333333334	0.9375	0.6041666666666666
1835	15526	0.9583333333333334	0.9791666666666666	0.5208333333333334
1836	7341	0.9166666666666666	0.8958333333333334	0.625
1837	15535	0.9583333333333334	0.9583333333333334	0.5625
1838	7344	0.8333333333333334	0.875	0.5208333333333334
1839	7351	0.9166666666666666	0.875	0.5208333333333334
1840	7358	0.9166666666666666	0.9375	0.5416666666666666
1841	15553	0.9375	0.9791666666666666	0.4791666666666667
1842	15564	0.8958333333333334	0.9166666666666666	0.3958333333333333
1843	7374	0.9791666666666666	0.9791666666666666	0.5416666666666666
1844	15578	0.9375	1.0	0.5416666666666666
1845	7391	0.8333333333333334	0.8333333333333334	0.4583333333333333
1846	7393	0.9375	0.9583333333333334	0.5
1847	15586	0.8958333333333334	0.9166666666666666	0.4375
1848	15587	0.9375	0.9583333333333334	0.5416666666666666
1849	7401	0.9166666666666666	0.9375	0.5208333333333334
1850	15597	0.9166666666666666	0.9375	0.5
1851	15601	0.8958333333333334	0.9166666666666666	0.5833333333333334
1852	7422	0.8958333333333334	0.9583333333333334	0.5625
1853	7425	0.9583333333333334	0.9583333333333334	0.5833333333333334
1854	7427	0.875	0.8958333333333334	0.5416666666666666
1855	15636	0.9166666666666666	0.9375	0.4791666666666667
1856	15637	0.9375	0.9375	0.4166666666666667
1857	7447	1.0	0.9583333333333334	0.5833333333333334
1858	15639	0.9375	0.9583333333333334	0.6041666666666666
1859	15647	0.875	0.8541666666666666	0.6041666666666666
1860	7456	0.875	0.9375	0.5833333333333334
1861	7484	0.9166666666666666	0.9375	0.5416666666666666
1862	15680	0.8333333333333334	0.875	0.4583333333333333
1863	7492	0.875	0.8958333333333334	0.5625
1864	7495	0.8541666666666666	0.875	0.5416666666666666
1865	15708	0.8125	0.8125	0.5208333333333334
1866	15709	0.8333333333333334	0.875	0.3958333333333333
1867	15711	0.8958333333333334	0.9375	0.5833333333333334
1868	7520	0.8333333333333334	0.875	0.5416666666666666
1869	15712	0.8333333333333334	0.8541666666666666	0.5208333333333334
1870	7527	0.9166666666666666	0.9166666666666666	0.4375
1871	15729	0.9583333333333334	0.9791666666666666	0.5
1872	7544	0.9375	0.9583333333333334	0.5416666666666666
1873	15741	0.8958333333333334	0.9166666666666666	0.5208333333333334
1874	15746	0.9166666666666666	0.9375	0.4791666666666667
1875	15752	0.8958333333333334	0.875	0.4791666666666667
1876	7561	0.875	0.9375	0.5416666666666666
1877	7562	0.9166666666666666	0.9375	0.5208333333333334
1878	7565	0.875	0.875	0.5208333333333334
1879	15762	0.8541666666666666	0.875	0.375
1880	7575	0.9375	0.9583333333333334	0.5
1881	7578	0.875	0.875	0.5625
1882	15771	0.9166666666666666	0.9375	0.5625
1883	15776	0.875	0.9166666666666666	0.4166666666666667
1884	7588	0.9375	0.9791666666666666	0.5625
1885	15782	0.9583333333333334	0.9375	0.5
1886	7596	0.875	0.9375	0.5
1887	15788	0.8958333333333334	0.8958333333333334	0.4583333333333333
1888	15796	0.8958333333333334	0.9375	0.4375
1889	7618	0.875	0.9375	0.5833333333333334
1890	7623	0.9375	0.9583333333333334	0.5208333333333334
1891	7630	0.9791666666666666	1.0	0.5208333333333334
1892	15823	0.875	0.9166666666666666	0.4791666666666667
1893	15827	0.875	0.8958333333333334	0.4583333333333333
1894	7644	0.9791666666666666	0.9791666666666666	0.4583333333333333
1895	15837	0.9375	0.9791666666666666	0.6458333333333334
1896	7652	0.9583333333333334	0.9166666666666666	0.5833333333333334
1897	7658	0.9166666666666666	0.9166666666666666	0.4375
1898	15851	0.8958333333333334	0.8958333333333334	0.4791666666666667
1899	7674	0.8541666666666666	0.875	0.4375
1900	7680	0.9166666666666666	0.9791666666666666	0.5833333333333334
1901	15877	0.9375	0.9375	0.4791666666666667
1902	15884	0.8541666666666666	0.875	0.4583333333333333
1903	7694	0.9166666666666666	0.9375	0.4791666666666667
1904	15897	0.8541666666666666	0.8958333333333334	0.4791666666666667
1905	15902	0.875	0.9375	0.5208333333333334
1906	7716	0.8333333333333334	0.8333333333333334	0.4791666666666667
1907	15914	0.8541666666666666	0.9166666666666666	0.4583333333333333
1908	15922	0.9375	0.9166666666666666	0.5416666666666666
1909	15935	0.8958333333333334	0.9166666666666666	0.4791666666666667
1910	15946	0.9166666666666666	0.9583333333333334	0.6041666666666666
1911	7762	0.9375	0.9583333333333334	0.5625
1912	7778	0.8958333333333334	0.8958333333333334	0.4375
1913	7784	0.8541666666666666	0.9166666666666666	0.5833333333333334
1914	15980	0.9166666666666666	0.9583333333333334	0.4375
1915	15989	0.9375	0.9583333333333334	0.4791666666666667
1916	7805	0.875	0.8958333333333334	0.4583333333333333
1917	7806	0.8958333333333334	0.8958333333333334	0.4166666666666667
1918	16002	0.9375	0.9375	0.6041666666666666
1919	16003	0.9791666666666666	0.9791666666666666	0.5416666666666666
1920	7814	0.9166666666666666	0.9166666666666666	0.5625
1921	16015	0.8958333333333334	0.8958333333333334	0.5208333333333334
1922	16020	0.8958333333333334	0.9375	0.3541666666666667
1923	16024	0.875	0.9375	0.5625
1924	7833	0.9166666666666666	0.9375	0.4791666666666667
1925	16033	0.9583333333333334	0.9583333333333334	0.4166666666666667
1926	7844	0.8333333333333334	0.8541666666666666	0.3958333333333333
1927	16036	0.8958333333333334	0.9375	0.5625
1928	7849	1.0	0.9791666666666666	0.5
1929	16049	0.8541666666666666	0.9166666666666666	0.6458333333333334
1930	7864	0.8958333333333334	0.8958333333333334	0.5
1931	16078	0.8958333333333334	0.9166666666666666	0.4791666666666667
1932	16083	0.875	0.8958333333333334	0.5625
1933	16087	0.9166666666666666	0.9583333333333334	0.5416666666666666
1934	7907	0.875	0.8958333333333334	0.5
1935	16107	0.9166666666666666	0.8958333333333334	0.4166666666666667
1936	16128	0.8958333333333334	0.9375	0.5625
1937	7942	0.8333333333333334	0.875	0.4791666666666667
1938	16134	0.9166666666666666	0.9375	0.4583333333333333
1939	7944	0.9166666666666666	0.9375	0.6041666666666666
1940	16158	0.9375	0.9375	0.5208333333333334
1941	7968	0.8958333333333334	0.9166666666666666	0.5
1942	7971	0.8958333333333334	0.9166666666666666	0.5
1943	16164	0.9166666666666666	0.8958333333333334	0.6666666666666666
1944	7974	0.9583333333333334	0.9375	0.5
1945	16171	0.875	0.8958333333333334	0.6458333333333334
1946	7980	0.9375	0.9375	0.5416666666666666
1947	16174	0.875	0.8958333333333334	0.4583333333333333
1948	7985	0.875	0.9375	0.5
1949	7988	0.8958333333333334	0.875	0.6041666666666666
1950	7990	0.9375	0.9375	0.4375
1951	7993	0.9375	0.9583333333333334	0.5208333333333334
1952	7995	0.9375	0.9375	0.5625
1953	7997	0.875	0.8541666666666666	0.6041666666666666
1954	8003	0.8541666666666666	0.8958333333333334	0.4791666666666667
1955	8005	0.9375	0.9583333333333334	0.4375
1956	8007	0.9583333333333334	0.9375	0.5
1957	8008	0.9166666666666666	0.8958333333333334	0.5416666666666666
1958	16199	0.9583333333333334	0.9583333333333334	0.5833333333333334
1959	8018	0.8125	0.8125	0.4375
1960	16217	0.875	0.9375	0.5208333333333334
1961	16221	0.875	0.8958333333333334	0.5208333333333334
1962	8039	0.8333333333333334	0.8125	0.4166666666666667
1963	8042	0.8333333333333334	0.8125	0.5625
1964	16242	0.9166666666666666	0.8958333333333334	0.4375
1965	8051	0.9583333333333334	0.9583333333333334	0.6041666666666666
1966	16245	0.9375	0.9583333333333334	0.5416666666666666
1967	8054	0.875	0.8958333333333334	0.5625
1968	8071	0.9583333333333334	0.9583333333333334	0.5
1969	8074	0.9166666666666666	0.8958333333333334	0.5416666666666666
1970	16282	0.9166666666666666	0.9166666666666666	0.5208333333333334
1971	16283	0.8958333333333334	0.9166666666666666	0.5416666666666666
1972	8097	0.9166666666666666	0.9375	0.5
1973	8111	0.8958333333333334	0.8958333333333334	0.5625
1974	16310	0.875	0.8958333333333334	0.6041666666666666
1975	8121	0.9166666666666666	0.9583333333333334	0.5625
1976	16313	0.875	0.875	0.4583333333333333
1977	16315	0.875	0.8958333333333334	0.5208333333333334
1978	8126	0.9166666666666666	0.9583333333333334	0.4375
1979	8131	0.9583333333333334	0.9583333333333334	0.5416666666666666
1980	8134	0.9375	0.9583333333333334	0.4791666666666667
1981	16336	0.8541666666666666	0.875	0.4583333333333333
1982	16337	0.8125	0.7916666666666666	0.5625
1983	8151	0.8958333333333334	0.9166666666666666	0.4583333333333333
1984	8153	0.9375	0.9375	0.6041666666666666
1985	8156	0.9166666666666666	0.8958333333333334	0.5208333333333334
1986	16348	0.9583333333333334	0.9583333333333334	0.4583333333333333
1987	16354	0.9375	0.9375	0.5625
1988	8163	0.8958333333333334	0.9375	0.5416666666666666
1989	8173	0.9791666666666666	0.9791666666666666	0.5833333333333334
1990	8174	0.9166666666666666	0.9166666666666666	0.5625
1991	16365	0.8541666666666666	0.8541666666666666	0.5625
1992	8176	0.8958333333333334	0.9166666666666666	0.5416666666666666
1993	16370	0.9583333333333334	0.9583333333333334	0.5416666666666666
1994	16371	0.9166666666666666	0.9166666666666666	0.5208333333333334
1995	16372	0.8333333333333334	0.875	0.4166666666666667
1996	16379	0.9375	0.9375	0.5
1997	16381	0.9166666666666666	0.9583333333333334	0.5416666666666666
1998	8190	0.8541666666666666	0.8958333333333334	0.5
