family	subtree_id	inferred-true-rf	inferred-init-rf	init-true-rf
PF00004	16386	0.9583333333333334	0.9166666666666666	0.6875
PF00004	16389	0.9583333333333334	0.9583333333333334	0.5416666666666666
PF00004	16390	0.9375	0.9375	0.5416666666666666
PF00004	10	0.8541666666666666	0.8541666666666666	0.4791666666666667
PF00004	8203	0.9583333333333334	0.9375	0.4375
PF00004	12	0.875	0.9375	0.625
PF00004	16394	0.8958333333333334	0.8958333333333334	0.5
PF00004	14	0.8541666666666666	0.8958333333333334	0.4583333333333333
PF00004	8209	0.8125	0.8333333333333334	0.4791666666666667
PF00004	16406	0.8541666666666666	0.8541666666666666	0.4583333333333333
PF00004	8227	0.9583333333333334	0.9375	0.5833333333333334
PF00004	8229	0.875	0.9166666666666666	0.5208333333333334
PF00004	8231	0.9375	0.9791666666666666	0.5625
PF00004	16423	0.8541666666666666	0.8958333333333334	0.5833333333333334
PF00004	8235	0.9375	0.9375	0.5208333333333334
PF00004	8246	0.875	0.875	0.5416666666666666
PF00004	16439	0.7916666666666666	0.8541666666666666	0.4791666666666667
PF00004	56	0.8125	0.875	0.5416666666666666
PF00004	61	0.9166666666666666	0.9166666666666666	0.5
PF00004	16449	0.8958333333333334	0.8958333333333334	0.5
PF00004	8259	0.8125	0.8541666666666666	0.5416666666666666
PF00004	8265	0.8541666666666666	0.8958333333333334	0.5833333333333334
PF00004	16457	0.9375	0.9791666666666666	0.6041666666666666
PF00004	16459	0.8125	0.8333333333333334	0.4375
PF00004	78	0.8333333333333334	0.875	0.5416666666666666
PF00004	90	0.8541666666666666	0.8541666666666666	0.4583333333333333
PF00004	8287	0.875	0.9375	0.5833333333333334
PF00004	16479	0.875	0.875	0.4791666666666667
PF00004	16483	0.9375	0.9375	0.5416666666666666
PF00004	106	0.8333333333333334	0.9166666666666666	0.4791666666666667
PF00004	16490	0.9375	0.9375	0.4583333333333333
PF00004	8309	0.8958333333333334	0.8958333333333334	0.5416666666666666
PF00004	118	0.8125	0.875	0.4791666666666667
PF00004	16501	0.875	0.875	0.5416666666666666
PF00004	8312	0.9583333333333334	0.9583333333333334	0.4375
PF00004	126	0.8333333333333334	0.875	0.5
PF00004	127	0.875	0.9166666666666666	0.5416666666666666
PF00004	16510	0.8333333333333334	0.875	0.5625
PF00004	8322	0.8125	0.8958333333333334	0.5625
PF00004	8323	0.9166666666666666	0.9583333333333334	0.6666666666666666
PF00004	16515	0.7708333333333334	0.875	0.5208333333333334
PF00004	8326	0.8333333333333334	0.8541666666666666	0.4375
PF00004	16518	0.8541666666666666	0.8958333333333334	0.5833333333333334
PF00004	16522	0.8958333333333334	0.9166666666666666	0.5625
PF00004	16525	0.8541666666666666	0.8541666666666666	0.5416666666666666
PF00004	8336	0.875	0.875	0.4166666666666667
PF00004	146	0.875	0.875	0.5625
PF00004	8339	0.9166666666666666	0.9166666666666666	0.4791666666666667
PF00004	149	0.8958333333333334	0.8958333333333334	0.625
PF00004	154	0.875	0.9166666666666666	0.5208333333333334
PF00004	16539	0.7916666666666666	0.7916666666666666	0.5625
PF00004	16543	0.9375	0.9791666666666666	0.5833333333333334
PF00004	162	0.875	0.8125	0.625
PF00004	8357	0.8333333333333334	0.9166666666666666	0.5
PF00004	8358	0.8541666666666666	0.8958333333333334	0.5416666666666666
PF00004	8364	0.8958333333333334	0.8958333333333334	0.4583333333333333
PF00004	190	0.9375	0.9791666666666666	0.5833333333333334
PF00004	191	0.9166666666666666	0.8958333333333334	0.5208333333333334
PF00004	198	0.8541666666666666	0.8541666666666666	0.6458333333333334
PF00004	8390	0.8333333333333334	0.8541666666666666	0.5625
PF00004	8393	0.875	0.9166666666666666	0.625
PF00004	203	0.9375	0.9375	0.5
PF00004	207	0.8333333333333334	0.875	0.4375
PF00004	208	0.9375	0.9791666666666666	0.5833333333333334
PF00004	214	0.8541666666666666	0.8541666666666666	0.5416666666666666
PF00004	8416	0.875	0.8958333333333334	0.625
PF00004	16609	0.9166666666666666	0.9166666666666666	0.4583333333333333
PF00004	16610	0.8541666666666666	0.875	0.5416666666666666
PF00004	16617	0.875	0.875	0.5416666666666666
PF00004	236	0.8541666666666666	0.8541666666666666	0.5625
PF00004	237	0.8958333333333334	0.8958333333333334	0.5416666666666666
PF00004	8428	0.8958333333333334	0.9166666666666666	0.5416666666666666
PF00004	8429	0.8333333333333334	0.875	0.625
PF00004	8430	0.875	0.875	0.5
PF00004	8434	0.9375	0.9583333333333334	0.5833333333333334
PF00004	8437	0.9583333333333334	0.9791666666666666	0.6666666666666666
PF00004	16634	0.8333333333333334	0.8541666666666666	0.5833333333333334
PF00004	16640	0.9375	0.9375	0.5
PF00004	16645	0.8958333333333334	0.8958333333333334	0.5
PF00004	16647	0.7916666666666666	0.8125	0.5625
PF00004	16654	0.875	0.8541666666666666	0.4791666666666667
PF00004	272	0.9375	0.9375	0.5
PF00004	8468	0.8541666666666666	0.9166666666666666	0.5208333333333334
PF00004	16662	0.9375	0.9375	0.5
PF00004	8473	0.9166666666666666	0.875	0.4791666666666667
PF00004	282	0.8333333333333334	0.8333333333333334	0.5416666666666666
PF00004	16670	0.8541666666666666	0.9166666666666666	0.6041666666666666
PF00004	295	0.9166666666666666	0.9375	0.5
PF00004	302	0.9166666666666666	0.9166666666666666	0.5416666666666666
PF00004	303	0.875	0.9166666666666666	0.5625
PF00004	16691	0.9166666666666666	0.9166666666666666	0.3958333333333333
PF00004	8503	0.9375	0.9791666666666666	0.625
PF00004	16702	0.9166666666666666	0.9583333333333334	0.5833333333333334
PF00004	8513	0.875	0.9375	0.6458333333333334
PF00004	8520	0.9375	0.9583333333333334	0.4583333333333333
PF00004	16714	0.8125	0.8333333333333334	0.4791666666666667
PF00004	8530	0.8958333333333334	0.9375	0.5625
PF00004	339	0.9375	0.9375	0.3958333333333333
PF00004	16725	0.8333333333333334	0.8541666666666666	0.5833333333333334
PF00004	8534	0.8958333333333334	0.8958333333333334	0.5
PF00004	16726	0.875	0.9375	0.625
PF00004	16730	0.8125	0.8125	0.5416666666666666
PF00004	353	0.8958333333333334	0.875	0.4583333333333333
PF00004	363	0.9375	0.9375	0.4375
PF00004	8556	0.9166666666666666	0.8958333333333334	0.4375
PF00004	16749	0.9166666666666666	0.9166666666666666	0.5833333333333334
PF00004	375	0.9166666666666666	0.9375	0.5625
PF00004	8568	0.875	0.9166666666666666	0.4583333333333333
PF00004	8572	0.8541666666666666	0.8541666666666666	0.5
PF00004	385	0.875	0.875	0.4375
PF00004	8578	0.9583333333333334	0.9375	0.5416666666666666
PF00004	8581	0.8125	0.875	0.5416666666666666
PF00004	16775	0.9166666666666666	0.9166666666666666	0.5416666666666666
PF00004	392	0.8333333333333334	0.8541666666666666	0.4583333333333333
PF00004	16780	0.8958333333333334	0.875	0.5416666666666666
PF00004	8593	0.9375	0.9583333333333334	0.5208333333333334
PF00004	8596	0.8125	0.8125	0.5
PF00004	405	0.9375	0.9583333333333334	0.6041666666666666
PF00004	407	0.7916666666666666	0.8125	0.6041666666666666
PF00004	8602	0.9375	0.9375	0.5416666666666666
PF00004	413	0.875	0.8958333333333334	0.5625
PF00004	418	0.8541666666666666	0.8958333333333334	0.4375
PF00004	420	0.8333333333333334	0.875	0.5416666666666666
PF00004	8634	0.9375	0.9375	0.4166666666666667
PF00004	8637	0.8958333333333334	0.8958333333333334	0.375
PF00004	8647	0.875	0.8958333333333334	0.5416666666666666
PF00004	16839	0.9375	0.9583333333333334	0.5833333333333334
PF00004	459	0.8541666666666666	0.8958333333333334	0.4375
PF00004	16851	0.9166666666666666	0.9375	0.5208333333333334
PF00004	8660	0.8958333333333334	0.9166666666666666	0.5416666666666666
PF00004	8663	0.8958333333333334	0.9166666666666666	0.3958333333333333
PF00004	8667	0.8125	0.8333333333333334	0.5416666666666666
PF00004	482	0.8333333333333334	0.875	0.5208333333333334
PF00004	16867	0.8333333333333334	0.8333333333333334	0.5625
PF00004	489	0.8333333333333334	0.8958333333333334	0.5416666666666666
PF00004	8681	0.875	0.9166666666666666	0.5
PF00004	8692	0.8541666666666666	0.875	0.5
PF00004	503	0.8541666666666666	0.9375	0.625
PF00004	505	0.8958333333333334	0.9166666666666666	0.5625
PF00004	8703	0.8541666666666666	0.875	0.5208333333333334
PF00004	16897	0.8958333333333334	0.875	0.4583333333333333
PF00004	8706	0.8958333333333334	0.8958333333333334	0.5416666666666666
PF00004	515	0.9166666666666666	0.9166666666666666	0.375
PF00004	8712	0.7916666666666666	0.8333333333333334	0.5208333333333334
PF00004	8713	0.8333333333333334	0.875	0.5625
PF00004	16908	0.8541666666666666	0.875	0.5625
PF00004	8717	0.875	0.8958333333333334	0.6458333333333334
PF00004	526	0.8541666666666666	0.8958333333333334	0.3958333333333333
PF00004	527	0.9375	0.9583333333333334	0.5833333333333334
PF00004	8718	0.7708333333333334	0.8541666666666666	0.4375
PF00004	530	0.9375	0.9583333333333334	0.4791666666666667
PF00004	16921	0.9583333333333334	0.9166666666666666	0.5208333333333334
PF00004	16922	0.8125	0.8958333333333334	0.5833333333333334
PF00004	540	0.8541666666666666	0.8958333333333334	0.5208333333333334
PF00004	8735	0.75	0.8333333333333334	0.5
PF00004	546	0.9166666666666666	0.9166666666666666	0.5625
PF00004	553	0.8958333333333334	0.9583333333333334	0.6458333333333334
PF00004	16941	0.8541666666666666	0.8333333333333334	0.4791666666666667
PF00004	16944	0.8333333333333334	0.8541666666666666	0.3958333333333333
PF00004	561	0.9375	0.9375	0.5625
PF00004	8755	0.9166666666666666	0.8958333333333334	0.375
PF00004	8756	0.9166666666666666	0.9166666666666666	0.5
PF00004	570	0.875	0.8958333333333334	0.5208333333333334
PF00004	572	0.8958333333333334	0.8958333333333334	0.5625
PF00004	16959	0.9375	0.9166666666666666	0.5625
PF00004	16960	0.8541666666666666	0.8958333333333334	0.4791666666666667
PF00004	16965	0.8958333333333334	0.9166666666666666	0.5
PF00004	16968	0.875	0.9166666666666666	0.5
PF00004	8783	0.875	0.9375	0.5208333333333334
PF00004	8784	0.9166666666666666	0.9375	0.4791666666666667
PF00004	8788	0.875	0.8958333333333334	0.6666666666666666
PF00004	8793	0.8958333333333334	0.9166666666666666	0.375
PF00004	16985	0.875	0.875	0.5625
PF00004	8796	0.8125	0.8958333333333334	0.5416666666666666
PF00004	16991	0.8541666666666666	0.8958333333333334	0.5
PF00004	8801	0.875	0.9375	0.5208333333333334
PF00004	615	0.9166666666666666	0.9583333333333334	0.4375
PF00004	8809	0.8958333333333334	0.875	0.5833333333333334
PF00004	620	0.8958333333333334	0.9166666666666666	0.3958333333333333
PF00004	8821	0.875	0.8958333333333334	0.5833333333333334
PF00004	630	0.9166666666666666	0.9166666666666666	0.5625
PF00004	17015	0.9166666666666666	0.8958333333333334	0.4791666666666667
PF00004	633	0.875	0.8958333333333334	0.5416666666666666
PF00004	17019	0.9166666666666666	0.9583333333333334	0.5625
PF00004	17020	0.9375	0.9375	0.5208333333333334
PF00004	17023	0.8541666666666666	0.875	0.5416666666666666
PF00004	8838	0.8541666666666666	0.8541666666666666	0.3541666666666667
PF00004	8839	0.8958333333333334	0.9166666666666666	0.4583333333333333
PF00004	17030	0.8958333333333334	0.9166666666666666	0.5416666666666666
PF00004	17044	0.8333333333333334	0.875	0.5625
PF00004	662	0.8958333333333334	0.9166666666666666	0.5416666666666666
PF00004	8854	0.9166666666666666	0.9166666666666666	0.4583333333333333
PF00004	664	0.8541666666666666	0.8958333333333334	0.5833333333333334
PF00004	667	0.8541666666666666	0.8958333333333334	0.4791666666666667
PF00004	668	0.8958333333333334	0.9375	0.5416666666666666
PF00004	17056	0.9375	0.9375	0.5208333333333334
PF00004	17071	0.9166666666666666	0.9166666666666666	0.5625
PF00004	17073	0.8958333333333334	0.8958333333333334	0.4791666666666667
PF00004	17074	0.9375	0.9166666666666666	0.5416666666666666
PF00004	8885	0.875	0.8333333333333334	0.4791666666666667
PF00004	699	0.9583333333333334	0.9791666666666666	0.4791666666666667
PF00004	700	0.8541666666666666	0.8958333333333334	0.4791666666666667
PF00004	17083	0.9166666666666666	0.9166666666666666	0.375
PF00004	17088	0.9166666666666666	0.9583333333333334	0.5208333333333334
PF00004	17092	0.875	0.8958333333333334	0.4791666666666667
PF00004	8906	0.8125	0.875	0.4791666666666667
PF00004	8907	0.8958333333333334	0.9166666666666666	0.4166666666666667
PF00004	17101	0.875	0.8541666666666666	0.4166666666666667
PF00004	17102	0.8958333333333334	0.9583333333333334	0.5833333333333334
PF00004	727	0.9583333333333334	0.9375	0.5
PF00004	729	0.9583333333333334	0.9583333333333334	0.4375
PF00004	8921	0.875	0.875	0.5416666666666666
PF00004	8925	0.8125	0.8125	0.4791666666666667
PF00004	8928	0.875	0.875	0.4375
PF00004	8943	0.9166666666666666	0.9375	0.5625
PF00004	8947	0.9166666666666666	0.9791666666666666	0.5833333333333334
PF00004	17145	0.8541666666666666	0.8958333333333334	0.6041666666666666
PF00004	768	0.8958333333333334	0.9166666666666666	0.5208333333333334
PF00004	769	0.875	0.8958333333333334	0.3958333333333333
PF00004	770	0.8958333333333334	0.9375	0.4791666666666667
PF00004	17155	0.9375	0.9375	0.3541666666666667
PF00004	17160	0.8333333333333334	0.875	0.5208333333333334
PF00004	17163	0.9166666666666666	0.9166666666666666	0.4791666666666667
PF00004	785	0.9791666666666666	1.0	0.5208333333333334
PF00004	17176	0.8958333333333334	0.9583333333333334	0.5416666666666666
PF00004	8985	0.9375	0.9583333333333334	0.5208333333333334
PF00004	794	0.9791666666666666	1.0	0.5416666666666666
PF00004	8988	0.8125	0.8541666666666666	0.5208333333333334
PF00004	805	0.8541666666666666	0.9166666666666666	0.5208333333333334
PF00004	8997	0.8541666666666666	0.875	0.5625
PF00004	807	0.9166666666666666	0.9166666666666666	0.5625
PF00004	9006	0.8333333333333334	0.875	0.4166666666666667
PF00004	815	0.9166666666666666	0.9375	0.4791666666666667
PF00004	9008	0.8333333333333334	0.875	0.5625
PF00004	9012	0.9166666666666666	0.875	0.5833333333333334
PF00004	9014	0.9375	0.9375	0.4791666666666667
PF00004	823	0.9375	0.9375	0.5416666666666666
PF00004	824	0.8125	0.875	0.5833333333333334
PF00004	17209	0.8958333333333334	0.8958333333333334	0.5416666666666666
PF00004	9018	0.8958333333333334	0.8958333333333334	0.6041666666666666
PF00004	9019	0.8958333333333334	0.9375	0.4375
PF00004	828	0.8541666666666666	0.8958333333333334	0.5208333333333334
PF00004	17210	0.8541666666666666	0.875	0.5
PF00004	17215	0.9166666666666666	0.9375	0.5208333333333334
PF00004	17217	0.9375	0.9375	0.4583333333333333
PF00004	846	0.9583333333333334	0.9583333333333334	0.5208333333333334
PF00004	847	0.8333333333333334	0.875	0.4791666666666667
PF00004	852	0.9583333333333334	0.9583333333333334	0.5625
PF00004	854	0.7916666666666666	0.8125	0.3958333333333333
PF00004	855	0.8541666666666666	0.8958333333333334	0.4791666666666667
PF00004	861	0.8958333333333334	0.9166666666666666	0.5
PF00004	17248	0.8958333333333334	0.9166666666666666	0.5416666666666666
PF00004	9065	0.9375	0.9375	0.5625
PF00004	877	0.8125	0.8125	0.4583333333333333
PF00004	17261	0.9375	0.9375	0.5208333333333334
PF00004	17263	0.9375	0.9375	0.5208333333333334
PF00004	9075	0.9361702127659575	0.9361702127659575	0.5
PF00004	9077	0.7916666666666666	0.8125	0.4375
PF00004	9078	0.8958333333333334	0.9375	0.5833333333333334
PF00004	9079	0.9375	0.9166666666666666	0.5416666666666666
PF00004	17276	0.9166666666666666	0.9375	0.5
PF00004	893	0.9166666666666666	0.9166666666666666	0.5833333333333334
PF00004	895	0.9375	0.9375	0.4375
PF00004	900	0.9375	0.9375	0.5625
PF00004	9106	0.875	0.875	0.5208333333333334
PF00004	9107	0.8541666666666666	0.875	0.5208333333333334
PF00004	9109	0.875	0.9166666666666666	0.625
PF00004	17302	0.9375	0.9583333333333334	0.4375
PF00004	9111	0.875	0.8958333333333334	0.5208333333333334
PF00004	9112	0.9583333333333334	0.9791666666666666	0.6041666666666666
PF00004	17303	0.8541666666666666	0.875	0.5416666666666666
PF00004	17305	0.8958333333333334	0.8958333333333334	0.5416666666666666
PF00004	923	0.8958333333333334	0.875	0.5416666666666666
PF00004	17309	0.8541666666666666	0.8958333333333334	0.4375
PF00004	17313	0.8958333333333334	0.9166666666666666	0.4375
PF00004	17318	0.7708333333333334	0.8333333333333334	0.4375
PF00004	9128	0.8541666666666666	0.875	0.5625
PF00004	17321	0.9375	0.9375	0.5
PF00004	9131	0.875	0.9375	0.4583333333333333
PF00004	9132	0.8333333333333334	0.875	0.625
PF00004	17328	0.9166666666666666	0.9375	0.5833333333333334
PF00004	17335	0.875	0.875	0.5416666666666666
PF00004	952	0.8958333333333334	0.9166666666666666	0.5625
PF00004	17338	0.8333333333333334	0.9166666666666666	0.5625
PF00004	9147	0.8958333333333334	0.8958333333333334	0.5625
PF00004	956	0.9166666666666666	0.9583333333333334	0.6041666666666666
PF00004	957	0.9166666666666666	0.9375	0.5208333333333334
PF00004	17339	0.8125	0.8333333333333334	0.4375
PF00004	17341	0.9375	0.9583333333333334	0.5625
PF00004	9152	0.8958333333333334	0.8958333333333334	0.5416666666666666
PF00004	17344	0.9375	0.8958333333333334	0.5208333333333334
PF00004	9156	0.8125	0.875	0.5833333333333334
PF00004	17348	0.8541666666666666	0.8333333333333334	0.4791666666666667
PF00004	17351	0.8958333333333334	0.8958333333333334	0.375
PF00004	969	0.8541666666666666	0.8541666666666666	0.4583333333333333
PF00004	9161	0.8541666666666666	0.875	0.4791666666666667
PF00004	975	0.8541666666666666	0.8541666666666666	0.5
PF00004	17365	0.7916666666666666	0.8333333333333334	0.5
PF00004	17369	0.8958333333333334	0.8958333333333334	0.5208333333333334
PF00004	17371	0.7916666666666666	0.8541666666666666	0.5208333333333334
PF00004	988	0.8958333333333334	0.9166666666666666	0.4791666666666667
PF00004	989	0.9375	0.9791666666666666	0.5208333333333334
PF00004	9182	0.875	0.9166666666666666	0.5416666666666666
PF00004	9185	0.875	0.8958333333333334	0.5625
PF00004	996	0.8541666666666666	0.9375	0.6041666666666666
PF00004	1001	0.9375	0.9166666666666666	0.5625
PF00004	1008	0.7916666666666666	0.875	0.5833333333333334
PF00004	9201	0.8958333333333334	0.9583333333333334	0.6666666666666666
PF00004	9205	0.8333333333333334	0.9375	0.4791666666666667
PF00004	17397	0.9166666666666666	0.9375	0.5
PF00004	9207	0.7916666666666666	0.8333333333333334	0.4583333333333333
PF00004	1016	0.8958333333333334	0.8958333333333334	0.6041666666666666
PF00004	1017	0.9375	0.9375	0.4791666666666667
PF00004	9208	0.875	0.9583333333333334	0.5625
PF00004	9209	0.8958333333333334	0.9375	0.5208333333333334
PF00004	1022	0.9375	0.9583333333333334	0.5208333333333334
PF00004	9219	0.8333333333333334	0.8541666666666666	0.4166666666666667
PF00004	17413	0.9375	0.9791666666666666	0.6041666666666666
PF00004	17425	0.8333333333333334	0.8333333333333334	0.5208333333333334
PF00004	17430	0.875	0.9166666666666666	0.6041666666666666
PF00004	17433	0.8541666666666666	0.875	0.4375
PF00004	17435	0.8333333333333334	0.875	0.5625
PF00004	1059	0.875	0.9166666666666666	0.5
PF00004	1060	0.8958333333333334	0.9375	0.4791666666666667
PF00004	1061	0.875	0.9166666666666666	0.4791666666666667
PF00004	1063	0.8541666666666666	0.875	0.4375
PF00004	17448	0.8541666666666666	0.875	0.5416666666666666
PF00004	17450	0.8333333333333334	0.8541666666666666	0.5416666666666666
PF00004	17451	0.875	0.8541666666666666	0.5
PF00004	17454	0.8333333333333334	0.8958333333333334	0.5625
PF00004	17457	0.8958333333333334	0.9583333333333334	0.5416666666666666
PF00004	9269	0.8541666666666666	0.875	0.5208333333333334
PF00004	17462	0.9583333333333334	1.0	0.5208333333333334
PF00004	1082	0.9166666666666666	0.9375	0.4375
PF00004	17483	0.7916666666666666	0.875	0.5625
PF00004	17485	0.9375	0.9375	0.5208333333333334
PF00004	9311	0.9166666666666666	0.9166666666666666	0.4791666666666667
PF00004	1121	0.9166666666666666	0.9375	0.5208333333333334
PF00004	17507	0.8541666666666666	0.8333333333333334	0.375
PF00004	1126	0.8958333333333334	0.9375	0.5625
PF00004	9324	0.9166666666666666	0.9375	0.4583333333333333
PF00004	1137	0.875	0.8541666666666666	0.4375
PF00004	9334	0.8541666666666666	0.9166666666666666	0.5625
PF00004	9338	0.8541666666666666	0.8958333333333334	0.5208333333333334
PF00004	9340	0.8958333333333334	0.9375	0.4791666666666667
PF00004	17533	0.9583333333333334	0.9791666666666666	0.4166666666666667
PF00004	1151	0.8125	0.8125	0.4375
PF00004	1155	0.8333333333333334	0.8541666666666666	0.5
PF00004	9349	0.875	0.875	0.6666666666666666
PF00004	1166	0.875	0.875	0.4583333333333333
PF00004	1168	0.8333333333333334	0.8958333333333334	0.5625
PF00004	1178	0.875	0.875	0.4375
PF00004	17564	0.8333333333333334	0.875	0.5416666666666666
PF00004	9375	0.8541666666666666	0.875	0.5208333333333334
PF00004	17569	0.9375	0.9791666666666666	0.5416666666666666
PF00004	17576	0.9166666666666666	0.9375	0.5416666666666666
PF00004	17583	0.8541666666666666	0.8333333333333334	0.4583333333333333
PF00004	17587	0.9166666666666666	0.8958333333333334	0.5
PF00004	17590	0.9166666666666666	0.8958333333333334	0.5833333333333334
PF00004	1215	0.875	0.875	0.5416666666666666
PF00004	1219	0.8541666666666666	0.8541666666666666	0.5625
PF00004	17603	0.9375	0.9791666666666666	0.5625
PF00004	1230	0.9375	0.9583333333333334	0.625
PF00004	1240	0.875	0.875	0.6458333333333334
PF00004	1241	0.8333333333333334	0.8125	0.5416666666666666
PF00004	17626	0.875	0.9166666666666666	0.4791666666666667
PF00004	9436	0.9583333333333334	0.9375	0.4375
PF00004	9440	0.8125	0.8958333333333334	0.6041666666666666
PF00004	1249	0.8541666666666666	0.8958333333333334	0.6041666666666666
PF00004	17634	0.8125	0.875	0.5833333333333334
PF00004	1253	0.875	0.8958333333333334	0.5416666666666666
PF00004	9447	0.8958333333333334	0.9583333333333334	0.4791666666666667
PF00004	17641	0.9166666666666666	0.9166666666666666	0.4791666666666667
PF00004	17650	0.8958333333333334	0.8958333333333334	0.6458333333333334
PF00004	17651	0.9375	0.9375	0.5416666666666666
PF00004	1268	0.8958333333333334	0.9166666666666666	0.5416666666666666
PF00004	9462	0.875	0.8958333333333334	0.5208333333333334
PF00004	17659	0.875	0.8958333333333334	0.5208333333333334
PF00004	17661	0.9166666666666666	0.9166666666666666	0.6041666666666666
PF00004	1280	0.8958333333333334	0.9375	0.5
PF00004	9473	0.8333333333333334	0.875	0.5208333333333334
PF00004	9475	0.9375	0.9166666666666666	0.4791666666666667
PF00004	1287	0.8541666666666666	0.875	0.5833333333333334
PF00004	17675	0.8958333333333334	0.9166666666666666	0.5625
PF00004	17676	0.8541666666666666	0.9166666666666666	0.6041666666666666
PF00004	17681	0.9583333333333334	0.9166666666666666	0.4166666666666667
PF00004	1301	0.9166666666666666	0.9583333333333334	0.5625
PF00004	17686	0.9166666666666666	0.9166666666666666	0.4375
PF00004	1305	0.875	0.875	0.4375
PF00004	1307	0.8958333333333334	0.9166666666666666	0.4375
PF00004	9500	0.8958333333333334	0.9166666666666666	0.4166666666666667
PF00004	17693	0.875	0.9375	0.5416666666666666
PF00004	9504	0.8958333333333334	0.9166666666666666	0.5
PF00004	1313	0.8333333333333334	0.8333333333333334	0.4375
PF00004	1317	0.8958333333333334	0.8958333333333334	0.3958333333333333
PF00004	9511	0.8958333333333334	0.9375	0.5208333333333334
PF00004	1325	0.9375	0.9166666666666666	0.5208333333333334
PF00004	9517	0.875	0.875	0.4583333333333333
PF00004	9520	0.8958333333333334	0.9375	0.5833333333333334
PF00004	9522	0.9375	0.9791666666666666	0.4791666666666667
PF00004	17716	0.8333333333333334	0.8541666666666666	0.5208333333333334
PF00004	9525	0.9375	0.9583333333333334	0.5208333333333334
PF00004	17718	0.875	0.8958333333333334	0.5208333333333334
PF00004	1342	0.8541666666666666	0.875	0.5625
PF00004	1343	0.9166666666666666	0.9583333333333334	0.5416666666666666
PF00004	17728	0.8541666666666666	0.8333333333333334	0.4583333333333333
PF00004	9541	0.8541666666666666	0.8541666666666666	0.5416666666666666
PF00004	1354	0.8333333333333334	0.8125	0.4791666666666667
PF00004	9551	0.8958333333333334	0.9375	0.5208333333333334
PF00004	9557	0.9166666666666666	0.9166666666666666	0.4375
PF00004	17750	0.9583333333333334	0.9583333333333334	0.5625
PF00004	1368	0.8958333333333334	0.8958333333333334	0.4375
PF00004	17765	0.875	0.875	0.4583333333333333
PF00004	1383	0.8333333333333334	0.9166666666666666	0.5625
PF00004	9577	0.9166666666666666	0.9166666666666666	0.5416666666666666
PF00004	17771	0.875	0.875	0.5
PF00004	17772	0.875	0.8541666666666666	0.6041666666666666
PF00004	9581	0.8541666666666666	0.875	0.5416666666666666
PF00004	1390	0.8333333333333334	0.8541666666666666	0.5208333333333334
PF00004	17773	0.8958333333333334	0.9375	0.5208333333333334
PF00004	17774	0.875	0.875	0.4375
PF00004	17775	0.9166666666666666	0.9583333333333334	0.5625
PF00004	17779	0.8125	0.8125	0.4791666666666667
PF00004	9589	0.875	0.875	0.4583333333333333
PF00004	1404	0.8125	0.8541666666666666	0.5625
PF00004	9601	0.8958333333333334	0.9166666666666666	0.5208333333333334
PF00004	1410	0.9166666666666666	0.9583333333333334	0.5
PF00004	1436	0.8958333333333334	0.9166666666666666	0.5208333333333334
PF00004	17825	0.9375	0.9583333333333334	0.5208333333333334
PF00004	17827	0.9166666666666666	0.9375	0.625
PF00004	9638	0.875	0.8958333333333334	0.5
PF00004	9651	0.8541666666666666	0.8958333333333334	0.5208333333333334
PF00004	17845	0.9166666666666666	0.9375	0.4791666666666667
PF00004	9655	0.875	0.875	0.5
PF00004	17851	0.9583333333333334	0.9583333333333334	0.5
PF00004	9663	0.9791666666666666	0.9791666666666666	0.5416666666666666
PF00004	9668	0.9166666666666666	0.875	0.5416666666666666
PF00004	1482	0.9791666666666666	0.9791666666666666	0.5833333333333334
PF00004	17869	0.9166666666666666	0.875	0.5833333333333334
PF00004	9687	0.9166666666666666	0.9166666666666666	0.4583333333333333
PF00004	17880	0.8958333333333334	0.875	0.5
PF00004	1501	0.9166666666666666	0.9166666666666666	0.4583333333333333
PF00004	9693	0.875	0.8958333333333334	0.4375
PF00004	9701	0.875	0.875	0.5416666666666666
PF00004	17906	0.8125	0.875	0.5625
PF00004	9716	0.9166666666666666	0.9375	0.5
PF00004	1525	0.8958333333333334	0.8958333333333334	0.5416666666666666
PF00004	17910	0.875	0.875	0.5
PF00004	17913	0.9791666666666666	1.0	0.5416666666666666
PF00004	1532	0.9791666666666666	0.9583333333333334	0.4375
PF00004	17925	0.8125	0.8958333333333334	0.5625
PF00004	1543	0.9583333333333334	0.9583333333333334	0.4166666666666667
PF00004	1550	0.8958333333333334	0.9375	0.5208333333333334
PF00004	17940	0.8541666666666666	0.8541666666666666	0.4791666666666667
PF00004	1561	0.9375	0.9583333333333334	0.5416666666666666
PF00004	9753	0.875	0.8958333333333334	0.4791666666666667
PF00004	9763	0.8958333333333334	0.875	0.5416666666666666
PF00004	17956	0.8333333333333334	0.8958333333333334	0.4791666666666667
PF00004	9766	0.9375	0.9375	0.5208333333333334
PF00004	9767	0.9375	0.9375	0.4375
PF00004	9769	0.8541666666666666	0.8958333333333334	0.5208333333333334
PF00004	1582	1.0	1.0	0.3958333333333333
PF00004	1586	0.8958333333333334	0.8958333333333334	0.4791666666666667
PF00004	1592	0.8125	0.8333333333333334	0.4166666666666667
PF00004	9790	0.8958333333333334	0.9166666666666666	0.4791666666666667
PF00004	9796	0.8958333333333334	0.9166666666666666	0.4583333333333333
PF00004	17989	0.9375	0.9375	0.5
PF00004	1606	0.875	0.875	0.5
PF00004	1608	0.9583333333333334	0.9791666666666666	0.5416666666666666
PF00004	1620	0.7916666666666666	0.8541666666666666	0.5416666666666666
PF00004	1623	0.875	0.9375	0.7291666666666666
PF00004	1626	0.8333333333333334	0.8333333333333334	0.5
PF00004	9818	0.8333333333333334	0.8958333333333334	0.4375
PF00004	18015	0.9166666666666666	0.9375	0.5208333333333334
PF00004	9824	0.9375	0.9791666666666666	0.5
PF00004	18018	0.875	0.8958333333333334	0.4583333333333333
PF00004	1637	0.9166666666666666	0.9166666666666666	0.6041666666666666
PF00004	1639	0.8125	0.875	0.5
PF00004	18024	0.875	0.875	0.5833333333333334
PF00004	18025	0.9583333333333334	0.9583333333333334	0.5625
PF00004	1646	0.8333333333333334	0.9166666666666666	0.5416666666666666
PF00004	1647	0.9166666666666666	0.9583333333333334	0.6666666666666666
PF00004	18031	0.8333333333333334	0.8541666666666666	0.4791666666666667
PF00004	18033	0.8958333333333334	0.8958333333333334	0.5416666666666666
PF00004	9848	0.9583333333333334	0.9791666666666666	0.5208333333333334
PF00004	9853	0.875	0.9166666666666666	0.5208333333333334
PF00004	18048	0.8958333333333334	0.875	0.5
PF00004	18049	0.8958333333333334	0.9166666666666666	0.5416666666666666
PF00004	1668	0.9166666666666666	0.9375	0.5208333333333334
PF00004	9861	0.8541666666666666	0.875	0.5208333333333334
PF00004	9866	0.8333333333333334	0.8541666666666666	0.5208333333333334
PF00004	1679	0.875	0.8958333333333334	0.625
PF00004	1680	0.8541666666666666	0.9166666666666666	0.5208333333333334
PF00004	9874	0.875	0.8958333333333334	0.4583333333333333
PF00004	1683	0.8958333333333334	0.875	0.4791666666666667
PF00004	9875	0.9375	0.9375	0.5
PF00004	1686	0.9375	0.9375	0.5416666666666666
PF00004	18071	0.8333333333333334	0.8333333333333334	0.4166666666666667
PF00004	18072	0.8125	0.7916666666666666	0.4583333333333333
PF00004	18074	0.875	0.8541666666666666	0.4791666666666667
PF00004	9883	0.9583333333333334	0.9583333333333334	0.4583333333333333
PF00004	9885	0.8541666666666666	0.8958333333333334	0.4791666666666667
PF00004	18078	0.8958333333333334	0.9375	0.5833333333333334
PF00004	18089	0.8958333333333334	0.9166666666666666	0.5625
PF00004	18092	0.8541666666666666	0.8333333333333334	0.5208333333333334
PF00004	9901	0.9166666666666666	0.9166666666666666	0.4791666666666667
PF00004	18094	0.875	0.875	0.4583333333333333
PF00004	9904	0.8958333333333334	0.9166666666666666	0.5625
PF00004	18097	0.875	0.875	0.4791666666666667
PF00004	9908	0.8958333333333334	0.9375	0.4791666666666667
PF00004	9912	0.9166666666666666	0.9583333333333334	0.5416666666666666
PF00004	9915	0.8541666666666666	0.8333333333333334	0.5833333333333334
PF00004	9917	0.875	0.9375	0.4791666666666667
PF00004	9918	0.9583333333333334	0.9583333333333334	0.5625
PF00004	18118	0.9166666666666666	0.9166666666666666	0.5416666666666666
PF00004	1735	0.8541666666666666	0.875	0.3958333333333333
PF00004	1736	0.875	0.8958333333333334	0.4583333333333333
PF00004	1743	0.9166666666666666	0.9166666666666666	0.4583333333333333
PF00004	1751	0.875	0.875	0.5416666666666666
PF00004	18142	0.8958333333333334	0.9166666666666666	0.5208333333333334
PF00004	1760	0.9166666666666666	0.9375	0.4791666666666667
PF00004	1762	0.8958333333333334	0.875	0.4583333333333333
PF00004	1763	0.8958333333333334	0.9166666666666666	0.375
PF00004	1764	0.8541666666666666	0.8958333333333334	0.5625
PF00004	9957	0.9375	0.9791666666666666	0.5416666666666666
PF00004	18156	0.875	0.8958333333333334	0.5416666666666666
PF00004	1793	0.8541666666666666	0.875	0.5625
PF00004	9985	0.9166666666666666	0.9583333333333334	0.5
PF00004	18181	0.875	0.9166666666666666	0.5416666666666666
PF00004	1799	0.9166666666666666	0.9166666666666666	0.4791666666666667
PF00004	9992	0.875	0.875	0.4375
PF00004	1803	0.875	0.8958333333333334	0.5416666666666666
PF00004	9997	0.875	0.875	0.5
PF00004	1811	0.9166666666666666	0.8958333333333334	0.625
PF00004	1817	0.9375	0.9375	0.5
PF00004	10016	0.9166666666666666	0.9375	0.5208333333333334
PF00004	18208	0.875	0.8958333333333334	0.5416666666666666
PF00004	1827	0.9583333333333334	0.9583333333333334	0.5
PF00004	1829	0.875	0.9166666666666666	0.6666666666666666
PF00004	18223	0.8958333333333334	0.875	0.5208333333333334
PF00004	18226	0.8333333333333334	0.8541666666666666	0.5
PF00004	18228	0.8125	0.875	0.5625
PF00004	18229	0.8541666666666666	0.875	0.4166666666666667
PF00004	18231	0.9166666666666666	0.9583333333333334	0.5625
PF00004	10041	0.8125	0.9166666666666666	0.5
PF00004	1853	0.8958333333333334	0.9375	0.5625
PF00004	18238	0.8958333333333334	0.9166666666666666	0.4583333333333333
PF00004	1855	0.875	0.875	0.5
PF00004	10056	0.8541666666666666	0.875	0.4583333333333333
PF00004	18250	0.7291666666666666	0.7916666666666666	0.5416666666666666
PF00004	1869	0.8333333333333334	0.8333333333333334	0.4375
PF00004	10061	0.8958333333333334	0.9166666666666666	0.5416666666666666
PF00004	18260	0.8541666666666666	0.8333333333333334	0.5416666666666666
PF00004	18272	0.9375	0.9583333333333334	0.5416666666666666
PF00004	1896	0.8541666666666666	0.9166666666666666	0.5833333333333334
PF00004	18280	0.8958333333333334	0.9166666666666666	0.5
PF00004	1900	0.8541666666666666	0.8958333333333334	0.4583333333333333
PF00004	10094	0.8541666666666666	0.9166666666666666	0.6041666666666666
PF00004	1907	0.8125	0.8541666666666666	0.5
PF00004	18291	0.9375	0.9375	0.5
PF00004	1909	0.875	0.9166666666666666	0.5416666666666666
PF00004	18298	0.875	0.875	0.5833333333333334
PF00004	10107	0.8958333333333334	0.8958333333333334	0.5208333333333334
PF00004	1918	0.8541666666666666	0.875	0.5625
PF00004	10113	0.9375	0.9583333333333334	0.6666666666666666
PF00004	1926	0.875	0.8958333333333334	0.5625
PF00004	18310	0.8333333333333334	0.875	0.4375
PF00004	18312	0.8958333333333334	0.8958333333333334	0.5
PF00004	1931	0.8333333333333334	0.8541666666666666	0.4583333333333333
PF00004	1932	0.9583333333333334	0.9375	0.4791666666666667
PF00004	10124	0.8541666666666666	0.8958333333333334	0.5
PF00004	1934	0.875	0.875	0.5208333333333334
PF00004	1940	0.9583333333333334	0.9375	0.4791666666666667
PF00004	10137	0.8958333333333334	0.8958333333333334	0.5208333333333334
PF00004	18330	0.875	0.875	0.5208333333333334
PF00004	18334	0.9166666666666666	0.9375	0.4791666666666667
PF00004	10146	0.875	0.9583333333333334	0.5
PF00004	10148	0.9375	0.9583333333333334	0.5833333333333334
PF00004	10151	0.8541666666666666	0.8541666666666666	0.4791666666666667
PF00004	18344	0.9791666666666666	1.0	0.5833333333333334
PF00004	18345	0.8333333333333334	0.875	0.5
PF00004	10161	0.875	0.9375	0.5833333333333334
PF00004	1970	0.8333333333333334	0.8333333333333334	0.4791666666666667
PF00004	1971	0.9375	0.9375	0.4791666666666667
PF00004	10162	0.9166666666666666	0.9166666666666666	0.5416666666666666
PF00004	10168	0.875	0.875	0.4791666666666667
PF00004	18361	0.9791666666666666	0.9791666666666666	0.5208333333333334
PF00004	1981	0.8333333333333334	0.8333333333333334	0.5
PF00004	10174	0.8333333333333334	0.8333333333333334	0.5
PF00004	10177	0.8958333333333334	0.9375	0.5
PF00004	10178	0.875	0.9166666666666666	0.5416666666666666
PF00004	1987	0.9375	0.9791666666666666	0.4791666666666667
PF00004	10182	0.9166666666666666	0.9166666666666666	0.4583333333333333
PF00004	1991	0.8541666666666666	0.8541666666666666	0.5625
PF00004	18379	0.8333333333333334	0.8958333333333334	0.5208333333333334
PF00004	10189	0.8541666666666666	0.8541666666666666	0.375
PF00004	18382	0.8333333333333334	0.8958333333333334	0.4166666666666667
PF00004	1999	0.9375	0.9583333333333334	0.4375
PF00004	18385	0.875	0.8958333333333334	0.5
PF00004	18396	0.8333333333333334	0.8333333333333334	0.4583333333333333
PF00004	18397	0.8333333333333334	0.8958333333333334	0.5416666666666666
PF00004	10210	0.8541666666666666	0.8541666666666666	0.5416666666666666
PF00004	18411	0.9166666666666666	0.9166666666666666	0.5208333333333334
PF00004	2028	0.7916666666666666	0.8541666666666666	0.5208333333333334
PF00004	10223	0.8958333333333334	0.875	0.4375
PF00004	18417	0.9583333333333334	0.9583333333333334	0.4583333333333333
PF00004	2034	0.7916666666666666	0.8125	0.5416666666666666
PF00004	10226	0.8541666666666666	0.8541666666666666	0.4166666666666667
PF00004	10231	0.8333333333333334	0.8541666666666666	0.4583333333333333
PF00004	10234	0.8958333333333334	0.9375	0.3541666666666667
PF00004	18428	0.9166666666666666	0.8958333333333334	0.5
PF00004	10239	0.8125	0.8541666666666666	0.4583333333333333
PF00004	18432	0.8958333333333334	0.9166666666666666	0.5
PF00004	2049	0.8958333333333334	0.9583333333333334	0.4166666666666667
PF00004	2050	0.8958333333333334	0.8958333333333334	0.5416666666666666
PF00004	2051	0.875	0.8958333333333334	0.5416666666666666
PF00004	18436	0.875	0.875	0.5833333333333334
PF00004	18438	0.8541666666666666	0.8958333333333334	0.5416666666666666
PF00004	10249	0.875	0.9166666666666666	0.5416666666666666
PF00004	18441	0.8333333333333334	0.875	0.5416666666666666
PF00004	18445	0.9166666666666666	0.9583333333333334	0.6041666666666666
PF00004	10254	0.9166666666666666	0.9375	0.3958333333333333
PF00004	18447	0.7708333333333334	0.8333333333333334	0.4375
PF00004	2065	0.7916666666666666	0.8333333333333334	0.5208333333333334
PF00004	18450	0.8958333333333334	0.9166666666666666	0.4791666666666667
PF00004	2072	0.9375	0.9375	0.4583333333333333
PF00004	18459	0.875	0.875	0.4375
PF00004	10268	0.875	0.9166666666666666	0.5416666666666666
PF00004	18461	0.8333333333333334	0.875	0.5833333333333334
PF00004	2080	0.8958333333333334	0.8958333333333334	0.5208333333333334
PF00004	2083	0.9166666666666666	0.9166666666666666	0.5208333333333334
PF00004	18487	0.8958333333333334	0.8958333333333334	0.5833333333333334
PF00004	18488	0.8958333333333334	0.8958333333333334	0.6458333333333334
PF00004	2106	0.8125	0.8125	0.4583333333333333
PF00004	2107	0.8958333333333334	0.9166666666666666	0.5416666666666666
PF00004	2114	0.9583333333333334	0.9375	0.3958333333333333
PF00004	2117	0.9375	0.9375	0.6458333333333334
PF00004	2121	0.8333333333333334	0.8541666666666666	0.4791666666666667
PF00004	10315	0.875	0.8958333333333334	0.5625
PF00004	2126	0.8958333333333334	0.8958333333333334	0.4166666666666667
PF00004	10321	0.8958333333333334	0.9375	0.4583333333333333
PF00004	18517	0.8958333333333334	0.9583333333333334	0.4791666666666667
PF00004	10327	0.8958333333333334	0.9166666666666666	0.4583333333333333
PF00004	18521	0.9166666666666666	0.9166666666666666	0.5208333333333334
PF00004	2138	0.875	0.9166666666666666	0.5625
PF00004	2140	0.8125	0.875	0.5
PF00004	18526	0.8333333333333334	0.875	0.4791666666666667
PF00004	2144	0.8541666666666666	0.9166666666666666	0.5833333333333334
PF00004	10341	0.8541666666666666	0.9166666666666666	0.4791666666666667
PF00004	10345	0.8125	0.8541666666666666	0.5
PF00004	18541	0.8541666666666666	0.875	0.4791666666666667
PF00004	18547	0.8541666666666666	0.9166666666666666	0.4375
PF00004	10358	0.8958333333333334	0.9375	0.5
PF00004	10362	0.875	0.9166666666666666	0.5833333333333334
PF00004	18565	0.875	0.875	0.5
PF00004	10381	0.875	0.8958333333333334	0.4791666666666667
PF00004	18573	0.8333333333333334	0.875	0.5416666666666666
PF00004	2191	0.8958333333333334	0.9166666666666666	0.375
PF00004	10383	0.8958333333333334	0.8958333333333334	0.5833333333333334
PF00004	2193	0.8541666666666666	0.9166666666666666	0.5416666666666666
PF00004	2194	0.9583333333333334	0.9375	0.5416666666666666
PF00004	18575	0.8541666666666666	0.9166666666666666	0.5208333333333334
PF00004	2199	0.9375	0.9583333333333334	0.5416666666666666
PF00004	2201	0.9375	0.9166666666666666	0.5
PF00004	10396	0.8333333333333334	0.875	0.3958333333333333
PF00004	10397	0.9375	0.9166666666666666	0.5416666666666666
PF00004	18589	0.8958333333333334	0.9375	0.5208333333333334
PF00004	18590	0.8333333333333334	0.875	0.5208333333333334
PF00004	18597	0.875	0.8958333333333334	0.5625
PF00004	2220	0.8958333333333334	0.9166666666666666	0.5625
PF00004	18609	0.7708333333333334	0.8541666666666666	0.5625
PF00004	10427	0.8958333333333334	0.9166666666666666	0.6041666666666666
PF00004	10434	0.8125	0.8125	0.5208333333333334
PF00004	2244	0.875	0.9375	0.5208333333333334
PF00004	18640	0.875	0.8333333333333334	0.5208333333333334
PF00004	10454	0.9166666666666666	0.9375	0.625
PF00004	10458	0.8125	0.8958333333333334	0.5625
PF00004	18650	0.8541666666666666	0.875	0.5
PF00004	2279	0.8541666666666666	0.8958333333333334	0.4166666666666667
PF00004	18665	0.875	0.8958333333333334	0.5
PF00004	10479	0.8958333333333334	0.8958333333333334	0.4583333333333333
PF00004	2290	0.875	0.8958333333333334	0.4583333333333333
PF00004	10489	0.8125	0.8125	0.4583333333333333
PF00004	10493	0.9375	0.9583333333333334	0.4791666666666667
PF00004	18707	0.8333333333333334	0.8541666666666666	0.5416666666666666
PF00004	10519	0.8125	0.875	0.625
PF00004	2328	0.875	0.9166666666666666	0.5208333333333334
PF00004	18712	0.8958333333333334	0.9166666666666666	0.5625
PF00004	18713	0.9375	0.9375	0.5416666666666666
PF00004	10527	0.8125	0.8333333333333334	0.5208333333333334
PF00004	2337	0.9166666666666666	0.9166666666666666	0.5208333333333334
PF00004	2344	0.9166666666666666	0.9166666666666666	0.4375
PF00004	10536	0.8541666666666666	0.8958333333333334	0.5208333333333334
PF00004	10542	0.8958333333333334	0.9166666666666666	0.5416666666666666
PF00004	2354	0.8958333333333334	0.9583333333333334	0.4375
PF00004	2357	0.875	0.9166666666666666	0.5833333333333334
PF00004	10553	0.7916666666666666	0.875	0.5208333333333334
PF00004	10555	0.8125	0.8333333333333334	0.4583333333333333
PF00004	10556	0.8958333333333334	0.8958333333333334	0.4791666666666667
PF00004	2366	0.8958333333333334	0.9166666666666666	0.4375
PF00004	2369	0.9583333333333334	0.9583333333333334	0.3958333333333333
PF00004	18754	0.8333333333333334	0.8958333333333334	0.5
PF00004	18756	0.875	0.8958333333333334	0.5
PF00004	10569	0.8333333333333334	0.8333333333333334	0.5833333333333334
PF00004	2383	0.8333333333333334	0.9166666666666666	0.5
PF00004	2386	0.9583333333333334	0.9791666666666666	0.5625
PF00004	18778	0.9375	0.9375	0.4791666666666667
PF00004	2397	0.8958333333333334	0.9166666666666666	0.6041666666666666
PF00004	10590	0.8958333333333334	0.9166666666666666	0.6041666666666666
PF00004	18788	0.875	0.9166666666666666	0.5
PF00004	2422	0.875	0.8541666666666666	0.5208333333333334
PF00004	10617	0.875	0.9166666666666666	0.5
PF00004	10618	0.8958333333333334	0.9166666666666666	0.6666666666666666
PF00004	2428	0.9166666666666666	0.9583333333333334	0.5625
PF00004	2429	0.8958333333333334	0.9166666666666666	0.5416666666666666
PF00004	2431	0.9375	0.9375	0.4583333333333333
PF00004	18817	0.7708333333333334	0.8333333333333334	0.5
PF00004	2434	0.9166666666666666	0.9166666666666666	0.4791666666666667
PF00004	10628	0.8958333333333334	0.9375	0.4583333333333333
PF00004	2444	0.875	0.9375	0.5416666666666666
PF00004	10637	0.8958333333333334	0.9375	0.5416666666666666
PF00004	18828	0.9166666666666666	0.9375	0.4791666666666667
PF00004	10641	0.8333333333333334	0.8541666666666666	0.5
PF00004	2455	0.8333333333333334	0.8958333333333334	0.625
PF00004	10648	0.8958333333333334	0.9375	0.6041666666666666
PF00004	18846	0.875	0.875	0.5
PF00004	2470	0.9375	0.9375	0.5625
PF00004	2473	0.875	0.8958333333333334	0.5208333333333334
PF00004	2476	0.8541666666666666	0.8958333333333334	0.5416666666666666
PF00004	2480	0.875	0.8958333333333334	0.625
PF00004	2483	0.9166666666666666	0.9375	0.4583333333333333
PF00004	10678	0.8333333333333334	0.8125	0.4791666666666667
PF00004	2490	0.8541666666666666	0.875	0.5625
PF00004	10683	0.8333333333333334	0.875	0.5416666666666666
PF00004	2492	0.8958333333333334	0.8958333333333334	0.6041666666666666
PF00004	2495	0.8541666666666666	0.9166666666666666	0.5625
PF00004	10694	0.8958333333333334	0.9583333333333334	0.5208333333333334
PF00004	2503	0.8125	0.8125	0.4583333333333333
PF00004	18889	0.9166666666666666	0.9375	0.5
PF00004	10700	0.8541666666666666	0.8541666666666666	0.4791666666666667
PF00004	18896	0.9166666666666666	0.9375	0.5416666666666666
PF00004	10707	0.875	0.9375	0.5833333333333334
PF00004	18904	0.9166666666666666	0.9375	0.5625
PF00004	10717	0.9166666666666666	0.9583333333333334	0.5625
PF00004	18913	0.9375	0.9583333333333334	0.625
PF00004	2531	0.8333333333333334	0.8541666666666666	0.4791666666666667
PF00004	10725	0.875	0.875	0.4791666666666667
PF00004	10730	0.8958333333333334	0.9166666666666666	0.5
PF00004	18923	0.875	0.9375	0.5
PF00004	2540	0.8958333333333334	0.9166666666666666	0.5625
PF00004	18936	0.9375	0.9375	0.5208333333333334
PF00004	10746	0.8958333333333334	0.9166666666666666	0.5625
PF00004	2558	0.9791666666666666	1.0	0.5833333333333334
PF00004	18943	0.9791666666666666	0.9791666666666666	0.4583333333333333
PF00004	18945	0.8541666666666666	0.9166666666666666	0.5833333333333334
PF00004	10755	0.8958333333333334	0.9583333333333334	0.625
PF00004	10757	0.9583333333333334	0.9583333333333334	0.5208333333333334
PF00004	10758	0.8958333333333334	0.9166666666666666	0.6041666666666666
PF00004	2569	0.9166666666666666	0.9375	0.4791666666666667
PF00004	2574	0.875	0.875	0.375
PF00004	18968	0.75	0.7708333333333334	0.6041666666666666
PF00004	18970	0.9375	0.9375	0.4791666666666667
PF00004	18973	0.8958333333333334	0.875	0.4583333333333333
PF00004	2591	0.875	0.875	0.4791666666666667
PF00004	18978	0.9375	0.9375	0.4791666666666667
PF00004	10788	0.8541666666666666	0.9166666666666666	0.3958333333333333
PF00004	10790	0.9583333333333334	0.9791666666666666	0.5
PF00004	2600	0.9166666666666666	0.9375	0.4583333333333333
PF00004	10794	0.9583333333333334	0.9791666666666666	0.4583333333333333
PF00004	18993	0.9375	0.9375	0.4791666666666667
PF00004	2613	0.8333333333333334	0.8125	0.4583333333333333
PF00004	10806	0.875	0.8958333333333334	0.5
PF00004	19003	0.875	0.875	0.5208333333333334
PF00004	19005	0.9375	0.9375	0.375
PF00004	10817	0.8541666666666666	0.8958333333333334	0.5625
PF00004	10818	0.875	0.9166666666666666	0.5833333333333334
PF00004	2633	0.8958333333333334	0.9375	0.4583333333333333
PF00004	19020	0.8958333333333334	0.9166666666666666	0.4583333333333333
PF00004	10829	0.8541666666666666	0.875	0.5208333333333334
PF00004	19021	0.8958333333333334	0.8958333333333334	0.3541666666666667
PF00004	10832	0.8541666666666666	0.8958333333333334	0.5416666666666666
PF00004	10838	0.9166666666666666	0.9583333333333334	0.5208333333333334
PF00004	19030	0.9583333333333334	0.9583333333333334	0.5416666666666666
PF00004	19031	0.8333333333333334	0.8541666666666666	0.5833333333333334
PF00004	2666	0.9166666666666666	0.9583333333333334	0.4583333333333333
PF00004	2668	0.8333333333333334	0.8541666666666666	0.4166666666666667
PF00004	19054	0.8958333333333334	0.9375	0.5
PF00004	2675	0.9583333333333334	0.9583333333333334	0.375
PF00004	19066	0.9166666666666666	0.9583333333333334	0.5416666666666666
PF00004	10875	0.8541666666666666	0.8541666666666666	0.5416666666666666
PF00004	2694	0.9166666666666666	0.8958333333333334	0.5416666666666666
PF00004	2696	0.8125	0.8958333333333334	0.4791666666666667
PF00004	10894	0.7916666666666666	0.8333333333333334	0.5208333333333334
PF00004	19088	0.8958333333333334	0.9166666666666666	0.5416666666666666
PF00004	19089	0.7916666666666666	0.8541666666666666	0.5833333333333334
PF00004	2709	0.9375	0.9166666666666666	0.5625
PF00004	2712	0.9166666666666666	0.9375	0.4791666666666667
PF00004	19097	0.8541666666666666	0.875	0.4583333333333333
PF00004	19099	0.9375	0.9583333333333334	0.6041666666666666
PF00004	2718	0.875	0.875	0.4791666666666667
PF00004	2720	0.9166666666666666	0.9166666666666666	0.5625
PF00004	2721	0.8541666666666666	0.875	0.4583333333333333
PF00004	10917	0.9166666666666666	0.9583333333333334	0.6458333333333334
PF00004	10922	0.8541666666666666	0.8958333333333334	0.3541666666666667
PF00004	19116	0.875	0.9166666666666666	0.5208333333333334
PF00004	19118	0.9791666666666666	0.9375	0.6458333333333334
PF00004	19119	0.8333333333333334	0.8541666666666666	0.4166666666666667
PF00004	2739	0.8333333333333334	0.875	0.5625
PF00004	19124	0.875	0.9375	0.6041666666666666
PF00004	19129	0.875	0.9166666666666666	0.5625
PF00004	19130	0.9166666666666666	0.9166666666666666	0.5
PF00004	2748	0.8958333333333334	0.8958333333333334	0.5
PF00004	19135	0.8333333333333334	0.875	0.4583333333333333
PF00004	19142	0.9791666666666666	0.9791666666666666	0.5625
PF00004	10955	0.7708333333333334	0.8333333333333334	0.5
PF00004	10966	0.7916666666666666	0.7916666666666666	0.4791666666666667
PF00004	10967	0.9375	0.9791666666666666	0.625
PF00004	2780	0.8541666666666666	0.8541666666666666	0.6458333333333334
PF00004	19167	0.9375	0.9166666666666666	0.4375
PF00004	10976	0.8333333333333334	0.8541666666666666	0.4583333333333333
PF00004	19171	0.9166666666666666	0.9166666666666666	0.4375
PF00004	19172	0.8125	0.8125	0.5208333333333334
PF00004	19175	0.875	0.8958333333333334	0.5416666666666666
PF00004	10986	0.8541666666666666	0.875	0.4375
PF00004	19182	0.9166666666666666	0.9166666666666666	0.4375
PF00004	10999	0.8958333333333334	0.9375	0.5416666666666666
PF00004	19191	0.9166666666666666	0.8958333333333334	0.4583333333333333
PF00004	2809	0.9791666666666666	0.9791666666666666	0.4583333333333333
PF00004	2812	0.9166666666666666	0.9375	0.5208333333333334
PF00004	11004	0.7708333333333334	0.8125	0.4583333333333333
PF00004	19199	0.9791666666666666	0.9791666666666666	0.5208333333333334
PF00004	2818	0.7916666666666666	0.8541666666666666	0.5208333333333334
PF00004	11017	0.75	0.7708333333333334	0.4166666666666667
PF00004	11023	0.875	0.9375	0.5625
PF00004	11024	0.9375	0.9375	0.5208333333333334
PF00004	19217	0.8333333333333334	0.8125	0.5
PF00004	19222	0.9791666666666666	1.0	0.5416666666666666
PF00004	19223	0.9375	0.9583333333333334	0.5208333333333334
PF00004	19224	0.8333333333333334	0.8541666666666666	0.5
PF00004	2845	0.8541666666666666	0.9166666666666666	0.5625
PF00004	19230	0.8541666666666666	0.875	0.5416666666666666
PF00004	19232	0.8333333333333334	0.875	0.5833333333333334
PF00004	19233	0.9166666666666666	0.9166666666666666	0.4375
PF00004	2850	0.9583333333333334	0.9583333333333334	0.5416666666666666
PF00004	2853	0.9583333333333334	0.9583333333333334	0.4375
PF00004	11047	0.8333333333333334	0.875	0.4375
PF00004	11054	0.8958333333333334	0.8958333333333334	0.5
PF00004	2864	0.8958333333333334	0.8958333333333334	0.4375
PF00004	2870	0.9166666666666666	0.9375	0.5833333333333334
PF00004	19256	0.9583333333333334	0.9583333333333334	0.5208333333333334
PF00004	2876	0.875	0.875	0.6041666666666666
PF00004	19263	0.875	0.9166666666666666	0.4375
PF00004	2892	0.9583333333333334	0.9583333333333334	0.5
PF00004	11084	0.9375	0.9375	0.4791666666666667
PF00004	19276	0.8333333333333334	0.8958333333333334	0.5833333333333334
PF00004	11094	0.9375	0.9583333333333334	0.5208333333333334
PF00004	19295	0.8541666666666666	0.875	0.5625
PF00004	2912	0.8958333333333334	0.9375	0.5833333333333334
PF00004	11105	0.8333333333333334	0.875	0.5625
PF00004	2915	0.9375	0.9583333333333334	0.5
PF00004	19300	0.8125	0.7916666666666666	0.4375
PF00004	11112	0.8125	0.8333333333333334	0.4791666666666667
PF00004	2921	0.8541666666666666	0.875	0.5208333333333334
PF00004	19305	0.9375	0.9166666666666666	0.5416666666666666
PF00004	19308	0.9375	0.9583333333333334	0.5416666666666666
PF00004	19310	0.8958333333333334	0.9166666666666666	0.4791666666666667
PF00004	11123	0.9166666666666666	0.8958333333333334	0.4791666666666667
PF00004	19316	0.875	0.9166666666666666	0.5416666666666666
PF00004	11131	0.875	0.8958333333333334	0.5
PF00004	11139	0.8541666666666666	0.9166666666666666	0.5625
PF00004	19335	0.875	0.875	0.5
PF00004	11152	0.8541666666666666	0.9375	0.5625
PF00004	2962	0.9166666666666666	0.9166666666666666	0.5208333333333334
PF00004	19347	0.8541666666666666	0.8958333333333334	0.5625
PF00004	2965	0.875	0.9375	0.5
PF00004	11158	0.9583333333333334	0.9791666666666666	0.4166666666666667
PF00004	2968	0.8958333333333334	0.9166666666666666	0.4583333333333333
PF00004	2970	1.0	0.9791666666666666	0.5625
PF00004	2976	0.875	0.8958333333333334	0.4791666666666667
PF00004	19361	0.9166666666666666	0.9166666666666666	0.4166666666666667
PF00004	11172	0.875	0.8958333333333334	0.5416666666666666
PF00004	11175	0.8958333333333334	0.8958333333333334	0.4791666666666667
PF00004	2984	0.9583333333333334	0.9791666666666666	0.5
PF00004	19371	0.7708333333333334	0.8333333333333334	0.5208333333333334
PF00004	2990	0.9583333333333334	0.9791666666666666	0.5208333333333334
PF00004	19378	0.875	0.875	0.5
PF00004	3005	0.8541666666666666	0.8541666666666666	0.4166666666666667
PF00004	3006	0.9791666666666666	0.9791666666666666	0.5
PF00004	3010	0.875	0.8958333333333334	0.5
PF00004	11208	0.8125	0.875	0.4583333333333333
PF00004	19403	0.8541666666666666	0.875	0.5
PF00004	3021	0.7708333333333334	0.8333333333333334	0.5
PF00004	19409	0.875	0.8541666666666666	0.5625
PF00004	3029	0.8958333333333334	0.9166666666666666	0.5833333333333334
PF00004	19423	0.875	0.8958333333333334	0.4583333333333333
PF00004	3041	0.875	0.875	0.4375
PF00004	3042	0.8125	0.8541666666666666	0.4583333333333333
PF00004	19427	0.875	0.8958333333333334	0.4375
PF00004	19431	0.7916666666666666	0.8125	0.5833333333333334
PF00004	3052	0.875	0.9166666666666666	0.5416666666666666
PF00004	3055	0.8541666666666666	0.8958333333333334	0.6041666666666666
PF00004	11247	0.9583333333333334	0.9166666666666666	0.5
PF00004	11253	0.8541666666666666	0.875	0.4583333333333333
PF00004	3068	0.8958333333333334	0.875	0.4583333333333333
PF00004	11261	0.8958333333333334	0.9166666666666666	0.4791666666666667
PF00004	11262	0.9375	0.9583333333333334	0.5208333333333334
PF00004	19455	0.8958333333333334	0.8958333333333334	0.6041666666666666
PF00004	3073	0.8333333333333334	0.8333333333333334	0.5416666666666666
PF00004	19457	0.8333333333333334	0.8541666666666666	0.6041666666666666
PF00004	19458	0.8333333333333334	0.875	0.5
PF00004	11272	0.875	0.875	0.4583333333333333
PF00004	19466	0.8125	0.8958333333333334	0.5208333333333334
PF00004	3084	0.9166666666666666	0.9375	0.5833333333333334
PF00004	3087	0.875	0.8333333333333334	0.5416666666666666
PF00004	11285	0.8541666666666666	0.8958333333333334	0.5625
PF00004	3094	0.8125	0.8125	0.5
PF00004	19484	0.9791666666666666	0.9583333333333334	0.5
PF00004	11297	0.9791666666666666	0.9791666666666666	0.5416666666666666
PF00004	19489	0.875	0.8958333333333334	0.5
PF00004	19493	0.8541666666666666	0.875	0.5
PF00004	19494	0.8333333333333334	0.8958333333333334	0.5625
PF00004	11303	0.8541666666666666	0.8541666666666666	0.4375
PF00004	11304	0.8958333333333334	0.875	0.5416666666666666
PF00004	11311	0.9166666666666666	0.9375	0.4583333333333333
PF00004	19504	0.8333333333333334	0.875	0.5416666666666666
PF00004	11313	0.8125	0.8333333333333334	0.4583333333333333
PF00004	11315	0.7916666666666666	0.8333333333333334	0.6041666666666666
PF00004	19507	0.9375	0.9375	0.4791666666666667
PF00004	19509	0.9583333333333334	0.9583333333333334	0.6666666666666666
PF00004	19519	0.9583333333333334	0.9791666666666666	0.5416666666666666
PF00004	19522	0.9166666666666666	0.9375	0.5625
PF00004	3142	0.875	0.875	0.5
PF00004	19527	0.7916666666666666	0.8541666666666666	0.5208333333333334
PF00004	11339	0.8125	0.8333333333333334	0.4375
PF00004	19532	0.875	0.9166666666666666	0.5
PF00004	19536	0.9375	0.9375	0.4791666666666667
PF00004	3153	0.875	0.8958333333333334	0.5208333333333334
PF00004	11345	0.875	0.9166666666666666	0.5833333333333334
PF00004	3156	0.8541666666666666	0.875	0.4791666666666667
PF00004	19542	0.8541666666666666	0.8958333333333334	0.6041666666666666
PF00004	19543	0.9166666666666666	0.9166666666666666	0.4375
PF00004	19548	0.7916666666666666	0.8541666666666666	0.5208333333333334
PF00004	11363	0.8958333333333334	0.9166666666666666	0.4791666666666667
PF00004	11364	0.9166666666666666	0.9375	0.4791666666666667
PF00004	19555	0.9583333333333334	0.9583333333333334	0.4583333333333333
PF00004	3174	0.8958333333333334	0.9375	0.4583333333333333
PF00004	3179	0.8333333333333334	0.9166666666666666	0.5208333333333334
PF00004	11372	0.8541666666666666	0.875	0.4166666666666667
PF00004	11373	0.7916666666666666	0.8333333333333334	0.4791666666666667
PF00004	3187	0.8333333333333334	0.8958333333333334	0.6041666666666666
PF00004	11383	0.8541666666666666	0.875	0.5
PF00004	11384	0.875	0.9166666666666666	0.5833333333333334
PF00004	11395	0.8958333333333334	0.9375	0.6458333333333334
PF00004	11398	0.8333333333333334	0.8333333333333334	0.5416666666666666
PF00004	19597	0.8125	0.7916666666666666	0.2916666666666667
PF00004	3217	0.875	0.875	0.5
PF00004	19603	0.875	0.8958333333333334	0.5208333333333334
PF00004	11412	0.8541666666666666	0.8958333333333334	0.5416666666666666
PF00004	19604	0.8958333333333334	0.9166666666666666	0.4166666666666667
PF00004	19608	0.9166666666666666	0.8958333333333334	0.5416666666666666
PF00004	3225	0.9375	0.9583333333333334	0.4583333333333333
PF00004	3226	0.9166666666666666	0.9583333333333334	0.5625
PF00004	3229	0.8333333333333334	0.8958333333333334	0.4583333333333333
PF00004	11422	0.9166666666666666	0.875	0.5416666666666666
PF00004	11426	0.8958333333333334	0.8958333333333334	0.5208333333333334
PF00004	19618	0.8333333333333334	0.8333333333333334	0.4791666666666667
PF00004	19627	0.9166666666666666	0.9375	0.4583333333333333
PF00004	3250	0.7916666666666666	0.8125	0.4583333333333333
PF00004	11448	0.875	0.9375	0.4791666666666667
PF00004	3267	0.8125	0.8125	0.4166666666666667
PF00004	3268	0.8125	0.8958333333333334	0.6041666666666666
PF00004	19653	0.875	0.8541666666666666	0.3958333333333333
PF00004	19656	0.875	0.9166666666666666	0.4791666666666667
PF00004	3274	0.8958333333333334	0.8958333333333334	0.4166666666666667
PF00004	19659	0.9375	0.9583333333333334	0.5416666666666666
PF00004	11471	0.8958333333333334	0.9166666666666666	0.6458333333333334
PF00004	11474	0.8125	0.8333333333333334	0.4791666666666667
PF00004	11476	0.875	0.875	0.4791666666666667
PF00004	19670	0.9166666666666666	0.9375	0.6458333333333334
PF00004	19671	0.8333333333333334	0.875	0.4791666666666667
PF00004	11480	0.8541666666666666	0.9166666666666666	0.5
PF00004	3292	0.8958333333333334	0.9166666666666666	0.5416666666666666
PF00004	3293	0.8333333333333334	0.8333333333333334	0.5416666666666666
PF00004	11486	0.875	0.8541666666666666	0.5833333333333334
PF00004	3295	0.9583333333333334	0.9375	0.5208333333333334
PF00004	19680	0.8958333333333334	0.8958333333333334	0.5
PF00004	3301	0.8541666666666666	0.8958333333333334	0.4791666666666667
PF00004	11494	0.875	0.8958333333333334	0.625
PF00004	11495	0.8333333333333334	0.8541666666666666	0.4583333333333333
PF00004	19687	0.9375	0.9166666666666666	0.4791666666666667
PF00004	3305	0.9583333333333334	0.9791666666666666	0.3958333333333333
PF00004	19692	0.8125	0.8541666666666666	0.5833333333333334
PF00004	11517	0.8333333333333334	0.8541666666666666	0.5208333333333334
PF00004	19709	0.875	0.9166666666666666	0.4791666666666667
PF00004	3331	0.8541666666666666	0.8958333333333334	0.4583333333333333
PF00004	11531	0.8541666666666666	0.8958333333333334	0.4791666666666667
PF00004	3343	0.875	0.875	0.3958333333333333
PF00004	3344	0.8333333333333334	0.875	0.5833333333333334
PF00004	11535	0.875	0.8958333333333334	0.4583333333333333
PF00004	11537	0.875	0.875	0.3541666666666667
PF00004	19734	0.8541666666666666	0.875	0.5208333333333334
PF00004	11544	0.875	0.875	0.6458333333333334
PF00004	19740	0.8958333333333334	0.9166666666666666	0.6041666666666666
PF00004	3357	0.8333333333333334	0.8958333333333334	0.5833333333333334
PF00004	19745	0.8125	0.8333333333333334	0.4791666666666667
PF00004	19747	0.875	0.9375	0.6458333333333334
PF00004	11556	0.9166666666666666	0.9166666666666666	0.4583333333333333
PF00004	11557	0.8125	0.8333333333333334	0.5
PF00004	11560	0.875	0.875	0.5208333333333334
PF00004	3369	0.8541666666666666	0.9166666666666666	0.625
PF00004	11562	0.9166666666666666	0.9166666666666666	0.5
PF00004	19752	0.8333333333333334	0.8333333333333334	0.2916666666666667
PF00004	11564	0.875	0.9166666666666666	0.5208333333333334
PF00004	19754	0.9166666666666666	0.9166666666666666	0.625
PF00004	3374	0.8541666666666666	0.875	0.5416666666666666
PF00004	3375	0.8958333333333334	0.8958333333333334	0.6041666666666666
PF00004	19762	0.9166666666666666	0.9375	0.4166666666666667
PF00004	3381	0.9375	0.9375	0.4583333333333333
PF00004	19770	0.8541666666666666	0.8958333333333334	0.5625
PF00004	3390	0.9583333333333334	0.9583333333333334	0.4375
PF00004	3392	0.8333333333333334	0.8333333333333334	0.5625
PF00004	19776	0.8541666666666666	0.9166666666666666	0.5416666666666666
PF00004	19777	0.9166666666666666	0.9166666666666666	0.5416666666666666
PF00004	11590	0.875	0.9375	0.5416666666666666
PF00004	11594	0.7916666666666666	0.8125	0.4375
PF00004	19786	0.875	0.9375	0.5416666666666666
PF00004	19787	0.9583333333333334	0.9583333333333334	0.4791666666666667
PF00004	19797	0.9166666666666666	0.8958333333333334	0.5833333333333334
PF00004	3418	0.8541666666666666	0.875	0.5833333333333334
PF00004	3420	0.9583333333333334	0.9583333333333334	0.4791666666666667
PF00004	3421	0.8958333333333334	0.8958333333333334	0.5625
PF00004	11614	0.9166666666666666	0.9166666666666666	0.5416666666666666
PF00004	19813	0.9583333333333334	0.9791666666666666	0.5416666666666666
PF00004	3431	0.8958333333333334	0.9166666666666666	0.5416666666666666
PF00004	3437	0.8541666666666666	0.8541666666666666	0.4583333333333333
PF00004	3441	0.8333333333333334	0.875	0.5625
PF00004	3445	0.9583333333333334	0.9583333333333334	0.5
PF00004	11638	0.8333333333333334	0.875	0.5208333333333334
PF00004	19830	0.8958333333333334	0.8958333333333334	0.5833333333333334
PF00004	11642	0.8541666666666666	0.8541666666666666	0.4375
PF00004	3453	0.8541666666666666	0.8958333333333334	0.5625
PF00004	3454	0.9375	0.9583333333333334	0.4583333333333333
PF00004	11646	0.9375	0.9166666666666666	0.4375
PF00004	11650	0.8333333333333334	0.875	0.5
PF00004	11654	0.9375	0.9375	0.4583333333333333
PF00004	11658	0.875	0.875	0.4375
PF00004	11665	0.875	0.9375	0.4375
PF00004	3477	0.8541666666666666	0.9166666666666666	0.4791666666666667
PF00004	19864	0.9583333333333334	0.9791666666666666	0.3125
PF00004	19871	0.8958333333333334	0.9375	0.5625
PF00004	3491	0.8958333333333334	0.9166666666666666	0.5
PF00004	11693	0.8958333333333334	0.875	0.5833333333333334
PF00004	19886	0.7708333333333334	0.8333333333333334	0.5
PF00004	11695	0.875	0.8958333333333334	0.5
PF00004	11696	0.875	0.9375	0.5416666666666666
PF00004	3507	0.9375	0.9583333333333334	0.5208333333333334
PF00004	11701	0.9375	0.9166666666666666	0.5
PF00004	11705	0.8958333333333334	0.875	0.5833333333333334
PF00004	19899	0.8958333333333334	0.8958333333333334	0.4166666666666667
PF00004	11714	0.8958333333333334	0.9375	0.5416666666666666
PF00004	11715	0.9166666666666666	0.9166666666666666	0.5416666666666666
PF00004	11719	0.875	0.9583333333333334	0.5416666666666666
PF00004	3531	0.875	0.875	0.4166666666666667
PF00004	11723	0.8958333333333334	0.9583333333333334	0.5625
PF00004	19916	0.9166666666666666	0.9166666666666666	0.5416666666666666
PF00004	19933	0.875	0.9166666666666666	0.5208333333333334
PF00004	3554	0.8541666666666666	0.875	0.5208333333333334
PF00004	11746	0.875	0.875	0.4583333333333333
PF00004	3557	0.7916666666666666	0.8333333333333334	0.5625
PF00004	19941	0.9375	0.9583333333333334	0.6041666666666666
PF00004	19943	0.8958333333333334	0.9166666666666666	0.5208333333333334
PF00004	19945	0.9166666666666666	0.9375	0.5416666666666666
PF00004	3562	0.9166666666666666	0.9166666666666666	0.4583333333333333
PF00004	3565	0.8541666666666666	0.875	0.5
PF00004	3569	0.9166666666666666	0.9166666666666666	0.5
PF00004	19958	0.8333333333333334	0.8958333333333334	0.5
PF00004	11775	0.875	0.875	0.5625
PF00004	11780	0.9375	0.9791666666666666	0.6041666666666666
PF00004	19978	0.8958333333333334	0.9583333333333334	0.5416666666666666
PF00004	11788	0.8541666666666666	0.875	0.5
PF00004	3597	0.9166666666666666	0.9375	0.5625
PF00004	19980	0.8958333333333334	0.9166666666666666	0.5208333333333334
PF00004	19981	0.9375	0.9375	0.5833333333333334
PF00004	19983	0.9375	0.9166666666666666	0.3541666666666667
PF00004	3601	0.8958333333333334	0.8958333333333334	0.5
PF00004	19985	0.9583333333333334	0.9791666666666666	0.5
PF00004	19986	0.8333333333333334	0.8958333333333334	0.5208333333333334
PF00004	11802	0.8541666666666666	0.9166666666666666	0.5625
PF00004	3611	0.8333333333333334	0.875	0.5625
PF00004	19997	0.8333333333333334	0.875	0.5625
PF00004	19999	0.8541666666666666	0.8958333333333334	0.5625
PF00004	3628	0.8958333333333334	0.9166666666666666	0.4791666666666667
PF00004	3630	0.8541666666666666	0.9166666666666666	0.5833333333333334
PF00004	3637	0.9166666666666666	0.8958333333333334	0.5416666666666666
PF00004	11830	0.7916666666666666	0.875	0.5625
PF00004	3641	0.8125	0.8958333333333334	0.4791666666666667
PF00004	11836	0.875	0.875	0.5
PF00004	11838	0.8541666666666666	0.875	0.3333333333333333
PF00004	3655	0.8333333333333334	0.875	0.5416666666666666
PF00004	11856	0.8333333333333334	0.875	0.4791666666666667
PF00004	11866	0.9375	0.9583333333333334	0.6875
PF00004	3677	0.9583333333333334	0.9791666666666666	0.6041666666666666
PF00004	11872	0.875	0.875	0.5625
PF00004	11874	0.9166666666666666	0.9375	0.4583333333333333
PF00004	3684	0.8958333333333334	0.9583333333333334	0.6041666666666666
PF00004	3688	0.8541666666666666	0.8958333333333334	0.4375
PF00004	11895	0.9166666666666666	0.9166666666666666	0.5208333333333334
PF00004	3710	0.9375	0.9166666666666666	0.5208333333333334
PF00004	3713	0.8541666666666666	0.875	0.5833333333333334
PF00004	3714	0.8541666666666666	0.8958333333333334	0.6875
PF00004	3720	0.875	0.9166666666666666	0.3958333333333333
PF00004	11917	0.9166666666666666	0.9375	0.4375
PF00004	11919	0.9166666666666666	0.9166666666666666	0.4791666666666667
PF00004	3727	0.8125	0.875	0.4583333333333333
PF00004	11923	0.875	0.8958333333333334	0.4791666666666667
PF00004	3739	0.8958333333333334	0.9166666666666666	0.5416666666666666
PF00004	3742	0.875	0.9166666666666666	0.5208333333333334
PF00004	11939	0.9166666666666666	0.9583333333333334	0.4375
PF00004	11940	0.9166666666666666	0.9375	0.5625
PF00004	3749	0.875	0.8541666666666666	0.5625
PF00004	3757	0.9166666666666666	0.9166666666666666	0.5416666666666666
PF00004	3763	0.8333333333333334	0.9166666666666666	0.5416666666666666
PF00004	11955	0.9375	0.9583333333333334	0.4791666666666667
PF00004	11965	0.8541666666666666	0.8958333333333334	0.4375
PF00004	11970	0.875	0.9166666666666666	0.5
PF00004	11971	0.875	0.8958333333333334	0.3958333333333333
PF00004	3798	0.8333333333333334	0.8958333333333334	0.625
PF00004	3811	0.8125	0.8333333333333334	0.3958333333333333
PF00004	12004	0.875	0.8958333333333334	0.5416666666666666
PF00004	3813	0.9375	0.9375	0.4375
PF00004	3815	0.875	0.8958333333333334	0.5208333333333334
PF00004	3819	0.875	0.9166666666666666	0.5208333333333334
PF00004	12016	0.8541666666666666	0.875	0.4375
PF00004	12040	0.9166666666666666	0.9791666666666666	0.5416666666666666
PF00004	12041	0.9166666666666666	0.8958333333333334	0.3958333333333333
PF00004	3851	0.8333333333333334	0.875	0.625
PF00004	12044	0.8541666666666666	0.8958333333333334	0.4791666666666667
PF00004	12046	0.9166666666666666	1.0	0.5833333333333334
PF00004	12047	0.7708333333333334	0.7916666666666666	0.5
PF00004	3864	0.9375	0.9583333333333334	0.5416666666666666
PF00004	12076	0.9166666666666666	0.9166666666666666	0.5625
PF00004	3891	0.8333333333333334	0.9166666666666666	0.4791666666666667
PF00004	12092	0.875	0.9375	0.5208333333333334
PF00004	3901	0.9583333333333334	0.9583333333333334	0.5208333333333334
PF00004	3912	0.9583333333333334	0.9375	0.5416666666666666
PF00004	3914	0.875	0.9166666666666666	0.6041666666666666
PF00004	12113	0.8958333333333334	0.9166666666666666	0.5
PF00004	12116	0.9166666666666666	0.9375	0.5208333333333334
PF00004	3944	0.9583333333333334	0.9375	0.5208333333333334
PF00004	12145	0.875	0.9375	0.4791666666666667
PF00004	12150	0.8541666666666666	0.8541666666666666	0.5
PF00004	12156	0.8125	0.9375	0.5833333333333334
PF00004	12162	0.8333333333333334	0.8125	0.5
PF00004	3973	0.8958333333333334	0.9166666666666666	0.5
PF00004	12169	0.7916666666666666	0.7916666666666666	0.4791666666666667
PF00004	12174	0.875	0.9166666666666666	0.5416666666666666
PF00004	12176	0.75	0.8125	0.625
PF00004	12179	0.8541666666666666	0.8541666666666666	0.5
PF00004	3988	0.8958333333333334	0.9375	0.5208333333333334
PF00004	12183	0.875	0.8958333333333334	0.4375
PF00004	12184	0.8541666666666666	0.9375	0.5
PF00004	12186	0.875	0.8958333333333334	0.5416666666666666
PF00004	3999	0.9791666666666666	0.9791666666666666	0.625
PF00004	4001	0.8333333333333334	0.8541666666666666	0.5625
PF00004	12198	0.875	0.8958333333333334	0.5833333333333334
PF00004	12200	0.9166666666666666	0.9166666666666666	0.3958333333333333
PF00004	12202	0.8958333333333334	0.9166666666666666	0.4166666666666667
PF00004	4015	0.8958333333333334	0.9375	0.5625
PF00004	12207	0.8541666666666666	0.9166666666666666	0.5
PF00004	12209	0.7916666666666666	0.8541666666666666	0.4583333333333333
PF00004	4019	0.875	0.8958333333333334	0.5416666666666666
PF00004	12220	0.875	0.9166666666666666	0.6041666666666666
PF00004	4034	0.8333333333333334	0.875	0.5
PF00004	12235	0.9375	0.9583333333333334	0.4791666666666667
PF00004	12237	0.875	0.8958333333333334	0.4791666666666667
PF00004	12250	0.9375	0.9375	0.4791666666666667
PF00004	12255	0.9375	0.9583333333333334	0.5
PF00004	12261	0.8958333333333334	0.9166666666666666	0.5
PF00004	12266	0.875	0.9375	0.4375
PF00004	4091	0.8333333333333334	0.875	0.5208333333333334
PF00004	12290	0.9166666666666666	0.9166666666666666	0.5416666666666666
PF00004	12299	0.8541666666666666	0.8958333333333334	0.5208333333333334
PF00004	4108	0.9375	0.9791666666666666	0.625
PF00004	4110	0.8958333333333334	0.9375	0.5625
PF00004	4115	0.8333333333333334	0.8958333333333334	0.4583333333333333
PF00004	12313	0.8125	0.875	0.5833333333333334
PF00004	12317	0.8333333333333334	0.875	0.4791666666666667
PF00004	12324	0.9375	0.9791666666666666	0.5
PF00004	4134	0.8958333333333334	0.8958333333333334	0.375
PF00004	12330	0.875	0.8958333333333334	0.4583333333333333
PF00004	12331	0.8958333333333334	0.9166666666666666	0.6875
PF00004	4143	0.875	0.8958333333333334	0.5
PF00004	12338	0.8125	0.7916666666666666	0.5208333333333334
PF00004	4147	0.9166666666666666	0.9166666666666666	0.5416666666666666
PF00004	12339	0.875	0.8958333333333334	0.4166666666666667
PF00004	12343	0.875	0.8958333333333334	0.5833333333333334
PF00004	12346	0.8333333333333334	0.8958333333333334	0.625
PF00004	4159	0.875	0.875	0.4791666666666667
PF00004	4165	0.9166666666666666	0.9166666666666666	0.6041666666666666
PF00004	4168	0.875	0.875	0.5416666666666666
PF00004	4172	0.9375	0.9375	0.4791666666666667
PF00004	12374	0.875	0.875	0.6041666666666666
PF00004	4189	0.8958333333333334	0.9166666666666666	0.4375
PF00004	12384	0.8958333333333334	0.9166666666666666	0.5833333333333334
PF00004	12395	0.9166666666666666	0.9375	0.5416666666666666
PF00004	4209	0.875	0.9166666666666666	0.4791666666666667
PF00004	4213	0.9166666666666666	0.9375	0.5416666666666666
PF00004	12412	0.8541666666666666	0.8541666666666666	0.5208333333333334
PF00004	12416	0.9583333333333334	0.9583333333333334	0.5416666666666666
PF00004	12419	0.9583333333333334	0.9375	0.25
PF00004	4233	0.8541666666666666	0.8541666666666666	0.5208333333333334
PF00004	4244	0.8333333333333334	0.875	0.5208333333333334
PF00004	4256	0.875	0.8958333333333334	0.5416666666666666
PF00004	4264	0.7708333333333334	0.8125	0.4583333333333333
PF00004	12469	0.7708333333333334	0.8541666666666666	0.4791666666666667
PF00004	12474	0.875	0.8541666666666666	0.5416666666666666
PF00004	4298	0.9166666666666666	0.9791666666666666	0.5
PF00004	4301	0.8541666666666666	0.9166666666666666	0.5
PF00004	4313	0.875	0.875	0.4791666666666667
PF00004	12505	0.9166666666666666	0.9166666666666666	0.5
PF00004	4325	0.9166666666666666	0.9375	0.5625
PF00004	4331	0.8125	0.8958333333333334	0.6041666666666666
PF00004	12534	0.8333333333333334	0.9166666666666666	0.5208333333333334
PF00004	4347	0.9166666666666666	0.9375	0.5
PF00004	4359	0.8125	0.8541666666666666	0.5
PF00004	4361	0.8541666666666666	0.8541666666666666	0.3958333333333333
PF00004	4362	0.8958333333333334	0.9166666666666666	0.4791666666666667
PF00004	4364	0.9583333333333334	0.9166666666666666	0.4583333333333333
PF00004	4381	0.9583333333333334	0.9583333333333334	0.4791666666666667
PF00004	4390	0.7708333333333334	0.8333333333333334	0.4583333333333333
PF00004	12583	0.8541666666666666	0.8541666666666666	0.5208333333333334
PF00004	12589	0.9166666666666666	0.9375	0.4791666666666667
PF00004	12593	0.8125	0.875	0.5208333333333334
PF00004	12596	0.8541666666666666	0.875	0.4583333333333333
PF00004	4407	0.8541666666666666	0.8541666666666666	0.5
PF00004	12601	0.8958333333333334	0.9375	0.5833333333333334
PF00004	12608	0.9583333333333334	0.9375	0.3958333333333333
PF00004	12612	0.8541666666666666	0.8541666666666666	0.4166666666666667
PF00004	4426	0.9166666666666666	0.9375	0.4791666666666667
PF00004	4427	0.9375	0.9583333333333334	0.5625
PF00004	4431	0.9375	0.9375	0.5416666666666666
PF00004	4432	0.9166666666666666	0.9166666666666666	0.625
PF00004	4433	0.9166666666666666	0.875	0.5208333333333334
PF00004	4438	0.9375	0.9583333333333334	0.5833333333333334
PF00004	4441	0.8541666666666666	0.875	0.4583333333333333
PF00004	4444	0.9166666666666666	0.9166666666666666	0.5
PF00004	12641	0.8541666666666666	0.8958333333333334	0.5208333333333334
PF00004	4452	0.9375	0.9583333333333334	0.5833333333333334
PF00004	4453	0.9375	0.9166666666666666	0.625
PF00004	12648	0.9166666666666666	0.8958333333333334	0.4166666666666667
PF00004	12652	0.9375	0.9375	0.4791666666666667
PF00004	12653	0.875	0.8958333333333334	0.4166666666666667
PF00004	4466	0.9166666666666666	0.9166666666666666	0.5
PF00004	4471	0.7916666666666666	0.8958333333333334	0.625
PF00004	12667	0.875	0.9166666666666666	0.4791666666666667
PF00004	12677	0.9583333333333334	0.9375	0.4583333333333333
PF00004	12678	0.9375	0.9583333333333334	0.4791666666666667
PF00004	4492	0.9375	0.9583333333333334	0.4166666666666667
PF00004	12686	0.9166666666666666	0.9791666666666666	0.6041666666666666
PF00004	4495	0.8125	0.8541666666666666	0.5208333333333334
PF00004	4496	0.9791666666666666	0.9791666666666666	0.5833333333333334
PF00004	12687	1.0	0.9791666666666666	0.6041666666666666
PF00004	4498	0.8541666666666666	0.8958333333333334	0.5
PF00004	12689	0.8958333333333334	0.875	0.4791666666666667
PF00004	4500	0.8125	0.8333333333333334	0.4583333333333333
PF00004	4518	0.8958333333333334	0.875	0.5208333333333334
PF00004	12714	0.8958333333333334	0.8958333333333334	0.5833333333333334
PF00004	12733	0.8958333333333334	0.8958333333333334	0.5208333333333334
PF00004	4544	0.9375	0.9375	0.5625
PF00004	4545	0.8958333333333334	0.9375	0.5208333333333334
PF00004	4556	0.875	0.875	0.4791666666666667
PF00004	12758	0.875	0.8958333333333334	0.4166666666666667
PF00004	4567	0.9375	0.9791666666666666	0.5
PF00004	12764	0.9583333333333334	0.9375	0.5
PF00004	12766	0.8958333333333334	0.8958333333333334	0.6041666666666666
PF00004	12772	0.9375	0.9583333333333334	0.5625
PF00004	12773	0.8333333333333334	0.8333333333333334	0.5625
PF00004	12776	0.9166666666666666	0.9375	0.6041666666666666
PF00004	12791	0.9166666666666666	0.9166666666666666	0.4791666666666667
PF00004	4600	0.9583333333333334	0.9583333333333334	0.4583333333333333
PF00004	4612	0.8125	0.8125	0.4166666666666667
PF00004	4613	0.9583333333333334	0.9791666666666666	0.5625
PF00004	12804	0.9166666666666666	0.9166666666666666	0.4375
PF00004	4617	0.9375	0.9583333333333334	0.625
PF00004	12809	0.9166666666666666	0.9583333333333334	0.5833333333333334
PF00004	4622	0.8958333333333334	0.9166666666666666	0.5833333333333334
PF00004	12820	0.7916666666666666	0.8333333333333334	0.5625
PF00004	4633	0.9375	0.8958333333333334	0.4583333333333333
PF00004	4638	0.9166666666666666	0.9166666666666666	0.5208333333333334
PF00004	4643	0.9375	0.9375	0.4583333333333333
PF00004	4645	0.8958333333333334	0.9375	0.6458333333333334
PF00004	4649	0.7916666666666666	0.8541666666666666	0.5
PF00004	4663	0.8125	0.875	0.5416666666666666
PF00004	12858	0.9166666666666666	0.9166666666666666	0.625
PF00004	4671	0.9583333333333334	0.9583333333333334	0.5833333333333334
PF00004	4674	0.8958333333333334	0.9166666666666666	0.4791666666666667
PF00004	4676	0.8125	0.8541666666666666	0.5416666666666666
PF00004	12875	0.8125	0.8333333333333334	0.5208333333333334
PF00004	12876	0.875	0.8958333333333334	0.4583333333333333
PF00004	12881	0.8958333333333334	0.9375	0.5208333333333334
PF00004	12892	0.9166666666666666	0.9375	0.5
PF00004	4704	0.9166666666666666	0.8958333333333334	0.625
PF00004	12911	0.8958333333333334	0.9375	0.5208333333333334
PF00004	12914	0.8333333333333334	0.8541666666666666	0.5416666666666666
PF00004	4730	0.8333333333333334	0.8333333333333334	0.4166666666666667
PF00004	4736	0.9166666666666666	0.9166666666666666	0.4791666666666667
PF00004	4737	0.8125	0.8333333333333334	0.4791666666666667
PF00004	4738	0.8125	0.8333333333333334	0.4791666666666667
PF00004	4749	0.9375	0.9583333333333334	0.5416666666666666
PF00004	12942	0.8958333333333334	0.9166666666666666	0.5416666666666666
PF00004	12947	0.8541666666666666	0.875	0.4375
PF00004	4758	0.7708333333333334	0.7916666666666666	0.5
PF00004	12952	0.8125	0.8333333333333334	0.5
PF00004	4761	0.8541666666666666	0.875	0.4791666666666667
PF00004	4778	0.8333333333333334	0.875	0.4375
PF00004	4781	0.9166666666666666	0.9375	0.4791666666666667
PF00004	12973	0.8125	0.8125	0.4375
PF00004	12976	0.9375	0.9375	0.5208333333333334
PF00004	12978	0.9166666666666666	0.8958333333333334	0.4166666666666667
PF00004	4791	0.8333333333333334	0.8958333333333334	0.6041666666666666
PF00004	12985	0.9166666666666666	0.9166666666666666	0.5208333333333334
PF00004	12988	0.8333333333333334	0.875	0.5
PF00004	12991	0.9583333333333334	0.9583333333333334	0.4375
PF00004	4800	0.7916666666666666	0.8333333333333334	0.4791666666666667
PF00004	4805	0.875	0.9375	0.5416666666666666
PF00004	4806	0.8541666666666666	0.8958333333333334	0.5208333333333334
PF00004	4807	0.9375	0.9791666666666666	0.5625
PF00004	12998	0.9583333333333334	0.9583333333333334	0.3958333333333333
PF00004	13000	0.9583333333333334	0.9583333333333334	0.5833333333333334
PF00004	4810	0.8958333333333334	0.9375	0.5625
PF00004	13014	0.9375	0.8958333333333334	0.6041666666666666
PF00004	4832	0.8125	0.8125	0.6666666666666666
PF00004	13026	0.8333333333333334	0.8958333333333334	0.5208333333333334
PF00004	4836	0.9583333333333334	0.9166666666666666	0.5625
PF00004	13032	0.8958333333333334	0.8958333333333334	0.5416666666666666
PF00004	4842	0.875	0.9166666666666666	0.4791666666666667
PF00004	4847	0.8333333333333334	0.8541666666666666	0.5625
PF00004	4854	0.8958333333333334	0.875	0.5208333333333334
PF00004	4855	0.7916666666666666	0.875	0.5625
PF00004	13047	0.9166666666666666	0.9375	0.6041666666666666
PF00004	4859	0.9583333333333334	0.9583333333333334	0.5625
PF00004	13052	0.8958333333333334	0.8958333333333334	0.3958333333333333
PF00004	4874	0.8958333333333334	0.9166666666666666	0.4375
PF00004	13068	0.8958333333333334	0.9166666666666666	0.4791666666666667
PF00004	4883	0.8125	0.8541666666666666	0.5625
PF00004	13077	0.8333333333333334	0.8958333333333334	0.5833333333333334
PF00004	13082	0.875	0.8958333333333334	0.4375
PF00004	4893	0.9375	0.9583333333333334	0.5625
PF00004	4896	0.9166666666666666	0.9375	0.5208333333333334
PF00004	13088	0.875	0.8958333333333334	0.5
PF00004	4911	0.8541666666666666	0.8541666666666666	0.4166666666666667
PF00004	4918	0.8541666666666666	0.8541666666666666	0.5416666666666666
PF00004	13117	0.8958333333333334	0.9375	0.5208333333333334
PF00004	13122	0.8125	0.8333333333333334	0.4375
PF00004	4932	0.8333333333333334	0.8333333333333334	0.4583333333333333
PF00004	13126	0.8958333333333334	0.9375	0.625
PF00004	4945	0.8958333333333334	0.9166666666666666	0.5416666666666666
PF00004	13150	0.8958333333333334	0.9166666666666666	0.5416666666666666
PF00004	4965	0.7291666666666666	0.7291666666666666	0.4375
PF00004	4972	0.875	0.875	0.4791666666666667
PF00004	4977	0.875	0.8958333333333334	0.5208333333333334
PF00004	13169	0.8541666666666666	0.8958333333333334	0.6041666666666666
PF00004	13179	0.9375	0.9375	0.4791666666666667
PF00004	13185	0.9375	0.9375	0.4375
PF00004	13193	0.9166666666666666	0.9375	0.5625
PF00004	5011	0.9166666666666666	0.9166666666666666	0.5416666666666666
PF00004	5017	0.8541666666666666	0.875	0.4791666666666667
PF00004	13217	0.875	0.875	0.6041666666666666
PF00004	5030	0.875	0.8958333333333334	0.5208333333333334
PF00004	13222	0.875	0.9166666666666666	0.5208333333333334
PF00004	13225	0.875	0.9166666666666666	0.4583333333333333
PF00004	13227	0.875	0.8958333333333334	0.5833333333333334
PF00004	13235	0.8541666666666666	0.9166666666666666	0.5416666666666666
PF00004	13240	0.875	0.9166666666666666	0.5208333333333334
PF00004	5052	0.875	0.8541666666666666	0.5208333333333334
PF00004	5053	0.9583333333333334	0.9791666666666666	0.4375
PF00004	13246	0.8958333333333334	0.9375	0.5416666666666666
PF00004	5057	0.8958333333333334	0.8958333333333334	0.4375
PF00004	13259	0.8958333333333334	0.9375	0.4375
PF00004	13262	0.8541666666666666	0.8541666666666666	0.5
PF00004	5074	0.8541666666666666	0.8958333333333334	0.4791666666666667
PF00004	5079	0.875	0.8958333333333334	0.4375
PF00004	5085	0.9166666666666666	0.9375	0.3958333333333333
PF00004	13282	0.9166666666666666	0.9166666666666666	0.5208333333333334
PF00004	13285	0.8958333333333334	0.8958333333333334	0.4166666666666667
PF00004	5105	0.8958333333333334	0.9375	0.5416666666666666
PF00004	5106	0.8541666666666666	0.8958333333333334	0.5416666666666666
PF00004	13297	0.8333333333333334	0.8333333333333334	0.5625
PF00004	5110	0.875	0.875	0.4375
PF00004	5123	0.875	0.8541666666666666	0.5416666666666666
PF00004	5125	0.875	0.9375	0.4583333333333333
PF00004	5127	0.8125	0.8333333333333334	0.375
PF00004	13324	0.875	0.9166666666666666	0.6041666666666666
PF00004	5137	0.875	0.9375	0.375
PF00004	13351	0.7708333333333334	0.75	0.5416666666666666
PF00004	5178	0.9166666666666666	0.9583333333333334	0.5
PF00004	5179	0.8541666666666666	0.875	0.5416666666666666
PF00004	5180	0.8958333333333334	0.9166666666666666	0.5416666666666666
PF00004	13381	0.9375	0.9375	0.5208333333333334
PF00004	5190	0.7708333333333334	0.875	0.5625
PF00004	13396	0.875	0.9166666666666666	0.3958333333333333
PF00004	13400	0.8541666666666666	0.8958333333333334	0.5625
PF00004	13404	0.9583333333333334	0.9583333333333334	0.5208333333333334
PF00004	13408	0.8541666666666666	0.8958333333333334	0.4583333333333333
PF00004	13410	0.9375	0.9166666666666666	0.5
PF00004	13418	0.8125	0.8333333333333334	0.5
PF00004	5233	0.8333333333333334	0.8333333333333334	0.4583333333333333
PF00004	5234	0.8333333333333334	0.8958333333333334	0.5
PF00004	13429	0.9583333333333334	0.9791666666666666	0.5625
PF00004	5238	0.9375	0.9583333333333334	0.5625
PF00004	5239	0.8125	0.8333333333333334	0.4583333333333333
PF00004	13430	0.9166666666666666	0.8958333333333334	0.5416666666666666
PF00004	5241	0.7708333333333334	0.8333333333333334	0.5
PF00004	5250	0.9375	0.9166666666666666	0.5833333333333334
PF00004	13447	0.9375	0.9583333333333334	0.4791666666666667
PF00004	5257	0.8333333333333334	0.8958333333333334	0.5833333333333334
PF00004	5259	0.875	0.9166666666666666	0.4375
PF00004	13457	0.8958333333333334	0.8958333333333334	0.5625
PF00004	13468	0.9166666666666666	0.9166666666666666	0.5
PF00004	5277	0.8333333333333334	0.8333333333333334	0.4791666666666667
PF00004	13473	0.9166666666666666	0.8958333333333334	0.5833333333333334
PF00004	5288	0.9375	0.9583333333333334	0.4791666666666667
PF00004	13480	0.8958333333333334	0.9166666666666666	0.4583333333333333
PF00004	13482	0.9166666666666666	0.9166666666666666	0.5208333333333334
PF00004	5296	0.9583333333333334	0.9583333333333334	0.5833333333333334
PF00004	13491	1.0	1.0	0.5625
PF00004	5300	0.875	0.9166666666666666	0.4791666666666667
PF00004	5302	0.8125	0.7916666666666666	0.4791666666666667
PF00004	13501	0.9375	0.9166666666666666	0.5833333333333334
PF00004	5312	0.9375	0.9375	0.6041666666666666
PF00004	13504	0.875	0.875	0.375
PF00004	13508	0.8958333333333334	0.8958333333333334	0.4791666666666667
PF00004	5320	0.8125	0.8333333333333334	0.4791666666666667
PF00004	5321	0.875	0.8333333333333334	0.5625
PF00004	13519	0.8125	0.875	0.4791666666666667
PF00004	5335	0.9375	0.9583333333333334	0.4791666666666667
PF00004	5343	0.8541666666666666	0.8958333333333334	0.5625
PF00004	13546	0.875	0.9166666666666666	0.5
PF00004	13548	0.9583333333333334	0.9583333333333334	0.5208333333333334
PF00004	13551	0.8958333333333334	0.9375	0.5833333333333334
PF00004	5371	0.875	0.8958333333333334	0.5
PF00004	13565	0.9375	0.9166666666666666	0.4791666666666667
PF00004	5374	0.8125	0.8125	0.5416666666666666
PF00004	13569	0.8333333333333334	0.9166666666666666	0.625
PF00004	13576	0.8541666666666666	0.8541666666666666	0.5833333333333334
PF00004	5388	0.8333333333333334	0.8541666666666666	0.5416666666666666
PF00004	5391	0.9166666666666666	0.9166666666666666	0.5
PF00004	13585	0.9166666666666666	0.8958333333333334	0.625
PF00004	13599	0.8958333333333334	0.9375	0.5833333333333334
PF00004	5409	0.8958333333333334	0.8958333333333334	0.6041666666666666
PF00004	13606	0.9166666666666666	0.9375	0.4791666666666667
PF00004	5416	0.875	0.9375	0.5208333333333334
PF00004	13613	0.7916666666666666	0.8125	0.5208333333333334
PF00004	5424	0.9166666666666666	0.8958333333333334	0.5625
PF00004	5430	0.8958333333333334	0.9166666666666666	0.4791666666666667
PF00004	13622	0.8541666666666666	0.9166666666666666	0.4791666666666667
PF00004	13624	0.9375	1.0	0.5833333333333334
PF00004	5436	0.8958333333333334	0.9791666666666666	0.6041666666666666
PF00004	13630	0.8958333333333334	0.8958333333333334	0.5208333333333334
PF00004	5443	0.9166666666666666	0.9166666666666666	0.5833333333333334
PF00004	13636	0.8541666666666666	0.875	0.5
PF00004	5446	0.875	0.8958333333333334	0.5208333333333334
PF00004	5449	0.8541666666666666	0.875	0.4583333333333333
PF00004	5451	0.8958333333333334	0.875	0.5208333333333334
PF00004	13646	0.9583333333333334	0.9583333333333334	0.4791666666666667
PF00004	13660	0.9583333333333334	0.9791666666666666	0.5625
PF00004	5476	0.8958333333333334	0.9166666666666666	0.625
PF00004	13670	0.875	0.875	0.5
PF00004	13674	0.9583333333333334	0.9791666666666666	0.5833333333333334
PF00004	5487	0.8541666666666666	0.8958333333333334	0.5
PF00004	5491	0.9583333333333334	0.9375	0.4583333333333333
PF00004	5496	0.8333333333333334	0.8958333333333334	0.5
PF00004	13704	0.9166666666666666	0.9166666666666666	0.5625
PF00004	13712	0.9583333333333334	0.9583333333333334	0.5416666666666666
PF00004	13717	0.8125	0.8958333333333334	0.5416666666666666
PF00004	13719	0.9583333333333334	0.9583333333333334	0.4375
PF00004	5531	0.875	0.875	0.3541666666666667
PF00004	5537	0.875	0.8958333333333334	0.5625
PF00004	5540	0.9791666666666666	0.9791666666666666	0.5208333333333334
PF00004	13738	0.8958333333333334	0.9375	0.5416666666666666
PF00004	13747	0.875	0.8958333333333334	0.4583333333333333
PF00004	5561	0.9583333333333334	0.9583333333333334	0.5208333333333334
PF00004	13761	0.9166666666666666	0.9166666666666666	0.5208333333333334
PF00004	5570	0.9166666666666666	0.9375	0.5833333333333334
PF00004	13773	0.8541666666666666	0.8958333333333334	0.5833333333333334
PF00004	13774	0.8333333333333334	0.875	0.5
PF00004	13775	0.8541666666666666	0.8958333333333334	0.4791666666666667
PF00004	5589	0.875	0.9166666666666666	0.5416666666666666
PF00004	5593	0.9166666666666666	0.9791666666666666	0.5208333333333334
PF00004	5601	0.8958333333333334	0.9166666666666666	0.4375
PF00004	13808	0.8958333333333334	0.9166666666666666	0.4166666666666667
PF00004	13809	0.9583333333333334	0.9583333333333334	0.5833333333333334
PF00004	5623	0.8541666666666666	0.8541666666666666	0.4583333333333333
PF00004	5627	0.8541666666666666	0.8333333333333334	0.5625
PF00004	13829	0.8541666666666666	0.8958333333333334	0.5416666666666666
PF00004	13833	0.8541666666666666	0.875	0.5833333333333334
PF00004	5645	0.8125	0.8125	0.4583333333333333
PF00004	5646	0.9375	0.9375	0.4583333333333333
PF00004	13844	0.8541666666666666	0.8541666666666666	0.4791666666666667
PF00004	5656	0.8958333333333334	0.9166666666666666	0.625
PF00004	5657	0.8125	0.875	0.5
PF00004	13850	0.9166666666666666	0.9375	0.4791666666666667
PF00004	13860	0.9375	0.9375	0.4791666666666667
PF00004	5676	0.9375	0.9583333333333334	0.5833333333333334
PF00004	13878	0.9166666666666666	0.9166666666666666	0.4791666666666667
PF00004	5694	0.9375	0.9583333333333334	0.5416666666666666
PF00004	5700	0.9583333333333334	0.9583333333333334	0.5208333333333334
PF00004	13892	0.875	0.8958333333333334	0.4791666666666667
PF00004	5705	0.9166666666666666	0.9166666666666666	0.5208333333333334
PF00004	5714	0.9375	0.8958333333333334	0.5
PF00004	13911	0.9583333333333334	0.9375	0.4791666666666667
PF00004	13914	0.9583333333333334	0.9583333333333334	0.5625
PF00004	5725	0.9166666666666666	0.9166666666666666	0.5
PF00004	13918	0.8541666666666666	0.9166666666666666	0.4791666666666667
PF00004	5727	0.8958333333333334	0.875	0.5416666666666666
PF00004	13919	0.9166666666666666	0.9166666666666666	0.5
PF00004	13920	0.8333333333333334	0.8541666666666666	0.5
PF00004	13924	0.9166666666666666	0.8958333333333334	0.5
PF00004	13932	0.875	0.875	0.5
PF00004	5746	0.9375	0.9583333333333334	0.4583333333333333
PF00004	5751	0.8333333333333334	0.8333333333333334	0.4791666666666667
PF00004	5753	0.9166666666666666	0.9583333333333334	0.5
PF00004	13947	0.875	0.9166666666666666	0.5208333333333334
PF00004	5758	0.8541666666666666	0.8333333333333334	0.4375
PF00004	13950	0.9375	0.9791666666666666	0.5625
PF00004	5760	0.9166666666666666	0.9166666666666666	0.5833333333333334
PF00004	5773	0.9375	0.9583333333333334	0.5208333333333334
PF00004	13965	0.9375	0.9583333333333334	0.5416666666666666
PF00004	13966	0.8541666666666666	0.8958333333333334	0.5208333333333334
PF00004	5777	0.875	0.9166666666666666	0.5833333333333334
PF00004	5780	0.7916666666666666	0.7916666666666666	0.5416666666666666
PF00004	5783	0.8333333333333334	0.8541666666666666	0.4583333333333333
PF00004	5789	0.9583333333333334	0.8958333333333334	0.5
PF00004	5792	0.8541666666666666	0.875	0.5833333333333334
PF00004	13987	0.8333333333333334	0.8333333333333334	0.5
PF00004	5798	0.7916666666666666	0.8541666666666666	0.4791666666666667
PF00004	13993	0.875	0.9166666666666666	0.5625
PF00004	5802	0.8958333333333334	0.9375	0.6458333333333334
PF00004	13995	0.9375	0.9375	0.4375
PF00004	13998	0.9166666666666666	0.9375	0.4583333333333333
PF00004	13999	0.8958333333333334	0.8958333333333334	0.5
PF00004	14026	0.7916666666666666	0.8333333333333334	0.5208333333333334
PF00004	14037	0.8333333333333334	0.9166666666666666	0.5833333333333334
PF00004	14040	0.8333333333333334	0.8541666666666666	0.4583333333333333
PF00004	14044	0.9375	0.9375	0.4375
PF00004	5856	0.9375	0.9583333333333334	0.4791666666666667
PF00004	14052	0.8125	0.8333333333333334	0.5416666666666666
PF00004	14053	0.8541666666666666	0.8125	0.5625
PF00004	14057	0.8333333333333334	0.8333333333333334	0.4791666666666667
PF00004	14061	0.9166666666666666	0.9375	0.4166666666666667
PF00004	5871	0.8333333333333334	0.8958333333333334	0.5208333333333334
PF00004	14070	0.8958333333333334	0.9166666666666666	0.625
PF00004	5879	0.875	0.875	0.6458333333333334
PF00004	5882	0.8541666666666666	0.8541666666666666	0.5
PF00004	14076	0.7916666666666666	0.875	0.5416666666666666
PF00004	14084	0.9166666666666666	0.9375	0.5625
PF00004	5893	0.9166666666666666	0.9583333333333334	0.625
PF00004	5896	0.9583333333333334	0.9583333333333334	0.5208333333333334
PF00004	5902	0.8958333333333334	0.9375	0.6666666666666666
PF00004	14099	0.9166666666666666	0.9166666666666666	0.5208333333333334
PF00004	5908	0.9791666666666666	0.9791666666666666	0.4583333333333333
PF00004	14110	0.8541666666666666	0.875	0.4583333333333333
PF00004	14114	0.875	0.8958333333333334	0.4791666666666667
PF00004	14115	0.8958333333333334	0.8958333333333334	0.5208333333333334
PF00004	14125	0.875	0.9166666666666666	0.4791666666666667
PF00004	5942	0.9166666666666666	0.9583333333333334	0.5833333333333334
PF00004	14136	0.7916666666666666	0.8333333333333334	0.4583333333333333
PF00004	5950	0.8958333333333334	0.9375	0.625
PF00004	5952	0.875	0.875	0.5
PF00004	5960	0.8333333333333334	0.9375	0.6875
PF00004	14154	0.7916666666666666	0.8541666666666666	0.6041666666666666
PF00004	14173	0.8333333333333334	0.875	0.4791666666666667
PF00004	5985	0.875	0.8958333333333334	0.5208333333333334
PF00004	5987	0.8541666666666666	0.8958333333333334	0.5208333333333334
PF00004	14179	0.875	0.8958333333333334	0.5208333333333334
PF00004	5989	0.875	0.9791666666666666	0.5416666666666666
PF00004	5990	0.8958333333333334	0.9166666666666666	0.6458333333333334
PF00004	5998	0.8958333333333334	0.8958333333333334	0.5
PF00004	14192	0.875	0.9166666666666666	0.6041666666666666
PF00004	14200	0.8333333333333334	0.8541666666666666	0.4375
PF00004	6013	0.875	0.8958333333333334	0.4791666666666667
PF00004	14208	0.8541666666666666	0.875	0.4375
PF00004	14211	0.8541666666666666	0.875	0.5
PF00004	14232	0.875	0.8958333333333334	0.4166666666666667
PF00004	6043	0.8958333333333334	0.8958333333333334	0.5208333333333334
PF00004	14244	0.8541666666666666	0.9166666666666666	0.5208333333333334
PF00004	6060	0.9375	0.9375	0.4583333333333333
PF00004	14258	0.9375	0.9583333333333334	0.4583333333333333
PF00004	14263	0.9375	0.9166666666666666	0.4583333333333333
PF00004	14270	0.8541666666666666	0.8958333333333334	0.5625
PF00004	6083	0.9375	0.9583333333333334	0.5
PF00004	14278	0.8541666666666666	0.875	0.5416666666666666
PF00004	6091	0.9791666666666666	0.9791666666666666	0.5625
PF00004	14287	0.8333333333333334	0.875	0.375
PF00004	14288	0.8541666666666666	0.875	0.4583333333333333
PF00004	14289	0.875	0.8541666666666666	0.4791666666666667
PF00004	14290	0.875	0.875	0.5
PF00004	6100	0.8125	0.875	0.5625
PF00004	6103	0.9375	0.9583333333333334	0.5
PF00004	14296	0.9166666666666666	0.9166666666666666	0.4583333333333333
PF00004	14297	0.8125	0.8125	0.3958333333333333
PF00004	6117	0.8958333333333334	0.9375	0.4583333333333333
PF00004	14310	0.875	0.9583333333333334	0.5625
PF00004	6123	0.875	0.8958333333333334	0.5416666666666666
PF00004	6141	0.9166666666666666	0.9375	0.5
PF00004	6151	0.8958333333333334	0.9375	0.5208333333333334
PF00004	6155	0.9166666666666666	0.9166666666666666	0.5
PF00004	6169	0.875	0.8958333333333334	0.6666666666666666
PF00004	14370	0.8541666666666666	0.8541666666666666	0.6041666666666666
PF00004	14374	0.7708333333333334	0.7708333333333334	0.5
PF00004	6184	0.9583333333333334	0.9791666666666666	0.5833333333333334
PF00004	6185	0.875	0.9166666666666666	0.4583333333333333
PF00004	6191	0.875	0.8958333333333334	0.625
PF00004	14383	0.875	0.8958333333333334	0.4791666666666667
PF00004	14389	0.875	0.9375	0.6458333333333334
PF00004	14398	0.8958333333333334	0.9166666666666666	0.5
PF00004	14415	0.8695652173913043	0.8695652173913043	0.5
PF00004	6230	0.8333333333333334	0.875	0.5208333333333334
PF00004	14423	0.9791666666666666	0.9791666666666666	0.5
PF00004	14424	0.8541666666666666	0.8958333333333334	0.5208333333333334
PF00004	6234	0.875	0.875	0.4583333333333333
PF00004	6237	0.8958333333333334	0.9375	0.5
PF00004	6239	0.8541666666666666	0.9583333333333334	0.625
PF00004	14431	0.8541666666666666	0.875	0.5
PF00004	14435	0.8958333333333334	0.8958333333333334	0.4583333333333333
PF00004	14438	0.8541666666666666	0.875	0.4791666666666667
PF00004	6255	0.875	0.9375	0.5208333333333334
PF00004	14452	0.9166666666666666	0.9375	0.4791666666666667
PF00004	6263	0.9166666666666666	0.875	0.5
PF00004	6266	0.8541666666666666	0.875	0.5208333333333334
PF00004	6270	0.9166666666666666	0.9375	0.5
PF00004	6277	0.9583333333333334	0.9583333333333334	0.5
PF00004	6284	0.8125	0.875	0.5833333333333334
PF00004	6289	0.9791666666666666	0.9791666666666666	0.5208333333333334
PF00004	14485	0.875	0.8958333333333334	0.4791666666666667
PF00004	6295	0.9375	0.9375	0.5
PF00004	6296	0.8958333333333334	0.9375	0.5
PF00004	14487	0.8333333333333334	0.875	0.5208333333333334
PF00004	14490	0.9166666666666666	0.9375	0.3958333333333333
PF00004	14503	0.8958333333333334	0.8958333333333334	0.4791666666666667
PF00004	6314	0.8958333333333334	0.9375	0.625
PF00004	14513	0.9166666666666666	0.9375	0.5833333333333334
PF00004	6332	0.9166666666666666	0.9375	0.5208333333333334
PF00004	14528	1.0	1.0	0.5416666666666666
PF00004	6343	0.8958333333333334	0.9166666666666666	0.6041666666666666
PF00004	14537	0.7916666666666666	0.8541666666666666	0.625
PF00004	14542	0.8958333333333334	0.8958333333333334	0.5
PF00004	6360	0.8333333333333334	0.875	0.5208333333333334
PF00004	14552	0.8333333333333334	0.8333333333333334	0.5
PF00004	14553	0.8958333333333334	0.875	0.5208333333333334
PF00004	14556	0.8958333333333334	0.9375	0.5
PF00004	14560	0.8958333333333334	0.9166666666666666	0.4583333333333333
PF00004	6369	0.8333333333333334	0.9166666666666666	0.4583333333333333
PF00004	14562	0.9583333333333334	0.9583333333333334	0.5625
PF00004	6372	0.8958333333333334	0.9166666666666666	0.5416666666666666
PF00004	14566	0.8541666666666666	0.8541666666666666	0.6041666666666666
PF00004	6375	0.875	0.8958333333333334	0.6041666666666666
PF00004	6377	0.8958333333333334	0.8958333333333334	0.4791666666666667
PF00004	6397	0.8125	0.8541666666666666	0.4583333333333333
PF00004	14590	0.8958333333333334	0.8958333333333334	0.4791666666666667
PF00004	14595	0.8958333333333334	0.9375	0.375
PF00004	14597	0.8958333333333334	0.9166666666666666	0.5625
PF00004	6407	0.8333333333333334	0.8541666666666666	0.4166666666666667
PF00004	14600	0.8541666666666666	0.9166666666666666	0.5416666666666666
PF00004	6421	0.7916666666666666	0.8541666666666666	0.5416666666666666
PF00004	6431	0.9166666666666666	0.9166666666666666	0.4583333333333333
PF00004	6442	0.9583333333333334	0.9375	0.5416666666666666
PF00004	6447	0.9375	0.9375	0.4583333333333333
PF00004	14647	0.875	0.9166666666666666	0.5416666666666666
PF00004	6457	0.875	0.9166666666666666	0.5625
PF00004	6470	0.875	0.9166666666666666	0.5208333333333334
PF00004	6472	0.8541666666666666	0.8958333333333334	0.4791666666666667
PF00004	14664	0.8333333333333334	0.8958333333333334	0.5
PF00004	6489	0.8958333333333334	0.9166666666666666	0.4166666666666667
PF00004	14684	0.9375	0.9583333333333334	0.6041666666666666
PF00004	14689	0.9166666666666666	0.9583333333333334	0.5416666666666666
PF00004	6515	0.875	0.875	0.5208333333333334
PF00004	14717	0.9166666666666666	0.8958333333333334	0.5
PF00004	6531	0.8125	0.8333333333333334	0.375
PF00004	6541	0.8333333333333334	0.8333333333333334	0.6041666666666666
PF00004	6543	0.8541666666666666	0.875	0.4583333333333333
PF00004	6547	0.875	0.8958333333333334	0.5
PF00004	14750	0.8541666666666666	0.8541666666666666	0.5
PF00004	6564	0.8333333333333334	0.8958333333333334	0.5208333333333334
PF00004	14756	0.9791666666666666	1.0	0.5625
PF00004	6566	0.875	0.8958333333333334	0.4791666666666667
PF00004	6571	0.9375	0.9583333333333334	0.625
PF00004	6574	0.9375	0.9791666666666666	0.5625
PF00004	6586	0.875	0.8958333333333334	0.5208333333333334
PF00004	6589	0.8541666666666666	0.8958333333333334	0.5
PF00004	14789	0.875	0.8958333333333334	0.5
PF00004	6611	0.8958333333333334	0.8958333333333334	0.3125
PF00004	6617	0.9166666666666666	0.8958333333333334	0.6041666666666666
PF00004	14819	0.9583333333333334	0.9791666666666666	0.5208333333333334
PF00004	14821	0.8958333333333334	0.9375	0.4375
PF00004	6639	0.7708333333333334	0.8125	0.5
PF00004	6641	0.8125	0.875	0.5208333333333334
PF00004	6646	0.8125	0.8125	0.4791666666666667
PF00004	14838	0.8958333333333334	0.9375	0.4791666666666667
PF00004	6653	0.9375	0.9375	0.5208333333333334
PF00004	14847	0.7708333333333334	0.8333333333333334	0.4791666666666667
PF00004	6656	0.875	0.9166666666666666	0.5833333333333334
PF00004	14860	0.8125	0.8541666666666666	0.5208333333333334
PF00004	6676	0.8333333333333334	0.8958333333333334	0.5625
PF00004	14871	0.875	0.875	0.5416666666666666
PF00004	6705	0.8125	0.8333333333333334	0.5
PF00004	14900	0.9375	0.9375	0.4375
PF00004	6722	0.9375	0.9375	0.4791666666666667
PF00004	6723	0.8958333333333334	0.9375	0.5
PF00004	6732	0.8958333333333334	0.8958333333333334	0.4583333333333333
PF00004	6737	0.9375	0.9375	0.3958333333333333
PF00004	6738	0.9166666666666666	0.9166666666666666	0.5833333333333334
PF00004	6739	0.875	0.9166666666666666	0.625
PF00004	14949	0.9583333333333334	0.9791666666666666	0.5
PF00004	6765	0.8958333333333334	0.8958333333333334	0.5208333333333334
PF00004	6768	0.9375	0.9375	0.5625
PF00004	6777	0.875	0.875	0.5
PF00004	6784	0.875	0.9166666666666666	0.5208333333333334
PF00004	6800	0.8958333333333334	0.8958333333333334	0.5833333333333334
PF00004	6802	0.9375	0.9791666666666666	0.5
PF00004	14997	0.9166666666666666	0.9375	0.5833333333333334
PF00004	6808	0.8958333333333334	0.9375	0.5625
PF00004	6810	0.8333333333333334	0.8333333333333334	0.4583333333333333
PF00004	6820	0.8958333333333334	0.8958333333333334	0.5625
PF00004	15024	0.8541666666666666	0.8958333333333334	0.5
PF00004	6834	0.9166666666666666	0.9375	0.4375
PF00004	15035	0.875	0.9166666666666666	0.5416666666666666
PF00004	15049	0.9166666666666666	0.9583333333333334	0.5833333333333334
PF00004	6874	0.7708333333333334	0.8541666666666666	0.5208333333333334
PF00004	15070	0.8333333333333334	0.8958333333333334	0.5416666666666666
PF00004	15071	0.9375	0.9375	0.4583333333333333
PF00004	6882	0.9166666666666666	0.9583333333333334	0.6458333333333334
PF00004	6883	0.9375	0.9375	0.4583333333333333
PF00004	15084	0.9375	0.9791666666666666	0.625
PF00004	6894	0.8541666666666666	0.875	0.4375
PF00004	6895	0.9375	0.9583333333333334	0.3958333333333333
PF00004	15088	0.9375	0.9375	0.5833333333333334
PF00004	6899	0.9375	0.9791666666666666	0.4583333333333333
PF00004	15097	0.8541666666666666	0.8958333333333334	0.6458333333333334
PF00004	6911	0.8333333333333334	0.8125	0.4375
PF00004	15107	0.9166666666666666	0.875	0.4375
PF00004	6918	0.8333333333333334	0.8541666666666666	0.4166666666666667
PF00004	15115	0.9375	0.9375	0.5625
PF00004	6925	0.8541666666666666	0.8541666666666666	0.5416666666666666
PF00004	15126	0.8541666666666666	0.9166666666666666	0.5416666666666666
PF00004	6939	0.8541666666666666	0.875	0.4166666666666667
PF00004	6942	0.8541666666666666	0.8541666666666666	0.5416666666666666
PF00004	6944	0.9375	0.9583333333333334	0.6041666666666666
PF00004	15141	0.8541666666666666	0.875	0.4791666666666667
PF00004	6950	0.7916666666666666	0.8541666666666666	0.5625
PF00004	15148	0.7916666666666666	0.8333333333333334	0.4583333333333333
PF00004	15150	0.7916666666666666	0.875	0.6666666666666666
PF00004	15152	0.9166666666666666	0.8958333333333334	0.4791666666666667
PF00004	6961	0.9166666666666666	0.9166666666666666	0.5833333333333334
PF00004	15153	0.9166666666666666	0.9166666666666666	0.4166666666666667
PF00004	15157	0.9375	0.9375	0.5
PF00004	6967	0.8958333333333334	0.9166666666666666	0.4791666666666667
PF00004	15159	0.875	0.9375	0.5208333333333334
PF00004	6971	0.8333333333333334	0.875	0.5416666666666666
PF00004	6981	0.875	0.875	0.4791666666666667
PF00004	6982	0.9166666666666666	0.9583333333333334	0.4583333333333333
PF00004	6989	0.9375	0.9583333333333334	0.5
PF00004	15184	0.875	0.8541666666666666	0.6875
PF00004	6997	0.875	0.8958333333333334	0.4583333333333333
PF00004	7006	0.8125	0.8125	0.3958333333333333
PF00004	7010	0.8958333333333334	0.875	0.4583333333333333
PF00004	7011	0.9375	0.9791666666666666	0.5
PF00004	15203	0.7916666666666666	0.8333333333333334	0.5208333333333334
PF00004	7023	0.875	0.875	0.5416666666666666
PF00004	15223	0.8958333333333334	0.8958333333333334	0.625
PF00004	15230	0.9166666666666666	0.9166666666666666	0.4375
PF00004	7042	0.9583333333333334	0.9791666666666666	0.3958333333333333
PF00004	7044	0.8958333333333334	0.8958333333333334	0.4791666666666667
PF00004	7053	0.8958333333333334	0.9166666666666666	0.5
PF00004	7057	0.9166666666666666	0.9583333333333334	0.5833333333333334
PF00004	7058	0.8958333333333334	0.875	0.3958333333333333
PF00004	7060	0.8958333333333334	0.9375	0.5
PF00004	15252	0.9166666666666666	0.9583333333333334	0.4375
PF00004	15255	0.875	0.875	0.4583333333333333
PF00004	7070	0.9166666666666666	0.9375	0.5625
PF00004	15266	0.8541666666666666	0.8958333333333334	0.6041666666666666
PF00004	7080	0.8333333333333334	0.875	0.5833333333333334
PF00004	7084	0.8541666666666666	0.8958333333333334	0.5625
PF00004	15283	0.8958333333333334	0.875	0.5416666666666666
PF00004	15306	0.8541666666666666	0.8541666666666666	0.5416666666666666
PF00004	7115	0.8333333333333334	0.8541666666666666	0.5208333333333334
PF00004	7120	0.9148936170212766	0.9361702127659575	0.5
PF00004	15314	0.9166666666666666	0.9375	0.4166666666666667
PF00004	7124	0.875	0.8958333333333334	0.4791666666666667
PF00004	15318	0.8541666666666666	0.9166666666666666	0.4583333333333333
PF00004	15329	0.8333333333333334	0.8333333333333334	0.6041666666666666
PF00004	7138	0.875	0.875	0.5625
PF00004	15339	0.9166666666666666	0.9583333333333334	0.5833333333333334
PF00004	7148	0.9166666666666666	0.9583333333333334	0.6041666666666666
PF00004	7152	0.9375	0.9791666666666666	0.5208333333333334
PF00004	15344	0.8541666666666666	0.875	0.5208333333333334
PF00004	7155	0.8958333333333334	0.8958333333333334	0.4791666666666667
PF00004	15350	0.8541666666666666	0.8958333333333334	0.3958333333333333
PF00004	7159	0.8958333333333334	0.8958333333333334	0.4166666666666667
PF00004	15359	0.8333333333333334	0.875	0.5416666666666666
PF00004	15361	0.8541666666666666	0.875	0.5416666666666666
PF00004	15369	0.8958333333333334	0.8958333333333334	0.3958333333333333
PF00004	7180	0.875	0.9166666666666666	0.5625
PF00004	15375	0.8541666666666666	0.875	0.5833333333333334
PF00004	7185	0.7916666666666666	0.8541666666666666	0.6041666666666666
PF00004	7187	0.8958333333333334	0.9166666666666666	0.5416666666666666
PF00004	15386	0.8541666666666666	0.875	0.5416666666666666
PF00004	7197	0.9583333333333334	1.0	0.5416666666666666
PF00004	7207	0.9583333333333334	0.9583333333333334	0.4791666666666667
PF00004	15399	0.8541666666666666	0.9166666666666666	0.625
PF00004	7209	0.8541666666666666	0.8333333333333334	0.5208333333333334
PF00004	7215	0.875	0.9166666666666666	0.5625
PF00004	7219	0.9583333333333334	0.9583333333333334	0.625
PF00004	7228	0.9166666666666666	0.9166666666666666	0.4583333333333333
PF00004	15423	0.875	0.9375	0.5625
PF00004	7240	0.8958333333333334	0.9375	0.5208333333333334
PF00004	15445	0.9375	0.9166666666666666	0.5
PF00004	7254	0.875	0.8958333333333334	0.5
PF00004	7267	0.875	0.9166666666666666	0.4375
PF00004	15464	0.9166666666666666	0.9583333333333334	0.5833333333333334
PF00004	7275	0.875	0.9375	0.5625
PF00004	15477	0.875	0.8541666666666666	0.5416666666666666
PF00004	7288	0.875	0.875	0.3333333333333333
PF00004	7292	0.8333333333333334	0.8541666666666666	0.6041666666666666
PF00004	15486	0.8333333333333334	0.8333333333333334	0.5625
PF00004	7312	0.9375	0.9166666666666666	0.5208333333333334
PF00004	7313	0.8541666666666666	0.875	0.4791666666666667
PF00004	15505	0.8541666666666666	0.8541666666666666	0.6041666666666666
PF00004	7315	0.8125	0.9166666666666666	0.6666666666666666
PF00004	15508	0.9166666666666666	0.9166666666666666	0.4791666666666667
PF00004	15513	0.875	0.8958333333333334	0.5208333333333334
PF00004	15518	0.7916666666666666	0.8541666666666666	0.5416666666666666
PF00004	15521	0.875	0.8958333333333334	0.5416666666666666
PF00004	15523	0.8958333333333334	0.9166666666666666	0.4791666666666667
PF00004	15525	0.9166666666666666	0.9166666666666666	0.6041666666666666
PF00004	15526	0.9375	0.9583333333333334	0.5208333333333334
PF00004	7341	0.8541666666666666	0.875	0.625
PF00004	15535	0.8541666666666666	0.9375	0.5625
PF00004	7344	0.8333333333333334	0.8541666666666666	0.5208333333333334
PF00004	7351	0.8958333333333334	0.8958333333333334	0.5208333333333334
PF00004	7358	0.9166666666666666	0.9375	0.5416666666666666
PF00004	15553	0.9166666666666666	0.8958333333333334	0.4791666666666667
PF00004	15564	0.9166666666666666	0.9166666666666666	0.3958333333333333
PF00004	7374	0.9583333333333334	0.9583333333333334	0.5416666666666666
PF00004	15578	0.8541666666666666	0.9166666666666666	0.5416666666666666
PF00004	7391	0.9166666666666666	0.9166666666666666	0.4583333333333333
PF00004	7393	0.7916666666666666	0.8333333333333334	0.5
PF00004	15586	0.9375	0.9375	0.4375
PF00004	15587	0.9583333333333334	0.9791666666666666	0.5416666666666666
PF00004	7401	0.7916666666666666	0.8125	0.5208333333333334
PF00004	15597	0.9583333333333334	0.9791666666666666	0.5
PF00004	15601	0.9375	0.9583333333333334	0.5833333333333334
PF00004	7422	0.7916666666666666	0.8125	0.5625
PF00004	7425	0.8541666666666666	0.875	0.5833333333333334
PF00004	7427	0.8958333333333334	0.9375	0.5416666666666666
PF00004	15636	0.7916666666666666	0.8125	0.4791666666666667
PF00004	15637	0.8958333333333334	0.8958333333333334	0.4166666666666667
PF00004	7447	0.9375	0.9375	0.5833333333333334
PF00004	15639	0.9375	0.9166666666666666	0.6041666666666666
PF00004	15647	0.9166666666666666	0.9166666666666666	0.6041666666666666
PF00004	7456	0.8958333333333334	0.9583333333333334	0.5833333333333334
PF00004	7484	0.8125	0.875	0.5416666666666666
PF00004	15680	0.9583333333333334	0.9375	0.4583333333333333
PF00004	7492	0.9166666666666666	0.9375	0.5625
PF00004	7495	0.8958333333333334	0.875	0.5416666666666666
PF00004	15708	0.8541666666666666	0.875	0.5208333333333334
PF00004	15709	0.8125	0.8333333333333334	0.3958333333333333
PF00004	15711	0.875	0.875	0.5833333333333334
PF00004	7520	0.8333333333333334	0.875	0.5416666666666666
PF00004	15712	0.9166666666666666	0.9375	0.5208333333333334
PF00004	7527	0.8541666666666666	0.8333333333333334	0.4375
PF00004	15729	0.9583333333333334	0.9583333333333334	0.5
PF00004	7544	0.8541666666666666	0.8541666666666666	0.5416666666666666
PF00004	15741	0.875	0.8958333333333334	0.5208333333333334
PF00004	15746	0.9166666666666666	0.8958333333333334	0.4791666666666667
PF00004	15752	0.7916666666666666	0.7916666666666666	0.4791666666666667
PF00004	7561	0.875	0.9583333333333334	0.5416666666666666
PF00004	7562	0.875	0.9166666666666666	0.5208333333333334
PF00004	7565	0.875	0.9375	0.5208333333333334
PF00004	15762	0.7916666666666666	0.7916666666666666	0.375
PF00004	7575	0.9791666666666666	0.9791666666666666	0.5
PF00004	7578	0.8125	0.8541666666666666	0.5625
PF00004	15771	0.875	0.875	0.5625
PF00004	15776	0.9166666666666666	0.9375	0.4166666666666667
PF00004	7588	0.9583333333333334	1.0	0.5625
PF00004	15782	0.8333333333333334	0.875	0.5
PF00004	7596	0.8541666666666666	0.9375	0.5
PF00004	15788	0.9375	0.9375	0.4583333333333333
PF00004	15796	0.8333333333333334	0.8541666666666666	0.4375
PF00004	7618	0.9791666666666666	0.9791666666666666	0.5833333333333334
PF00004	7623	0.8541666666666666	0.875	0.5208333333333334
PF00004	7630	0.875	0.9166666666666666	0.5208333333333334
PF00004	15823	0.8541666666666666	0.8125	0.4791666666666667
PF00004	15827	0.9375	0.9375	0.4583333333333333
PF00004	7644	0.9375	0.9583333333333334	0.4583333333333333
PF00004	15837	0.9791666666666666	0.9375	0.6458333333333334
PF00004	7652	0.7291666666666666	0.8541666666666666	0.5833333333333334
PF00004	7658	0.9166666666666666	0.9375	0.4375
PF00004	15851	0.9583333333333334	0.9791666666666666	0.4791666666666667
PF00004	7674	0.9583333333333334	0.9583333333333334	0.4375
PF00004	7680	0.875	0.8958333333333334	0.5833333333333334
PF00004	15877	0.875	0.8958333333333334	0.4791666666666667
PF00004	15884	0.8541666666666666	0.8541666666666666	0.4583333333333333
PF00004	7694	0.9166666666666666	0.9166666666666666	0.4791666666666667
PF00004	15897	0.8541666666666666	0.9583333333333334	0.4791666666666667
PF00004	15902	0.9375	0.9583333333333334	0.5208333333333334
PF00004	7716	0.875	0.875	0.4791666666666667
PF00004	15914	0.75	0.8333333333333334	0.4583333333333333
PF00004	15922	0.8541666666666666	0.8541666666666666	0.5416666666666666
PF00004	15935	0.875	0.8958333333333334	0.4791666666666667
PF00004	15946	0.9166666666666666	0.9166666666666666	0.6041666666666666
PF00004	7762	0.875	0.8958333333333334	0.5625
PF00004	7778	0.8958333333333334	0.9375	0.4375
PF00004	7784	0.875	0.9375	0.5833333333333334
PF00004	15980	0.875	0.9375	0.4375
PF00004	15989	0.9166666666666666	0.9375	0.4791666666666667
PF00004	7805	0.9375	1.0	0.4583333333333333
PF00004	7806	0.9375	0.9375	0.4166666666666667
PF00004	16002	0.8958333333333334	0.9166666666666666	0.6041666666666666
PF00004	16003	0.8958333333333334	0.9166666666666666	0.5416666666666666
PF00004	7814	0.9166666666666666	0.9375	0.5625
PF00004	16015	0.9166666666666666	0.9375	0.5208333333333334
PF00004	16020	0.9583333333333334	0.9583333333333334	0.3541666666666667
PF00004	16024	0.8125	0.9166666666666666	0.5625
PF00004	7833	0.875	0.875	0.4791666666666667
PF00004	16033	0.9583333333333334	0.9583333333333334	0.4166666666666667
PF00004	7844	0.8125	0.8541666666666666	0.3958333333333333
PF00004	16036	1.0	1.0	0.5625
PF00004	7849	0.9583333333333334	0.9583333333333334	0.5
PF00004	16049	0.875	0.9166666666666666	0.6458333333333334
PF00004	7864	0.8958333333333334	0.9166666666666666	0.5
PF00004	16078	0.8958333333333334	0.9583333333333334	0.4791666666666667
PF00004	16083	0.8958333333333334	0.9375	0.5625
PF00004	16087	0.9166666666666666	0.9375	0.5416666666666666
PF00004	7907	1.0	1.0	0.5
PF00004	16107	0.8333333333333334	0.875	0.4166666666666667
PF00004	16128	0.8541666666666666	0.8541666666666666	0.5625
PF00004	7942	0.875	0.8541666666666666	0.4791666666666667
PF00004	16134	0.9166666666666666	0.9583333333333334	0.4583333333333333
PF00004	7944	0.8333333333333334	0.875	0.6041666666666666
PF00004	16158	0.9583333333333334	0.9375	0.5208333333333334
PF00004	7968	0.8125	0.8541666666666666	0.5
PF00004	7971	0.9166666666666666	0.9166666666666666	0.5
PF00004	16164	0.9166666666666666	0.9375	0.6666666666666666
PF00004	7974	0.8958333333333334	0.9166666666666666	0.5
PF00004	16171	0.9583333333333334	0.9583333333333334	0.6458333333333334
PF00004	7980	0.8125	0.8333333333333334	0.5416666666666666
PF00004	16174	0.875	0.8958333333333334	0.4583333333333333
PF00004	7985	0.875	0.8958333333333334	0.5
PF00004	7988	0.9375	0.9375	0.6041666666666666
PF00004	7990	0.9375	0.9375	0.4375
PF00004	7993	0.7708333333333334	0.7708333333333334	0.5208333333333334
PF00004	7995	0.9166666666666666	0.9375	0.5625
PF00004	7997	0.8958333333333334	0.9375	0.6041666666666666
PF00004	8003	0.9166666666666666	0.9375	0.4791666666666667
PF00004	8005	0.9375	0.9375	0.4375
PF00004	8007	0.9583333333333334	0.9583333333333334	0.5
PF00004	8008	0.8125	0.8333333333333334	0.5416666666666666
PF00004	16199	0.8958333333333334	0.9583333333333334	0.5833333333333334
PF00004	8018	0.8333333333333334	0.8541666666666666	0.4375
PF00004	16217	0.9583333333333334	0.9583333333333334	0.5208333333333334
PF00004	16221	0.9166666666666666	0.9583333333333334	0.5208333333333334
PF00004	8039	0.9375	0.9375	0.4166666666666667
PF00004	8042	0.8333333333333334	0.8541666666666666	0.5625
PF00004	16242	0.8125	0.8541666666666666	0.4375
PF00004	8051	0.8958333333333334	0.9166666666666666	0.6041666666666666
PF00004	16245	0.8333333333333334	0.8958333333333334	0.5416666666666666
PF00004	8054	0.9166666666666666	0.9375	0.5625
PF00004	8071	0.8541666666666666	0.8541666666666666	0.5
PF00004	8074	0.9583333333333334	0.9583333333333334	0.5416666666666666
PF00004	16282	0.8541666666666666	0.8958333333333334	0.5208333333333334
PF00004	16283	0.8541666666666666	0.875	0.5416666666666666
PF00004	8097	0.7916666666666666	0.8333333333333334	0.5
PF00004	8111	0.9166666666666666	0.8958333333333334	0.5625
PF00004	16310	0.9166666666666666	0.9166666666666666	0.6041666666666666
PF00004	8121	0.875	0.9375	0.5625
PF00004	16313	0.8958333333333334	0.9166666666666666	0.4583333333333333
PF00004	16315	0.8333333333333334	0.8958333333333334	0.5208333333333334
PF00004	8126	0.875	0.9166666666666666	0.4375
PF00004	8131	0.8958333333333334	0.8958333333333334	0.5416666666666666
PF00004	8134	0.9166666666666666	0.9166666666666666	0.4791666666666667
PF00004	16336	0.7916666666666666	0.7916666666666666	0.4583333333333333
PF00004	16337	0.875	0.8333333333333334	0.5625
PF00004	8151	0.875	0.9166666666666666	0.4583333333333333
PF00004	8153	0.9375	0.9375	0.6041666666666666
PF00004	8156	0.8541666666666666	0.875	0.5208333333333334
PF00004	16348	0.8333333333333334	0.8333333333333334	0.4583333333333333
PF00004	16354	0.9375	0.9583333333333334	0.5625
PF00004	8163	0.9166666666666666	0.9375	0.5416666666666666
PF00004	8173	0.9791666666666666	1.0	0.5833333333333334
PF00004	8174	0.9166666666666666	0.9166666666666666	0.5625
PF00004	16365	0.8125	0.8541666666666666	0.5625
PF00004	8176	0.7916666666666666	0.8333333333333334	0.5416666666666666
PF00004	16370	0.9166666666666666	0.9166666666666666	0.5416666666666666
PF00004	16371	0.875	0.875	0.5208333333333334
PF00004	16372	0.9166666666666666	0.9375	0.4166666666666667
PF00004	16379	0.8958333333333334	0.8958333333333334	0.5
PF00004	16381	0.8125	0.875	0.5416666666666666
PF00004	8190	0.9166666666666666	0.9375	0.5
